,0_0_0,0_0_1,0_0_2,0_0_3,0_0_4,0_0_5,0_0_6,0_1_0,0_1_1,0_1_2,0_1_3,0_1_4,0_1_5,0_2_0,0_2_1,0_2_2,0_2_3,0_2_4,0_3_0,0_3_1,0_3_2,0_3_3,0_4_0,0_4_1,0_4_2,0_5_0,0_5_1,0_6_0,1_0_0,1_0_1,1_0_2,1_0_3,1_0_4,1_0_5,1_1_0,1_1_1,1_1_2,1_1_3,1_1_4,1_2_0,1_2_1,1_2_2,1_2_3,1_3_0,1_3_1,1_3_2,1_4_0,1_4_1,1_5_0,2_0_0,2_0_1,2_0_2,2_0_3,2_0_4,2_1_0,2_1_1,2_1_2,2_1_3,2_2_0,2_2_1,2_2_2,2_3_0,2_3_1,2_4_0,3_0_0,3_0_1,3_0_2,3_0_3,3_1_0,3_1_1,3_1_2,3_2_0,3_2_1,3_3_0,4_0_0,4_0_1,4_0_2,4_1_0,4_1_1,4_2_0,5_0_0,5_0_1,5_1_0,6_0_0,6_6_6
0_0_0,1.0,0.0,0.0,0.0,0.0,0.0,0.0,0.0,0.0,0.0,0.0,0.0,0.0,0.0,0.0,0.0,0.0,0.0,0.0,0.0,0.0,0.0,0.0,0.0,0.0,0.0,0.0,0.0,0.0,0.0,0.0,0.0,0.0,0.0,0.0,0.0,0.0,0.0,0.0,0.0,0.0,0.0,0.0,0.0,0.0,0.0,0.0,0.0,0.0,0.0,0.0,0.0,0.0,0.0,0.0,0.0,0.0,0.0,0.0,0.0,0.0,0.0,0.0,0.0,0.0,0.0,0.0,0.0,0.0,0.0,0.0,0.0,0.0,0.0,0.0,0.0,0.0,0.0,0.0,0.0,0.0,0.0,0.0,0.0,0.0
0_0_1,0.05000000000000005,0.95,0.0,0.0,0.0,0.0,0.0,0.0,0.0,0.0,0.0,0.0,0.0,0.0,0.0,0.0,0.0,0.0,0.0,0.0,0.0,0.0,0.0,0.0,0.0,0.0,0.0,0.0,0.0,0.0,0.0,0.0,0.0,0.0,0.0,0.0,0.0,0.0,0.0,0.0,0.0,0.0,0.0,0.0,0.0,0.0,0.0,0.0,0.0,0.0,0.0,0.0,0.0,0.0,0.0,0.0,0.0,0.0,0.0,0.0,0.0,0.0,0.0,0.0,0.0,0.0,0.0,0.0,0.0,0.0,0.0,0.0,0.0,0.0,0.0,0.0,0.0,0.0,0.0,0.0,0.0,0.0,0.0,0.0,0.0
0_0_2,0.0025000000000000053,0.0950000000000001,0.9025,0.0,0.0,0.0,0.0,0.0,0.0,0.0,0.0,0.0,0.0,0.0,0.0,0.0,0.0,0.0,0.0,0.0,0.0,0.0,0.0,0.0,0.0,0.0,0.0,0.0,0.0,0.0,0.0,0.0,0.0,0.0,0.0,0.0,0.0,0.0,0.0,0.0,0.0,0.0,0.0,0.0,0.0,0.0,0.0,0.0,0.0,0.0,0.0,0.0,0.0,0.0,0.0,0.0,0.0,0.0,0.0,0.0,0.0,0.0,0.0,0.0,0.0,0.0,0.0,0.0,0.0,0.0,0.0,0.0,0.0,0.0,0.0,0.0,0.0,0.0,0.0,0.0,0.0,0.0,0.0,0.0,0.0
0_0_3,0.00012500000000000044,0.007125000000000013,0.1353750000000001,0.8573749999999999,0.0,0.0,0.0,0.0,0.0,0.0,0.0,0.0,0.0,0.0,0.0,0.0,0.0,0.0,0.0,0.0,0.0,0.0,0.0,0.0,0.0,0.0,0.0,0.0,0.0,0.0,0.0,0.0,0.0,0.0,0.0,0.0,0.0,0.0,0.0,0.0,0.0,0.0,0.0,0.0,0.0,0.0,0.0,0.0,0.0,0.0,0.0,0.0,0.0,0.0,0.0,0.0,0.0,0.0,0.0,0.0,0.0,0.0,0.0,0.0,0.0,0.0,0.0,0.0,0.0,0.0,0.0,0.0,0.0,0.0,0.0,0.0,0.0,0.0,0.0,0.0,0.0,0.0,0.0,0.0,0.0
0_0_4,6.250000000000026e-06,0.00047500000000000195,0.013537500000000032,0.17147500000000018,0.8145062499999999,0.0,0.0,0.0,0.0,0.0,0.0,0.0,0.0,0.0,0.0,0.0,0.0,0.0,0.0,0.0,0.0,0.0,0.0,0.0,0.0,0.0,0.0,0.0,0.0,0.0,0.0,0.0,0.0,0.0,0.0,0.0,0.0,0.0,0.0,0.0,0.0,0.0,0.0,0.0,0.0,0.0,0.0,0.0,0.0,0.0,0.0,0.0,0.0,0.0,0.0,0.0,0.0,0.0,0.0,0.0,0.0,0.0,0.0,0.0,0.0,0.0,0.0,0.0,0.0,0.0,0.0,0.0,0.0,0.0,0.0,0.0,0.0,0.0,0.0,0.0,0.0,0.0,0.0,0.0,0.0
0_0_5,3.1250000000000145e-07,2.9687500000000112e-05,0.0011281250000000041,0.021434375000000037,0.2036265625000001,0.7737809374999998,0.0,0.0,0.0,0.0,0.0,0.0,0.0,0.0,0.0,0.0,0.0,0.0,0.0,0.0,0.0,0.0,0.0,0.0,0.0,0.0,0.0,0.0,0.0,0.0,0.0,0.0,0.0,0.0,0.0,0.0,0.0,0.0,0.0,0.0,0.0,0.0,0.0,0.0,0.0,0.0,0.0,0.0,0.0,0.0,0.0,0.0,0.0,0.0,0.0,0.0,0.0,0.0,0.0,0.0,0.0,0.0,0.0,0.0,0.0,0.0,0.0,0.0,0.0,0.0,0.0,0.0,0.0,0.0,0.0,0.0,0.0,0.0,0.0,0.0,0.0,0.0,0.0,0.0,0.0
0_0_6,1.5625000000000112e-08,1.7812500000000081e-06,8.46093750000003e-05,0.0021434375000000086,0.030543984375000055,0.23213428125000027,0.7350918906249998,0.0,0.0,0.0,0.0,0.0,0.0,0.0,0.0,0.0,0.0,0.0,0.0,0.0,0.0,0.0,0.0,0.0,0.0,0.0,0.0,0.0,0.0,0.0,0.0,0.0,0.0,0.0,0.0,0.0,0.0,0.0,0.0,0.0,0.0,0.0,0.0,0.0,0.0,0.0,0.0,0.0,0.0,0.0,0.0,0.0,0.0,0.0,0.0,0.0,0.0,0.0,0.0,0.0,0.0,0.0,0.0,0.0,0.0,0.0,0.0,0.0,0.0,0.0,0.0,0.0,0.0,0.0,0.0,0.0,0.0,0.0,0.0,0.0,0.0,0.0,0.0,0.0,0.0
0_1_0,0.15000000000000002,0.0,0.0,0.0,0.0,0.0,0.0,0.85,0.0,0.0,0.0,0.0,0.0,0.0,0.0,0.0,0.0,0.0,0.0,0.0,0.0,0.0,0.0,0.0,0.0,0.0,0.0,0.0,0.0,0.0,0.0,0.0,0.0,0.0,0.0,0.0,0.0,0.0,0.0,0.0,0.0,0.0,0.0,0.0,0.0,0.0,0.0,0.0,0.0,0.0,0.0,0.0,0.0,0.0,0.0,0.0,0.0,0.0,0.0,0.0,0.0,0.0,0.0,0.0,0.0,0.0,0.0,0.0,0.0,0.0,0.0,0.0,0.0,0.0,0.0,0.0,0.0,0.0,0.0,0.0,0.0,0.0,0.0,0.0,0.0
0_1_1,0.007500000000000008,0.14250000000000002,0.0,0.0,0.0,0.0,0.0,0.042500000000000045,0.8075,0.0,0.0,0.0,0.0,0.0,0.0,0.0,0.0,0.0,0.0,0.0,0.0,0.0,0.0,0.0,0.0,0.0,0.0,0.0,0.0,0.0,0.0,0.0,0.0,0.0,0.0,0.0,0.0,0.0,0.0,0.0,0.0,0.0,0.0,0.0,0.0,0.0,0.0,0.0,0.0,0.0,0.0,0.0,0.0,0.0,0.0,0.0,0.0,0.0,0.0,0.0,0.0,0.0,0.0,0.0,0.0,0.0,0.0,0.0,0.0,0.0,0.0,0.0,0.0,0.0,0.0,0.0,0.0,0.0,0.0,0.0,0.0,0.0,0.0,0.0,0.0
0_1_2,0.0003750000000000008,0.014250000000000016,0.13537500000000002,0.0,0.0,0.0,0.0,0.0021250000000000045,0.08075000000000009,0.767125,0.0,0.0,0.0,0.0,0.0,0.0,0.0,0.0,0.0,0.0,0.0,0.0,0.0,0.0,0.0,0.0,0.0,0.0,0.0,0.0,0.0,0.0,0.0,0.0,0.0,0.0,0.0,0.0,0.0,0.0,0.0,0.0,0.0,0.0,0.0,0.0,0.0,0.0,0.0,0.0,0.0,0.0,0.0,0.0,0.0,0.0,0.0,0.0,0.0,0.0,0.0,0.0,0.0,0.0,0.0,0.0,0.0,0.0,0.0,0.0,0.0,0.0,0.0,0.0,0.0,0.0,0.0,0.0,0.0,0.0,0.0,0.0,0.0,0.0,0.0
0_1_3,1.875000000000007e-05,0.0010687500000000022,0.02030625000000002,0.12860625,0.0,0.0,0.0,0.00010625000000000037,0.006056250000000011,0.11506875000000008,0.7287687499999999,0.0,0.0,0.0,0.0,0.0,0.0,0.0,0.0,0.0,0.0,0.0,0.0,0.0,0.0,0.0,0.0,0.0,0.0,0.0,0.0,0.0,0.0,0.0,0.0,0.0,0.0,0.0,0.0,0.0,0.0,0.0,0.0,0.0,0.0,0.0,0.0,0.0,0.0,0.0,0.0,0.0,0.0,0.0,0.0,0.0,0.0,0.0,0.0,0.0,0.0,0.0,0.0,0.0,0.0,0.0,0.0,0.0,0.0,0.0,0.0,0.0,0.0,0.0,0.0,0.0,0.0,0.0,0.0,0.0,0.0,0.0,0.0,0.0,0.0
0_1_4,9.37500000000004e-07,7.125000000000031e-05,0.002030625000000005,0.025721250000000032,0.1221759375,0.0,0.0,5.3125000000000216e-06,0.00040375000000000166,0.011506875000000027,0.14575375000000015,0.6923303124999999,0.0,0.0,0.0,0.0,0.0,0.0,0.0,0.0,0.0,0.0,0.0,0.0,0.0,0.0,0.0,0.0,0.0,0.0,0.0,0.0,0.0,0.0,0.0,0.0,0.0,0.0,0.0,0.0,0.0,0.0,0.0,0.0,0.0,0.0,0.0,0.0,0.0,0.0,0.0,0.0,0.0,0.0,0.0,0.0,0.0,0.0,0.0,0.0,0.0,0.0,0.0,0.0,0.0,0.0,0.0,0.0,0.0,0.0,0.0,0.0,0.0,0.0,0.0,0.0,0.0,0.0,0.0,0.0,0.0,0.0,0.0,0.0,0.0
0_1_5,4.6875000000000226e-08,4.453125000000018e-06,0.00016921875000000064,0.0032151562500000058,0.03054398437500002,0.11606714062499998,0.0,2.656250000000012e-07,2.5234375000000093e-05,0.0009589062500000035,0.01821921875000003,0.17308257812500008,0.6577137968749998,0.0,0.0,0.0,0.0,0.0,0.0,0.0,0.0,0.0,0.0,0.0,0.0,0.0,0.0,0.0,0.0,0.0,0.0,0.0,0.0,0.0,0.0,0.0,0.0,0.0,0.0,0.0,0.0,0.0,0.0,0.0,0.0,0.0,0.0,0.0,0.0,0.0,0.0,0.0,0.0,0.0,0.0,0.0,0.0,0.0,0.0,0.0,0.0,0.0,0.0,0.0,0.0,0.0,0.0,0.0,0.0,0.0,0.0,0.0,0.0,0.0,0.0,0.0,0.0,0.0,0.0,0.0,0.0,0.0,0.0,0.0,0.0
0_2_0,0.02250000000000001,0.0,0.0,0.0,0.0,0.0,0.0,0.25500000000000006,0.0,0.0,0.0,0.0,0.0,0.7224999999999999,0.0,0.0,0.0,0.0,0.0,0.0,0.0,0.0,0.0,0.0,0.0,0.0,0.0,0.0,0.0,0.0,0.0,0.0,0.0,0.0,0.0,0.0,0.0,0.0,0.0,0.0,0.0,0.0,0.0,0.0,0.0,0.0,0.0,0.0,0.0,0.0,0.0,0.0,0.0,0.0,0.0,0.0,0.0,0.0,0.0,0.0,0.0,0.0,0.0,0.0,0.0,0.0,0.0,0.0,0.0,0.0,0.0,0.0,0.0,0.0,0.0,0.0,0.0,0.0,0.0,0.0,0.0,0.0,0.0,0.0,0.0
0_2_1,0.0011250000000000016,0.02137500000000001,0.0,0.0,0.0,0.0,0.0,0.012750000000000017,0.24225000000000005,0.0,0.0,0.0,0.0,0.03612500000000003,0.6863749999999998,0.0,0.0,0.0,0.0,0.0,0.0,0.0,0.0,0.0,0.0,0.0,0.0,0.0,0.0,0.0,0.0,0.0,0.0,0.0,0.0,0.0,0.0,0.0,0.0,0.0,0.0,0.0,0.0,0.0,0.0,0.0,0.0,0.0,0.0,0.0,0.0,0.0,0.0,0.0,0.0,0.0,0.0,0.0,0.0,0.0,0.0,0.0,0.0,0.0,0.0,0.0,0.0,0.0,0.0,0.0,0.0,0.0,0.0,0.0,0.0,0.0,0.0,0.0,0.0,0.0,0.0,0.0,0.0,0.0,0.0
0_2_2,5.625000000000014e-05,0.002137500000000003,0.02030625000000001,0.0,0.0,0.0,0.0,0.0006375000000000015,0.02422500000000003,0.23013750000000005,0.0,0.0,0.0,0.0018062500000000036,0.06863750000000006,0.6520562499999999,0.0,0.0,0.0,0.0,0.0,0.0,0.0,0.0,0.0,0.0,0.0,0.0,0.0,0.0,0.0,0.0,0.0,0.0,0.0,0.0,0.0,0.0,0.0,0.0,0.0,0.0,0.0,0.0,0.0,0.0,0.0,0.0,0.0,0.0,0.0,0.0,0.0,0.0,0.0,0.0,0.0,0.0,0.0,0.0,0.0,0.0,0.0,0.0,0.0,0.0,0.0,0.0,0.0,0.0,0.0,0.0,0.0,0.0,0.0,0.0,0.0,0.0,0.0,0.0,0.0,0.0,0.0,0.0,0.0
0_2_3,2.812500000000011e-06,0.00016031250000000038,0.0030459375000000035,0.019290937500000004,0.0,0.0,0.0,3.187500000000012e-05,0.0018168750000000038,0.034520625000000034,0.21863062500000002,0.0,0.0,9.03125000000003e-05,0.005147812500000009,0.09780843750000007,0.6194534374999998,0.0,0.0,0.0,0.0,0.0,0.0,0.0,0.0,0.0,0.0,0.0,0.0,0.0,0.0,0.0,0.0,0.0,0.0,0.0,0.0,0.0,0.0,0.0,0.0,0.0,0.0,0.0,0.0,0.0,0.0,0.0,0.0,0.0,0.0,0.0,0.0,0.0,0.0,0.0,0.0,0.0,0.0,0.0,0.0,0.0,0.0,0.0,0.0,0.0,0.0,0.0,0.0,0.0,0.0,0.0,0.0,0.0,0.0,0.0,0.0,0.0,0.0,0.0,0.0,0.0,0.0,0.0,0.0
0_2_4,1.4062500000000064e-07,1.0687500000000048e-05,0.00030459375000000083,0.0038581875000000057,0.018326390625000005,0.0,0.0,1.593750000000007e-06,0.00012112500000000053,0.003452062500000009,0.04372612500000006,0.20769909375,0.0,4.515625000000018e-06,0.00034318750000000137,0.009780843750000021,0.12389068750000012,0.5884807656249998,0.0,0.0,0.0,0.0,0.0,0.0,0.0,0.0,0.0,0.0,0.0,0.0,0.0,0.0,0.0,0.0,0.0,0.0,0.0,0.0,0.0,0.0,0.0,0.0,0.0,0.0,0.0,0.0,0.0,0.0,0.0,0.0,0.0,0.0,0.0,0.0,0.0,0.0,0.0,0.0,0.0,0.0,0.0,0.0,0.0,0.0,0.0,0.0,0.0,0.0,0.0,0.0,0.0,0.0,0.0,0.0,0.0,0.0,0.0,0.0,0.0,0.0,0.0,0.0,0.0,0.0,0.0
0_3_0,0.003375000000000003,0.0,0.0,0.0,0.0,0.0,0.0,0.05737500000000001,0.0,0.0,0.0,0.0,0.0,0.32512500000000005,0.0,0.0,0.0,0.0,0.6141249999999999,0.0,0.0,0.0,0.0,0.0,0.0,0.0,0.0,0.0,0.0,0.0,0.0,0.0,0.0,0.0,0.0,0.0,0.0,0.0,0.0,0.0,0.0,0.0,0.0,0.0,0.0,0.0,0.0,0.0,0.0,0.0,0.0,0.0,0.0,0.0,0.0,0.0,0.0,0.0,0.0,0.0,0.0,0.0,0.0,0.0,0.0,0.0,0.0,0.0,0.0,0.0,0.0,0.0,0.0,0.0,0.0,0.0,0.0,0.0,0.0,0.0,0.0,0.0,0.0,0.0,0.0
0_3_1,0.00016875000000000033,0.0032062500000000025,0.0,0.0,0.0,0.0,0.0,0.0028687500000000032,0.054506250000000006,0.0,0.0,0.0,0.0,0.01625625000000002,0.30886875,0.0,0.0,0.0,0.03070625000000003,0.5834187499999999,0.0,0.0,0.0,0.0,0.0,0.0,0.0,0.0,0.0,0.0,0.0,0.0,0.0,0.0,0.0,0.0,0.0,0.0,0.0,0.0,0.0,0.0,0.0,0.0,0.0,0.0,0.0,0.0,0.0,0.0,0.0,0.0,0.0,0.0,0.0,0.0,0.0,0.0,0.0,0.0,0.0,0.0,0.0,0.0,0.0,0.0,0.0,0.0,0.0,0.0,0.0,0.0,0.0,0.0,0.0,0.0,0.0,0.0,0.0,0.0,0.0,0.0,0.0,0.0,0.0
0_3_2,8.437500000000026e-06,0.0003206250000000006,0.0030459375000000026,0.0,0.0,0.0,0.0,0.00014343750000000034,0.005450625000000007,0.051780937500000006,0.0,0.0,0.0,0.0008128125000000018,0.030886875000000036,0.29342531250000004,0.0,0.0,0.001535312500000003,0.05834187500000005,0.5542478124999999,0.0,0.0,0.0,0.0,0.0,0.0,0.0,0.0,0.0,0.0,0.0,0.0,0.0,0.0,0.0,0.0,0.0,0.0,0.0,0.0,0.0,0.0,0.0,0.0,0.0,0.0,0.0,0.0,0.0,0.0,0.0,0.0,0.0,0.0,0.0,0.0,0.0,0.0,0.0,0.0,0.0,0.0,0.0,0.0,0.0,0.0,0.0,0.0,0.0,0.0,0.0,0.0,0.0,0.0,0.0,0.0,0.0,0.0,0.0,0.0,0.0,0.0,0.0,0.0
0_3_3,4.2187500000000184e-07,2.4046875000000068e-05,0.00045689062500000075,0.002893640625000002,0.0,0.0,0.0,7.171875000000026e-06,0.00040879687500000085,0.007767140625000007,0.049191890625,0.0,0.0,4.064062500000015e-05,0.0023165156250000048,0.04401379687500004,0.278754046875,0.0,7.676562500000025e-05,0.0043756406250000076,0.08313717187500005,0.5265354218749999,0.0,0.0,0.0,0.0,0.0,0.0,0.0,0.0,0.0,0.0,0.0,0.0,0.0,0.0,0.0,0.0,0.0,0.0,0.0,0.0,0.0,0.0,0.0,0.0,0.0,0.0,0.0,0.0,0.0,0.0,0.0,0.0,0.0,0.0,0.0,0.0,0.0,0.0,0.0,0.0,0.0,0.0,0.0,0.0,0.0,0.0,0.0,0.0,0.0,0.0,0.0,0.0,0.0,0.0,0.0,0.0,0.0,0.0,0.0,0.0,0.0,0.0,0.0
0_4_0,0.0005062500000000005,0.0,0.0,0.0,0.0,0.0,0.0,0.01147500000000001,0.0,0.0,0.0,0.0,0.0,0.09753750000000008,0.0,0.0,0.0,0.0,0.3684750000000001,0.0,0.0,0.0,0.5220062499999999,0.0,0.0,0.0,0.0,0.0,0.0,0.0,0.0,0.0,0.0,0.0,0.0,0.0,0.0,0.0,0.0,0.0,0.0,0.0,0.0,0.0,0.0,0.0,0.0,0.0,0.0,0.0,0.0,0.0,0.0,0.0,0.0,0.0,0.0,0.0,0.0,0.0,0.0,0.0,0.0,0.0,0.0,0.0,0.0,0.0,0.0,0.0,0.0,0.0,0.0,0.0,0.0,0.0,0.0,0.0,0.0,0.0,0.0,0.0,0.0,0.0,0.0
0_4_1,2.5312500000000053e-05,0.00048093750000000046,0.0,0.0,0.0,0.0,0.0,0.000573750000000001,0.010901250000000008,0.0,0.0,0.0,0.0,0.004876875000000009,0.09266062500000008,0.0,0.0,0.0,0.018423750000000023,0.3500512500000001,0.0,0.0,0.02610031250000002,0.4959059374999999,0.0,0.0,0.0,0.0,0.0,0.0,0.0,0.0,0.0,0.0,0.0,0.0,0.0,0.0,0.0,0.0,0.0,0.0,0.0,0.0,0.0,0.0,0.0,0.0,0.0,0.0,0.0,0.0,0.0,0.0,0.0,0.0,0.0,0.0,0.0,0.0,0.0,0.0,0.0,0.0,0.0,0.0,0.0,0.0,0.0,0.0,0.0,0.0,0.0,0.0,0.0,0.0,0.0,0.0,0.0,0.0,0.0,0.0,0.0,0.0,0.0
0_4_2,1.2656250000000039e-06,4.80937500000001e-05,0.00045689062500000043,0.0,0.0,0.0,0.0,2.8687500000000084e-05,0.0010901250000000021,0.010356187500000008,0.0,0.0,0.0,0.0002438437500000007,0.009266062500000017,0.08802759375000008,0.0,0.0,0.0009211875000000022,0.03500512500000005,0.3325486875000001,0.0,0.0013050156250000026,0.049590593750000043,0.4711106406249999,0.0,0.0,0.0,0.0,0.0,0.0,0.0,0.0,0.0,0.0,0.0,0.0,0.0,0.0,0.0,0.0,0.0,0.0,0.0,0.0,0.0,0.0,0.0,0.0,0.0,0.0,0.0,0.0,0.0,0.0,0.0,0.0,0.0,0.0,0.0,0.0,0.0,0.0,0.0,0.0,0.0,0.0,0.0,0.0,0.0,0.0,0.0,0.0,0.0,0.0,0.0,0.0,0.0,0.0,0.0,0.0,0.0,0.0,0.0,0.0
0_5_0,7.593750000000013e-05,0.0,0.0,0.0,0.0,0.0,0.0,0.002151562500000002,0.0,0.0,0.0,0.0,0.0,0.024384375000000017,0.0,0.0,0.0,0.0,0.138178125,0.0,0.0,0.0,0.39150468749999995,0.0,0.0,0.44370531249999995,0.0,0.0,0.0,0.0,0.0,0.0,0.0,0.0,0.0,0.0,0.0,0.0,0.0,0.0,0.0,0.0,0.0,0.0,0.0,0.0,0.0,0.0,0.0,0.0,0.0,0.0,0.0,0.0,0.0,0.0,0.0,0.0,0.0,0.0,0.0,0.0,0.0,0.0,0.0,0.0,0.0,0.0,0.0,0.0,0.0,0.0,0.0,0.0,0.0,0.0,0.0,0.0,0.0,0.0,0.0,0.0,0.0,0.0,0.0
0_5_1,3.7968750000000106e-06,7.214062500000012e-05,0.0,0.0,0.0,0.0,0.0,0.00010757812500000021,0.002043984375000002,0.0,0.0,0.0,0.0,0.0012192187500000022,0.023165156250000016,0.0,0.0,0.0,0.006908906250000008,0.13126921875,0.0,0.0,0.019575234375000018,0.3719294531249999,0.0,0.02218526562500002,0.42152004687499994,0.0,0.0,0.0,0.0,0.0,0.0,0.0,0.0,0.0,0.0,0.0,0.0,0.0,0.0,0.0,0.0,0.0,0.0,0.0,0.0,0.0,0.0,0.0,0.0,0.0,0.0,0.0,0.0,0.0,0.0,0.0,0.0,0.0,0.0,0.0,0.0,0.0,0.0,0.0,0.0,0.0,0.0,0.0,0.0,0.0,0.0,0.0,0.0,0.0,0.0,0.0,0.0,0.0,0.0,0.0,0.0,0.0,0.0
0_6_0,1.1390625000000021e-05,0.0,0.0,0.0,0.0,0.0,0.0,0.0003872812500000008,0.0,0.0,0.0,0.0,0.0,0.005486484375000005,0.0,0.0,0.0,0.0,0.041453437500000044,0.0,0.0,0.0,0.17617710937500008,0.0,0.0,0.3993347812500002,0.0,0.37714951562499993,0.0,0.0,0.0,0.0,0.0,0.0,0.0,0.0,0.0,0.0,0.0,0.0,0.0,0.0,0.0,0.0,0.0,0.0,0.0,0.0,0.0,0.0,0.0,0.0,0.0,0.0,0.0,0.0,0.0,0.0,0.0,0.0,0.0,0.0,0.0,0.0,0.0,0.0,0.0,0.0,0.0,0.0,0.0,0.0,0.0,0.0,0.0,0.0,0.0,0.0,0.0,0.0,0.0,0.0,0.0,0.0,0.0
1_0_0,0.25,0.0,0.0,0.0,0.0,0.0,0.0,0.0,0.0,0.0,0.0,0.0,0.0,0.0,0.0,0.0,0.0,0.0,0.0,0.0,0.0,0.0,0.0,0.0,0.0,0.0,0.0,0.0,0.75,0.0,0.0,0.0,0.0,0.0,0.0,0.0,0.0,0.0,0.0,0.0,0.0,0.0,0.0,0.0,0.0,0.0,0.0,0.0,0.0,0.0,0.0,0.0,0.0,0.0,0.0,0.0,0.0,0.0,0.0,0.0,0.0,0.0,0.0,0.0,0.0,0.0,0.0,0.0,0.0,0.0,0.0,0.0,0.0,0.0,0.0,0.0,0.0,0.0,0.0,0.0,0.0,0.0,0.0,0.0,0.0
1_0_1,0.012500000000000013,0.2375,0.0,0.0,0.0,0.0,0.0,0.0,0.0,0.0,0.0,0.0,0.0,0.0,0.0,0.0,0.0,0.0,0.0,0.0,0.0,0.0,0.0,0.0,0.0,0.0,0.0,0.0,0.03750000000000004,0.7124999999999999,0.0,0.0,0.0,0.0,0.0,0.0,0.0,0.0,0.0,0.0,0.0,0.0,0.0,0.0,0.0,0.0,0.0,0.0,0.0,0.0,0.0,0.0,0.0,0.0,0.0,0.0,0.0,0.0,0.0,0.0,0.0,0.0,0.0,0.0,0.0,0.0,0.0,0.0,0.0,0.0,0.0,0.0,0.0,0.0,0.0,0.0,0.0,0.0,0.0,0.0,0.0,0.0,0.0,0.0,0.0
1_0_2,0.0006250000000000013,0.023750000000000025,0.225625,0.0,0.0,0.0,0.0,0.0,0.0,0.0,0.0,0.0,0.0,0.0,0.0,0.0,0.0,0.0,0.0,0.0,0.0,0.0,0.0,0.0,0.0,0.0,0.0,0.0,0.0018750000000000038,0.07125000000000008,0.676875,0.0,0.0,0.0,0.0,0.0,0.0,0.0,0.0,0.0,0.0,0.0,0.0,0.0,0.0,0.0,0.0,0.0,0.0,0.0,0.0,0.0,0.0,0.0,0.0,0.0,0.0,0.0,0.0,0.0,0.0,0.0,0.0,0.0,0.0,0.0,0.0,0.0,0.0,0.0,0.0,0.0,0.0,0.0,0.0,0.0,0.0,0.0,0.0,0.0,0.0,0.0,0.0,0.0,0.0
1_0_3,3.125000000000011e-05,0.0017812500000000033,0.03384375000000003,0.21434374999999997,0.0,0.0,0.0,0.0,0.0,0.0,0.0,0.0,0.0,0.0,0.0,0.0,0.0,0.0,0.0,0.0,0.0,0.0,0.0,0.0,0.0,0.0,0.0,0.0,9.375000000000033e-05,0.00534375000000001,0.10153125000000007,0.6430312499999999,0.0,0.0,0.0,0.0,0.0,0.0,0.0,0.0,0.0,0.0,0.0,0.0,0.0,0.0,0.0,0.0,0.0,0.0,0.0,0.0,0.0,0.0,0.0,0.0,0.0,0.0,0.0,0.0,0.0,0.0,0.0,0.0,0.0,0.0,0.0,0.0,0.0,0.0,0.0,0.0,0.0,0.0,0.0,0.0,0.0,0.0,0.0,0.0,0.0,0.0,0.0,0.0,0.0
1_0_4,1.5625000000000064e-06,0.00011875000000000049,0.003384375000000008,0.042868750000000046,0.20362656249999997,0.0,0.0,0.0,0.0,0.0,0.0,0.0,0.0,0.0,0.0,0.0,0.0,0.0,0.0,0.0,0.0,0.0,0.0,0.0,0.0,0.0,0.0,0.0,4.687500000000019e-06,0.0003562500000000015,0.010153125000000023,0.12860625000000014,0.6108796874999999,0.0,0.0,0.0,0.0,0.0,0.0,0.0,0.0,0.0,0.0,0.0,0.0,0.0,0.0,0.0,0.0,0.0,0.0,0.0,0.0,0.0,0.0,0.0,0.0,0.0,0.0,0.0,0.0,0.0,0.0,0.0,0.0,0.0,0.0,0.0,0.0,0.0,0.0,0.0,0.0,0.0,0.0,0.0,0.0,0.0,0.0,0.0,0.0,0.0,0.0,0.0,0.0
1_0_5,7.812500000000036e-08,7.421875000000028e-06,0.00028203125000000103,0.005358593750000009,0.05090664062500003,0.19344523437499994,0.0,0.0,0.0,0.0,0.0,0.0,0.0,0.0,0.0,0.0,0.0,0.0,0.0,0.0,0.0,0.0,0.0,0.0,0.0,0.0,0.0,0.0,2.343750000000011e-07,2.2265625000000082e-05,0.0008460937500000031,0.01607578125000003,0.15271992187500008,0.5803357031249998,0.0,0.0,0.0,0.0,0.0,0.0,0.0,0.0,0.0,0.0,0.0,0.0,0.0,0.0,0.0,0.0,0.0,0.0,0.0,0.0,0.0,0.0,0.0,0.0,0.0,0.0,0.0,0.0,0.0,0.0,0.0,0.0,0.0,0.0,0.0,0.0,0.0,0.0,0.0,0.0,0.0,0.0,0.0,0.0,0.0,0.0,0.0,0.0,0.0,0.0,0.0
1_1_0,0.037500000000000006,0.0,0.0,0.0,0.0,0.0,0.0,0.2125,0.0,0.0,0.0,0.0,0.0,0.0,0.0,0.0,0.0,0.0,0.0,0.0,0.0,0.0,0.0,0.0,0.0,0.0,0.0,0.0,0.11250000000000002,0.0,0.0,0.0,0.0,0.0,0.6375,0.0,0.0,0.0,0.0,0.0,0.0,0.0,0.0,0.0,0.0,0.0,0.0,0.0,0.0,0.0,0.0,0.0,0.0,0.0,0.0,0.0,0.0,0.0,0.0,0.0,0.0,0.0,0.0,0.0,0.0,0.0,0.0,0.0,0.0,0.0,0.0,0.0,0.0,0.0,0.0,0.0,0.0,0.0,0.0,0.0,0.0,0.0,0.0,0.0,0.0
1_1_1,0.001875000000000002,0.035625000000000004,0.0,0.0,0.0,0.0,0.0,0.010625000000000011,0.201875,0.0,0.0,0.0,0.0,0.0,0.0,0.0,0.0,0.0,0.0,0.0,0.0,0.0,0.0,0.0,0.0,0.0,0.0,0.0,0.005625000000000007,0.10687500000000001,0.0,0.0,0.0,0.0,0.03187500000000003,0.605625,0.0,0.0,0.0,0.0,0.0,0.0,0.0,0.0,0.0,0.0,0.0,0.0,0.0,0.0,0.0,0.0,0.0,0.0,0.0,0.0,0.0,0.0,0.0,0.0,0.0,0.0,0.0,0.0,0.0,0.0,0.0,0.0,0.0,0.0,0.0,0.0,0.0,0.0,0.0,0.0,0.0,0.0,0.0,0.0,0.0,0.0,0.0,0.0,0.0
1_1_2,9.37500000000002e-05,0.003562500000000004,0.033843750000000006,0.0,0.0,0.0,0.0,0.0005312500000000011,0.02018750000000002,0.19178125,0.0,0.0,0.0,0.0,0.0,0.0,0.0,0.0,0.0,0.0,0.0,0.0,0.0,0.0,0.0,0.0,0.0,0.0,0.00028125000000000063,0.010687500000000013,0.10153125000000002,0.0,0.0,0.0,0.0015937500000000032,0.06056250000000006,0.5753437499999999,0.0,0.0,0.0,0.0,0.0,0.0,0.0,0.0,0.0,0.0,0.0,0.0,0.0,0.0,0.0,0.0,0.0,0.0,0.0,0.0,0.0,0.0,0.0,0.0,0.0,0.0,0.0,0.0,0.0,0.0,0.0,0.0,0.0,0.0,0.0,0.0,0.0,0.0,0.0,0.0,0.0,0.0,0.0,0.0,0.0,0.0,0.0,0.0
1_1_3,4.687500000000017e-06,0.00026718750000000055,0.005076562500000005,0.0321515625,0.0,0.0,0.0,2.6562500000000093e-05,0.0015140625000000028,0.02876718750000002,0.18219218749999996,0.0,0.0,0.0,0.0,0.0,0.0,0.0,0.0,0.0,0.0,0.0,0.0,0.0,0.0,0.0,0.0,0.0,1.406250000000005e-05,0.0008015625000000016,0.015229687500000014,0.0964546875,0.0,0.0,7.968750000000028e-05,0.004542187500000008,0.08630156250000007,0.5465765624999999,0.0,0.0,0.0,0.0,0.0,0.0,0.0,0.0,0.0,0.0,0.0,0.0,0.0,0.0,0.0,0.0,0.0,0.0,0.0,0.0,0.0,0.0,0.0,0.0,0.0,0.0,0.0,0.0,0.0,0.0,0.0,0.0,0.0,0.0,0.0,0.0,0.0,0.0,0.0,0.0,0.0,0.0,0.0,0.0,0.0,0.0,0.0
1_1_4,2.34375000000001e-07,1.7812500000000077e-05,0.0005076562500000013,0.006430312500000008,0.030543984375,0.0,0.0,1.3281250000000054e-06,0.00010093750000000041,0.002876718750000007,0.03643843750000004,0.17308257812499997,0.0,0.0,0.0,0.0,0.0,0.0,0.0,0.0,0.0,0.0,0.0,0.0,0.0,0.0,0.0,0.0,7.03125000000003e-07,5.343750000000023e-05,0.001522968750000004,0.019290937500000025,0.091631953125,0.0,3.984375000000016e-06,0.0003028125000000012,0.00863015625000002,0.10931531250000011,0.5192477343749999,0.0,0.0,0.0,0.0,0.0,0.0,0.0,0.0,0.0,0.0,0.0,0.0,0.0,0.0,0.0,0.0,0.0,0.0,0.0,0.0,0.0,0.0,0.0,0.0,0.0,0.0,0.0,0.0,0.0,0.0,0.0,0.0,0.0,0.0,0.0,0.0,0.0,0.0,0.0,0.0,0.0,0.0,0.0,0.0,0.0,0.0
1_2_0,0.005625000000000002,0.0,0.0,0.0,0.0,0.0,0.0,0.06375000000000001,0.0,0.0,0.0,0.0,0.0,0.18062499999999998,0.0,0.0,0.0,0.0,0.0,0.0,0.0,0.0,0.0,0.0,0.0,0.0,0.0,0.0,0.016875000000000008,0.0,0.0,0.0,0.0,0.0,0.19125000000000003,0.0,0.0,0.0,0.0,0.5418749999999999,0.0,0.0,0.0,0.0,0.0,0.0,0.0,0.0,0.0,0.0,0.0,0.0,0.0,0.0,0.0,0.0,0.0,0.0,0.0,0.0,0.0,0.0,0.0,0.0,0.0,0.0,0.0,0.0,0.0,0.0,0.0,0.0,0.0,0.0,0.0,0.0,0.0,0.0,0.0,0.0,0.0,0.0,0.0,0.0,0.0
1_2_1,0.0002812500000000004,0.005343750000000002,0.0,0.0,0.0,0.0,0.0,0.003187500000000004,0.06056250000000001,0.0,0.0,0.0,0.0,0.009031250000000008,0.17159374999999996,0.0,0.0,0.0,0.0,0.0,0.0,0.0,0.0,0.0,0.0,0.0,0.0,0.0,0.0008437500000000013,0.016031250000000007,0.0,0.0,0.0,0.0,0.009562500000000012,0.18168750000000003,0.0,0.0,0.0,0.02709375000000002,0.5147812499999999,0.0,0.0,0.0,0.0,0.0,0.0,0.0,0.0,0.0,0.0,0.0,0.0,0.0,0.0,0.0,0.0,0.0,0.0,0.0,0.0,0.0,0.0,0.0,0.0,0.0,0.0,0.0,0.0,0.0,0.0,0.0,0.0,0.0,0.0,0.0,0.0,0.0,0.0,0.0,0.0,0.0,0.0,0.0,0.0
1_2_2,1.4062500000000035e-05,0.0005343750000000008,0.005076562500000002,0.0,0.0,0.0,0.0,0.00015937500000000036,0.006056250000000008,0.05753437500000001,0.0,0.0,0.0,0.0004515625000000009,0.017159375000000015,0.16301406249999997,0.0,0.0,0.0,0.0,0.0,0.0,0.0,0.0,0.0,0.0,0.0,0.0,4.218750000000011e-05,0.0016031250000000023,0.015229687500000007,0.0,0.0,0.0,0.00047812500000000106,0.01816875000000002,0.17260312500000002,0.0,0.0,0.0013546875000000026,0.05147812500000004,0.4890421874999999,0.0,0.0,0.0,0.0,0.0,0.0,0.0,0.0,0.0,0.0,0.0,0.0,0.0,0.0,0.0,0.0,0.0,0.0,0.0,0.0,0.0,0.0,0.0,0.0,0.0,0.0,0.0,0.0,0.0,0.0,0.0,0.0,0.0,0.0,0.0,0.0,0.0,0.0,0.0,0.0,0.0,0.0,0.0
1_2_3,7.031250000000028e-07,4.0078125000000095e-05,0.0007614843750000009,0.004822734375000001,0.0,0.0,0.0,7.96875000000003e-06,0.00045421875000000095,0.008630156250000008,0.054657656250000006,0.0,0.0,2.2578125000000076e-05,0.0012869531250000023,0.024452109375000017,0.15486335937499995,0.0,0.0,0.0,0.0,0.0,0.0,0.0,0.0,0.0,0.0,0.0,2.1093750000000085e-06,0.00012023437500000028,0.002284453125000003,0.014468203125000006,0.0,0.0,2.3906250000000086e-05,0.0013626562500000028,0.025890468750000024,0.16397296875,0.0,6.773437500000022e-05,0.003860859375000006,0.07335632812500004,0.46459007812499986,0.0,0.0,0.0,0.0,0.0,0.0,0.0,0.0,0.0,0.0,0.0,0.0,0.0,0.0,0.0,0.0,0.0,0.0,0.0,0.0,0.0,0.0,0.0,0.0,0.0,0.0,0.0,0.0,0.0,0.0,0.0,0.0,0.0,0.0,0.0,0.0,0.0,0.0,0.0,0.0,0.0,0.0
1_3_0,0.0008437500000000007,0.0,0.0,0.0,0.0,0.0,0.0,0.014343750000000002,0.0,0.0,0.0,0.0,0.0,0.08128125000000001,0.0,0.0,0.0,0.0,0.15353124999999998,0.0,0.0,0.0,0.0,0.0,0.0,0.0,0.0,0.0,0.0025312500000000022,0.0,0.0,0.0,0.0,0.0,0.04303125000000001,0.0,0.0,0.0,0.0,0.24384375000000003,0.0,0.0,0.0,0.4605937499999999,0.0,0.0,0.0,0.0,0.0,0.0,0.0,0.0,0.0,0.0,0.0,0.0,0.0,0.0,0.0,0.0,0.0,0.0,0.0,0.0,0.0,0.0,0.0,0.0,0.0,0.0,0.0,0.0,0.0,0.0,0.0,0.0,0.0,0.0,0.0,0.0,0.0,0.0,0.0,0.0,0.0
1_3_1,4.2187500000000084e-05,0.0008015625000000006,0.0,0.0,0.0,0.0,0.0,0.0007171875000000008,0.013626562500000002,0.0,0.0,0.0,0.0,0.004064062500000005,0.0772171875,0.0,0.0,0.0,0.007676562500000007,0.14585468749999997,0.0,0.0,0.0,0.0,0.0,0.0,0.0,0.0,0.00012656250000000024,0.002404687500000002,0.0,0.0,0.0,0.0,0.0021515625000000024,0.040879687500000005,0.0,0.0,0.0,0.012192187500000014,0.23165156250000002,0.0,0.0,0.02302968750000002,0.4375640624999999,0.0,0.0,0.0,0.0,0.0,0.0,0.0,0.0,0.0,0.0,0.0,0.0,0.0,0.0,0.0,0.0,0.0,0.0,0.0,0.0,0.0,0.0,0.0,0.0,0.0,0.0,0.0,0.0,0.0,0.0,0.0,0.0,0.0,0.0,0.0,0.0,0.0,0.0,0.0,0.0
1_3_2,2.1093750000000064e-06,8.015625000000015e-05,0.0007614843750000007,0.0,0.0,0.0,0.0,3.5859375000000084e-05,0.0013626562500000017,0.012945234375000001,0.0,0.0,0.0,0.00020320312500000045,0.007721718750000009,0.07335632812500001,0.0,0.0,0.00038382812500000076,0.014585468750000012,0.13856195312499997,0.0,0.0,0.0,0.0,0.0,0.0,0.0,6.328125000000019e-06,0.00024046875000000047,0.0022844531250000018,0.0,0.0,0.0,0.00010757812500000024,0.004087968750000005,0.038835703125,0.0,0.0,0.0006096093750000013,0.023165156250000027,0.22006898437500003,0.0,0.0011514843750000021,0.04375640625000004,0.4156858593749999,0.0,0.0,0.0,0.0,0.0,0.0,0.0,0.0,0.0,0.0,0.0,0.0,0.0,0.0,0.0,0.0,0.0,0.0,0.0,0.0,0.0,0.0,0.0,0.0,0.0,0.0,0.0,0.0,0.0,0.0,0.0,0.0,0.0,0.0,0.0,0.0,0.0,0.0,0.0
1_4_0,0.00012656250000000013,0.0,0.0,0.0,0.0,0.0,0.0,0.0028687500000000024,0.0,0.0,0.0,0.0,0.0,0.02438437500000002,0.0,0.0,0.0,0.0,0.09211875000000003,0.0,0.0,0.0,0.13050156249999997,0.0,0.0,0.0,0.0,0.0,0.00037968750000000036,0.0,0.0,0.0,0.0,0.0,0.008606250000000006,0.0,0.0,0.0,0.0,0.07315312500000007,0.0,0.0,0.0,0.2763562500000001,0.0,0.0,0.3915046874999999,0.0,0.0,0.0,0.0,0.0,0.0,0.0,0.0,0.0,0.0,0.0,0.0,0.0,0.0,0.0,0.0,0.0,0.0,0.0,0.0,0.0,0.0,0.0,0.0,0.0,0.0,0.0,0.0,0.0,0.0,0.0,0.0,0.0,0.0,0.0,0.0,0.0,0.0
1_4_1,6.328125000000013e-06,0.00012023437500000012,0.0,0.0,0.0,0.0,0.0,0.00014343750000000025,0.002725312500000002,0.0,0.0,0.0,0.0,0.0012192187500000022,0.02316515625000002,0.0,0.0,0.0,0.004605937500000006,0.08751281250000002,0.0,0.0,0.006525078125000005,0.12397648437499997,0.0,0.0,0.0,0.0,1.8984375000000036e-05,0.00036070312500000035,0.0,0.0,0.0,0.0,0.00043031250000000074,0.008175937500000006,0.0,0.0,0.0,0.0036576562500000073,0.06949546875000007,0.0,0.0,0.013817812500000018,0.26253843750000005,0.0,0.019575234375000014,0.37192945312499986,0.0,0.0,0.0,0.0,0.0,0.0,0.0,0.0,0.0,0.0,0.0,0.0,0.0,0.0,0.0,0.0,0.0,0.0,0.0,0.0,0.0,0.0,0.0,0.0,0.0,0.0,0.0,0.0,0.0,0.0,0.0,0.0,0.0,0.0,0.0,0.0,0.0
1_5_0,1.8984375000000033e-05,0.0,0.0,0.0,0.0,0.0,0.0,0.0005378906250000005,0.0,0.0,0.0,0.0,0.0,0.006096093750000004,0.0,0.0,0.0,0.0,0.03454453125,0.0,0.0,0.0,0.09787617187499999,0.0,0.0,0.11092632812499999,0.0,0.0,5.69531250000001e-05,0.0,0.0,0.0,0.0,0.0,0.0016136718750000014,0.0,0.0,0.0,0.0,0.018288281250000014,0.0,0.0,0.0,0.10363359375,0.0,0.0,0.293628515625,0.0,0.332778984375,0.0,0.0,0.0,0.0,0.0,0.0,0.0,0.0,0.0,0.0,0.0,0.0,0.0,0.0,0.0,0.0,0.0,0.0,0.0,0.0,0.0,0.0,0.0,0.0,0.0,0.0,0.0,0.0,0.0,0.0,0.0,0.0,0.0,0.0,0.0,0.0
2_0_0,0.0625,0.0,0.0,0.0,0.0,0.0,0.0,0.0,0.0,0.0,0.0,0.0,0.0,0.0,0.0,0.0,0.0,0.0,0.0,0.0,0.0,0.0,0.0,0.0,0.0,0.0,0.0,0.0,0.375,0.0,0.0,0.0,0.0,0.0,0.0,0.0,0.0,0.0,0.0,0.0,0.0,0.0,0.0,0.0,0.0,0.0,0.0,0.0,0.0,0.5625,0.0,0.0,0.0,0.0,0.0,0.0,0.0,0.0,0.0,0.0,0.0,0.0,0.0,0.0,0.0,0.0,0.0,0.0,0.0,0.0,0.0,0.0,0.0,0.0,0.0,0.0,0.0,0.0,0.0,0.0,0.0,0.0,0.0,0.0,0.0
2_0_1,0.003125000000000003,0.059375,0.0,0.0,0.0,0.0,0.0,0.0,0.0,0.0,0.0,0.0,0.0,0.0,0.0,0.0,0.0,0.0,0.0,0.0,0.0,0.0,0.0,0.0,0.0,0.0,0.0,0.0,0.01875000000000002,0.35624999999999996,0.0,0.0,0.0,0.0,0.0,0.0,0.0,0.0,0.0,0.0,0.0,0.0,0.0,0.0,0.0,0.0,0.0,0.0,0.0,0.02812500000000003,0.5343749999999999,0.0,0.0,0.0,0.0,0.0,0.0,0.0,0.0,0.0,0.0,0.0,0.0,0.0,0.0,0.0,0.0,0.0,0.0,0.0,0.0,0.0,0.0,0.0,0.0,0.0,0.0,0.0,0.0,0.0,0.0,0.0,0.0,0.0,0.0
2_0_2,0.00015625000000000033,0.005937500000000006,0.05640625,0.0,0.0,0.0,0.0,0.0,0.0,0.0,0.0,0.0,0.0,0.0,0.0,0.0,0.0,0.0,0.0,0.0,0.0,0.0,0.0,0.0,0.0,0.0,0.0,0.0,0.0009375000000000019,0.03562500000000004,0.3384375,0.0,0.0,0.0,0.0,0.0,0.0,0.0,0.0,0.0,0.0,0.0,0.0,0.0,0.0,0.0,0.0,0.0,0.0,0.001406250000000003,0.053437500000000054,0.50765625,0.0,0.0,0.0,0.0,0.0,0.0,0.0,0.0,0.0,0.0,0.0,0.0,0.0,0.0,0.0,0.0,0.0,0.0,0.0,0.0,0.0,0.0,0.0,0.0,0.0,0.0,0.0,0.0,0.0,0.0,0.0,0.0,0.0
2_0_3,7.812500000000027e-06,0.00044531250000000083,0.008460937500000007,0.05358593749999999,0.0,0.0,0.0,0.0,0.0,0.0,0.0,0.0,0.0,0.0,0.0,0.0,0.0,0.0,0.0,0.0,0.0,0.0,0.0,0.0,0.0,0.0,0.0,0.0,4.6875000000000164e-05,0.002671875000000005,0.050765625000000036,0.32151562499999997,0.0,0.0,0.0,0.0,0.0,0.0,0.0,0.0,0.0,0.0,0.0,0.0,0.0,0.0,0.0,0.0,0.0,7.031250000000025e-05,0.004007812500000008,0.07614843750000005,0.48227343749999996,0.0,0.0,0.0,0.0,0.0,0.0,0.0,0.0,0.0,0.0,0.0,0.0,0.0,0.0,0.0,0.0,0.0,0.0,0.0,0.0,0.0,0.0,0.0,0.0,0.0,0.0,0.0,0.0,0.0,0.0,0.0,0.0
2_0_4,3.906250000000016e-07,2.9687500000000122e-05,0.000846093750000002,0.010717187500000011,0.05090664062499999,0.0,0.0,0.0,0.0,0.0,0.0,0.0,0.0,0.0,0.0,0.0,0.0,0.0,0.0,0.0,0.0,0.0,0.0,0.0,0.0,0.0,0.0,0.0,2.3437500000000095e-06,0.00017812500000000074,0.005076562500000012,0.06430312500000007,0.30543984374999994,0.0,0.0,0.0,0.0,0.0,0.0,0.0,0.0,0.0,0.0,0.0,0.0,0.0,0.0,0.0,0.0,3.5156250000000143e-06,0.0002671875000000011,0.007614843750000018,0.09645468750000011,0.45815976562499994,0.0,0.0,0.0,0.0,0.0,0.0,0.0,0.0,0.0,0.0,0.0,0.0,0.0,0.0,0.0,0.0,0.0,0.0,0.0,0.0,0.0,0.0,0.0,0.0,0.0,0.0,0.0,0.0,0.0,0.0,0.0
2_1_0,0.009375000000000001,0.0,0.0,0.0,0.0,0.0,0.0,0.053125,0.0,0.0,0.0,0.0,0.0,0.0,0.0,0.0,0.0,0.0,0.0,0.0,0.0,0.0,0.0,0.0,0.0,0.0,0.0,0.0,0.05625000000000001,0.0,0.0,0.0,0.0,0.0,0.31875,0.0,0.0,0.0,0.0,0.0,0.0,0.0,0.0,0.0,0.0,0.0,0.0,0.0,0.0,0.084375,0.0,0.0,0.0,0.0,0.47812499999999997,0.0,0.0,0.0,0.0,0.0,0.0,0.0,0.0,0.0,0.0,0.0,0.0,0.0,0.0,0.0,0.0,0.0,0.0,0.0,0.0,0.0,0.0,0.0,0.0,0.0,0.0,0.0,0.0,0.0,0.0
2_1_1,0.0004687500000000005,0.008906250000000001,0.0,0.0,0.0,0.0,0.0,0.002656250000000003,0.05046875,0.0,0.0,0.0,0.0,0.0,0.0,0.0,0.0,0.0,0.0,0.0,0.0,0.0,0.0,0.0,0.0,0.0,0.0,0.0,0.0028125000000000034,0.053437500000000006,0.0,0.0,0.0,0.0,0.015937500000000014,0.3028125,0.0,0.0,0.0,0.0,0.0,0.0,0.0,0.0,0.0,0.0,0.0,0.0,0.0,0.004218750000000005,0.08015625,0.0,0.0,0.0,0.02390625000000002,0.45421874999999995,0.0,0.0,0.0,0.0,0.0,0.0,0.0,0.0,0.0,0.0,0.0,0.0,0.0,0.0,0.0,0.0,0.0,0.0,0.0,0.0,0.0,0.0,0.0,0.0,0.0,0.0,0.0,0.0,0.0
2_1_2,2.343750000000005e-05,0.000890625000000001,0.008460937500000001,0.0,0.0,0.0,0.0,0.00013281250000000028,0.005046875000000005,0.0479453125,0.0,0.0,0.0,0.0,0.0,0.0,0.0,0.0,0.0,0.0,0.0,0.0,0.0,0.0,0.0,0.0,0.0,0.0,0.00014062500000000031,0.0053437500000000065,0.05076562500000001,0.0,0.0,0.0,0.0007968750000000016,0.03028125000000003,0.28767187499999997,0.0,0.0,0.0,0.0,0.0,0.0,0.0,0.0,0.0,0.0,0.0,0.0,0.00021093750000000046,0.008015625000000009,0.0761484375,0.0,0.0,0.0011953125000000024,0.04542187500000004,0.4315078125,0.0,0.0,0.0,0.0,0.0,0.0,0.0,0.0,0.0,0.0,0.0,0.0,0.0,0.0,0.0,0.0,0.0,0.0,0.0,0.0,0.0,0.0,0.0,0.0,0.0,0.0,0.0,0.0
2_1_3,1.1718750000000043e-06,6.679687500000014e-05,0.0012691406250000012,0.008037890625,0.0,0.0,0.0,6.640625000000023e-06,0.0003785156250000007,0.007191796875000005,0.04554804687499999,0.0,0.0,0.0,0.0,0.0,0.0,0.0,0.0,0.0,0.0,0.0,0.0,0.0,0.0,0.0,0.0,0.0,7.031250000000025e-06,0.0004007812500000008,0.007614843750000007,0.04822734375,0.0,0.0,3.984375000000014e-05,0.002271093750000004,0.043150781250000034,0.27328828124999993,0.0,0.0,0.0,0.0,0.0,0.0,0.0,0.0,0.0,0.0,0.0,1.0546875000000038e-05,0.0006011718750000011,0.01142226562500001,0.07234101562499999,0.0,5.976562500000021e-05,0.003406640625000006,0.06472617187500004,0.4099324218749999,0.0,0.0,0.0,0.0,0.0,0.0,0.0,0.0,0.0,0.0,0.0,0.0,0.0,0.0,0.0,0.0,0.0,0.0,0.0,0.0,0.0,0.0,0.0,0.0,0.0,0.0,0.0
2_2_0,0.0014062500000000006,0.0,0.0,0.0,0.0,0.0,0.0,0.015937500000000004,0.0,0.0,0.0,0.0,0.0,0.045156249999999995,0.0,0.0,0.0,0.0,0.0,0.0,0.0,0.0,0.0,0.0,0.0,0.0,0.0,0.0,0.008437500000000004,0.0,0.0,0.0,0.0,0.0,0.09562500000000002,0.0,0.0,0.0,0.0,0.27093749999999994,0.0,0.0,0.0,0.0,0.0,0.0,0.0,0.0,0.0,0.012656250000000006,0.0,0.0,0.0,0.0,0.14343750000000002,0.0,0.0,0.0,0.40640624999999997,0.0,0.0,0.0,0.0,0.0,0.0,0.0,0.0,0.0,0.0,0.0,0.0,0.0,0.0,0.0,0.0,0.0,0.0,0.0,0.0,0.0,0.0,0.0,0.0,0.0,0.0
2_2_1,7.03125000000001e-05,0.0013359375000000005,0.0,0.0,0.0,0.0,0.0,0.000796875000000001,0.015140625000000003,0.0,0.0,0.0,0.0,0.002257812500000002,0.04289843749999999,0.0,0.0,0.0,0.0,0.0,0.0,0.0,0.0,0.0,0.0,0.0,0.0,0.0,0.00042187500000000065,0.008015625000000004,0.0,0.0,0.0,0.0,0.004781250000000006,0.09084375000000001,0.0,0.0,0.0,0.01354687500000001,0.25739062499999993,0.0,0.0,0.0,0.0,0.0,0.0,0.0,0.0,0.000632812500000001,0.012023437500000005,0.0,0.0,0.0,0.007171875000000008,0.13626562500000003,0.0,0.0,0.02032031250000002,0.3860859375,0.0,0.0,0.0,0.0,0.0,0.0,0.0,0.0,0.0,0.0,0.0,0.0,0.0,0.0,0.0,0.0,0.0,0.0,0.0,0.0,0.0,0.0,0.0,0.0,0.0
2_2_2,3.515625000000009e-06,0.0001335937500000002,0.0012691406250000005,0.0,0.0,0.0,0.0,3.984375000000009e-05,0.001514062500000002,0.014383593750000003,0.0,0.0,0.0,0.00011289062500000022,0.004289843750000004,0.04075351562499999,0.0,0.0,0.0,0.0,0.0,0.0,0.0,0.0,0.0,0.0,0.0,0.0,2.1093750000000055e-05,0.0008015625000000012,0.0076148437500000036,0.0,0.0,0.0,0.00023906250000000053,0.00908437500000001,0.08630156250000001,0.0,0.0,0.0006773437500000013,0.02573906250000002,0.24452109374999995,0.0,0.0,0.0,0.0,0.0,0.0,0.0,3.164062500000008e-05,0.0012023437500000018,0.011422265625000006,0.0,0.0,0.00035859375000000084,0.013626562500000017,0.12945234375,0.0,0.0010160156250000022,0.03860859375000004,0.36678164062499996,0.0,0.0,0.0,0.0,0.0,0.0,0.0,0.0,0.0,0.0,0.0,0.0,0.0,0.0,0.0,0.0,0.0,0.0,0.0,0.0,0.0,0.0,0.0,0.0
2_3_0,0.0002109375000000002,0.0,0.0,0.0,0.0,0.0,0.0,0.0035859375000000006,0.0,0.0,0.0,0.0,0.0,0.020320312500000003,0.0,0.0,0.0,0.0,0.038382812499999995,0.0,0.0,0.0,0.0,0.0,0.0,0.0,0.0,0.0,0.0012656250000000011,0.0,0.0,0.0,0.0,0.0,0.021515625000000003,0.0,0.0,0.0,0.0,0.12192187500000001,0.0,0.0,0.0,0.23029687499999996,0.0,0.0,0.0,0.0,0.0,0.0018984375000000017,0.0,0.0,0.0,0.0,0.0322734375,0.0,0.0,0.0,0.18288281250000002,0.0,0.0,0.34544531249999993,0.0,0.0,0.0,0.0,0.0,0.0,0.0,0.0,0.0,0.0,0.0,0.0,0.0,0.0,0.0,0.0,0.0,0.0,0.0,0.0,0.0,0.0,0.0
2_3_1,1.0546875000000021e-05,0.00020039062500000016,0.0,0.0,0.0,0.0,0.0,0.0001792968750000002,0.0034066406250000004,0.0,0.0,0.0,0.0,0.0010160156250000013,0.019304296875,0.0,0.0,0.0,0.0019191406250000018,0.03646367187499999,0.0,0.0,0.0,0.0,0.0,0.0,0.0,0.0,6.328125000000012e-05,0.001202343750000001,0.0,0.0,0.0,0.0,0.0010757812500000012,0.020439843750000002,0.0,0.0,0.0,0.006096093750000007,0.11582578125000001,0.0,0.0,0.01151484375000001,0.21878203124999995,0.0,0.0,0.0,0.0,9.492187500000018e-05,0.0018035156250000015,0.0,0.0,0.0,0.0016136718750000018,0.030659765625,0.0,0.0,0.00914414062500001,0.173738671875,0.0,0.017272265625000015,0.32817304687499993,0.0,0.0,0.0,0.0,0.0,0.0,0.0,0.0,0.0,0.0,0.0,0.0,0.0,0.0,0.0,0.0,0.0,0.0,0.0,0.0,0.0,0.0
2_4_0,3.164062500000003e-05,0.0,0.0,0.0,0.0,0.0,0.0,0.0007171875000000006,0.0,0.0,0.0,0.0,0.0,0.006096093750000005,0.0,0.0,0.0,0.0,0.023029687500000007,0.0,0.0,0.0,0.03262539062499999,0.0,0.0,0.0,0.0,0.0,0.00018984375000000018,0.0,0.0,0.0,0.0,0.0,0.004303125000000003,0.0,0.0,0.0,0.0,0.036576562500000034,0.0,0.0,0.0,0.13817812500000004,0.0,0.0,0.19575234374999995,0.0,0.0,0.0002847656250000003,0.0,0.0,0.0,0.0,0.0064546875000000056,0.0,0.0,0.0,0.054864843750000045,0.0,0.0,0.20726718750000006,0.0,0.2936285156249999,0.0,0.0,0.0,0.0,0.0,0.0,0.0,0.0,0.0,0.0,0.0,0.0,0.0,0.0,0.0,0.0,0.0,0.0,0.0,0.0,0.0
3_0_0,0.015625000000000007,0.0,0.0,0.0,0.0,0.0,0.0,0.0,0.0,0.0,0.0,0.0,0.0,0.0,0.0,0.0,0.0,0.0,0.0,0.0,0.0,0.0,0.0,0.0,0.0,0.0,0.0,0.0,0.140625,0.0,0.0,0.0,0.0,0.0,0.0,0.0,0.0,0.0,0.0,0.0,0.0,0.0,0.0,0.0,0.0,0.0,0.0,0.0,0.0,0.421875,0.0,0.0,0.0,0.0,0.0,0.0,0.0,0.0,0.0,0.0,0.0,0.0,0.0,0.0,0.42187500000000006,0.0,0.0,0.0,0.0,0.0,0.0,0.0,0.0,0.0,0.0,0.0,0.0,0.0,0.0,0.0,0.0,0.0,0.0,0.0,0.0
3_0_1,0.0007812500000000011,0.014843750000000006,0.0,0.0,0.0,0.0,0.0,0.0,0.0,0.0,0.0,0.0,0.0,0.0,0.0,0.0,0.0,0.0,0.0,0.0,0.0,0.0,0.0,0.0,0.0,0.0,0.0,0.0,0.007031250000000007,0.13359374999999998,0.0,0.0,0.0,0.0,0.0,0.0,0.0,0.0,0.0,0.0,0.0,0.0,0.0,0.0,0.0,0.0,0.0,0.0,0.0,0.021093750000000022,0.40078125,0.0,0.0,0.0,0.0,0.0,0.0,0.0,0.0,0.0,0.0,0.0,0.0,0.0,0.021093750000000026,0.40078125000000003,0.0,0.0,0.0,0.0,0.0,0.0,0.0,0.0,0.0,0.0,0.0,0.0,0.0,0.0,0.0,0.0,0.0,0.0,0.0
3_0_2,3.90625000000001e-05,0.0014843750000000022,0.014101562500000006,0.0,0.0,0.0,0.0,0.0,0.0,0.0,0.0,0.0,0.0,0.0,0.0,0.0,0.0,0.0,0.0,0.0,0.0,0.0,0.0,0.0,0.0,0.0,0.0,0.0,0.00035156250000000075,0.013359375000000014,0.1269140625,0.0,0.0,0.0,0.0,0.0,0.0,0.0,0.0,0.0,0.0,0.0,0.0,0.0,0.0,0.0,0.0,0.0,0.0,0.0010546875000000022,0.04007812500000004,0.3807421875,0.0,0.0,0.0,0.0,0.0,0.0,0.0,0.0,0.0,0.0,0.0,0.0,0.0010546875000000025,0.04007812500000005,0.38074218750000005,0.0,0.0,0.0,0.0,0.0,0.0,0.0,0.0,0.0,0.0,0.0,0.0,0.0,0.0,0.0,0.0,0.0,0.0
3_0_3,1.9531250000000077e-06,0.00011132812500000026,0.0021152343750000025,0.013396484375000003,0.0,0.0,0.0,0.0,0.0,0.0,0.0,0.0,0.0,0.0,0.0,0.0,0.0,0.0,0.0,0.0,0.0,0.0,0.0,0.0,0.0,0.0,0.0,0.0,1.7578125000000063e-05,0.001001953125000002,0.019037109375000014,0.12056835937499999,0.0,0.0,0.0,0.0,0.0,0.0,0.0,0.0,0.0,0.0,0.0,0.0,0.0,0.0,0.0,0.0,0.0,5.273437500000018e-05,0.0030058593750000055,0.05711132812500005,0.36170507812499997,0.0,0.0,0.0,0.0,0.0,0.0,0.0,0.0,0.0,0.0,0.0,5.273437500000019e-05,0.003005859375000006,0.057111328125000055,0.361705078125,0.0,0.0,0.0,0.0,0.0,0.0,0.0,0.0,0.0,0.0,0.0,0.0,0.0,0.0,0.0,0.0,0.0
3_1_0,0.002343750000000001,0.0,0.0,0.0,0.0,0.0,0.0,0.013281250000000005,0.0,0.0,0.0,0.0,0.0,0.0,0.0,0.0,0.0,0.0,0.0,0.0,0.0,0.0,0.0,0.0,0.0,0.0,0.0,0.0,0.02109375,0.0,0.0,0.0,0.0,0.0,0.11953124999999999,0.0,0.0,0.0,0.0,0.0,0.0,0.0,0.0,0.0,0.0,0.0,0.0,0.0,0.0,0.06328125000000001,0.0,0.0,0.0,0.0,0.35859375,0.0,0.0,0.0,0.0,0.0,0.0,0.0,0.0,0.0,0.06328125000000001,0.0,0.0,0.0,0.35859375000000004,0.0,0.0,0.0,0.0,0.0,0.0,0.0,0.0,0.0,0.0,0.0,0.0,0.0,0.0,0.0,0.0
3_1_1,0.00011718750000000019,0.002226562500000001,0.0,0.0,0.0,0.0,0.0,0.0006640625000000009,0.012617187500000003,0.0,0.0,0.0,0.0,0.0,0.0,0.0,0.0,0.0,0.0,0.0,0.0,0.0,0.0,0.0,0.0,0.0,0.0,0.0,0.0010546875000000012,0.0200390625,0.0,0.0,0.0,0.0,0.005976562500000005,0.11355468749999999,0.0,0.0,0.0,0.0,0.0,0.0,0.0,0.0,0.0,0.0,0.0,0.0,0.0,0.0031640625000000037,0.06011718750000001,0.0,0.0,0.0,0.017929687500000017,0.3406640625,0.0,0.0,0.0,0.0,0.0,0.0,0.0,0.0,0.0031640625000000037,0.06011718750000001,0.0,0.0,0.01792968750000002,0.34066406250000003,0.0,0.0,0.0,0.0,0.0,0.0,0.0,0.0,0.0,0.0,0.0,0.0,0.0,0.0,0.0
3_1_2,5.859375000000015e-06,0.00022265625000000033,0.0021152343750000012,0.0,0.0,0.0,0.0,3.3203125000000084e-05,0.0012617187500000018,0.011986328125000004,0.0,0.0,0.0,0.0,0.0,0.0,0.0,0.0,0.0,0.0,0.0,0.0,0.0,0.0,0.0,0.0,0.0,0.0,5.2734375000000115e-05,0.002003906250000002,0.019037109375,0.0,0.0,0.0,0.0002988281250000006,0.01135546875000001,0.107876953125,0.0,0.0,0.0,0.0,0.0,0.0,0.0,0.0,0.0,0.0,0.0,0.0,0.00015820312500000036,0.0060117187500000075,0.057111328125000006,0.0,0.0,0.0008964843750000019,0.034066406250000035,0.32363085937499997,0.0,0.0,0.0,0.0,0.0,0.0,0.0,0.00015820312500000036,0.0060117187500000075,0.057111328125000006,0.0,0.000896484375000002,0.03406640625000004,0.323630859375,0.0,0.0,0.0,0.0,0.0,0.0,0.0,0.0,0.0,0.0,0.0,0.0,0.0,0.0
3_2_0,0.0003515625000000003,0.0,0.0,0.0,0.0,0.0,0.0,0.003984375000000003,0.0,0.0,0.0,0.0,0.0,0.011289062500000004,0.0,0.0,0.0,0.0,0.0,0.0,0.0,0.0,0.0,0.0,0.0,0.0,0.0,0.0,0.0031640625000000015,0.0,0.0,0.0,0.0,0.0,0.035859375000000006,0.0,0.0,0.0,0.0,0.10160156249999999,0.0,0.0,0.0,0.0,0.0,0.0,0.0,0.0,0.0,0.009492187500000004,0.0,0.0,0.0,0.0,0.10757812500000002,0.0,0.0,0.0,0.30480468749999995,0.0,0.0,0.0,0.0,0.0,0.009492187500000006,0.0,0.0,0.0,0.10757812500000004,0.0,0.0,0.3048046875,0.0,0.0,0.0,0.0,0.0,0.0,0.0,0.0,0.0,0.0,0.0,0.0,0.0
3_2_1,1.7578125000000033e-05,0.0003339843750000003,0.0,0.0,0.0,0.0,0.0,0.00019921875000000034,0.0037851562500000025,0.0,0.0,0.0,0.0,0.0005644531250000008,0.010724609375000003,0.0,0.0,0.0,0.0,0.0,0.0,0.0,0.0,0.0,0.0,0.0,0.0,0.0,0.00015820312500000025,0.003005859375000001,0.0,0.0,0.0,0.0,0.001792968750000002,0.03406640625000001,0.0,0.0,0.0,0.005080078125000005,0.096521484375,0.0,0.0,0.0,0.0,0.0,0.0,0.0,0.0,0.0004746093750000007,0.009017578125000003,0.0,0.0,0.0,0.005378906250000007,0.10219921875000001,0.0,0.0,0.015240234375000014,0.28956445312499995,0.0,0.0,0.0,0.0,0.0004746093750000008,0.009017578125000005,0.0,0.0,0.005378906250000008,0.10219921875000003,0.0,0.015240234375000015,0.289564453125,0.0,0.0,0.0,0.0,0.0,0.0,0.0,0.0,0.0,0.0,0.0,0.0
3_3_0,5.273437500000007e-05,0.0,0.0,0.0,0.0,0.0,0.0,0.0008964843750000006,0.0,0.0,0.0,0.0,0.0,0.005080078125000003,0.0,0.0,0.0,0.0,0.009595703125000002,0.0,0.0,0.0,0.0,0.0,0.0,0.0,0.0,0.0,0.0004746093750000004,0.0,0.0,0.0,0.0,0.0,0.008068359375,0.0,0.0,0.0,0.0,0.045720703125000005,0.0,0.0,0.0,0.08636132812499998,0.0,0.0,0.0,0.0,0.0,0.0014238281250000013,0.0,0.0,0.0,0.0,0.024205078125000005,0.0,0.0,0.0,0.13716210937500004,0.0,0.0,0.25908398437499996,0.0,0.0,0.0014238281250000015,0.0,0.0,0.0,0.02420507812500001,0.0,0.0,0.13716210937500004,0.0,0.259083984375,0.0,0.0,0.0,0.0,0.0,0.0,0.0,0.0,0.0,0.0,0.0
4_0_0,0.003906250000000001,0.0,0.0,0.0,0.0,0.0,0.0,0.0,0.0,0.0,0.0,0.0,0.0,0.0,0.0,0.0,0.0,0.0,0.0,0.0,0.0,0.0,0.0,0.0,0.0,0.0,0.0,0.0,0.046875000000000035,0.0,0.0,0.0,0.0,0.0,0.0,0.0,0.0,0.0,0.0,0.0,0.0,0.0,0.0,0.0,0.0,0.0,0.0,0.0,0.0,0.21093750000000006,0.0,0.0,0.0,0.0,0.0,0.0,0.0,0.0,0.0,0.0,0.0,0.0,0.0,0.0,0.4218750000000001,0.0,0.0,0.0,0.0,0.0,0.0,0.0,0.0,0.0,0.31640625000000006,0.0,0.0,0.0,0.0,0.0,0.0,0.0,0.0,0.0,0.0
4_0_1,0.00019531250000000025,0.0037109375000000007,0.0,0.0,0.0,0.0,0.0,0.0,0.0,0.0,0.0,0.0,0.0,0.0,0.0,0.0,0.0,0.0,0.0,0.0,0.0,0.0,0.0,0.0,0.0,0.0,0.0,0.0,0.0023437500000000043,0.04453125000000003,0.0,0.0,0.0,0.0,0.0,0.0,0.0,0.0,0.0,0.0,0.0,0.0,0.0,0.0,0.0,0.0,0.0,0.0,0.0,0.010546875000000013,0.20039062500000004,0.0,0.0,0.0,0.0,0.0,0.0,0.0,0.0,0.0,0.0,0.0,0.0,0.0,0.021093750000000026,0.4007812500000001,0.0,0.0,0.0,0.0,0.0,0.0,0.0,0.0,0.01582031250000002,0.3005859375,0.0,0.0,0.0,0.0,0.0,0.0,0.0,0.0,0.0
4_0_2,9.765625000000022e-06,0.0003710937500000005,0.0035253906250000007,0.0,0.0,0.0,0.0,0.0,0.0,0.0,0.0,0.0,0.0,0.0,0.0,0.0,0.0,0.0,0.0,0.0,0.0,0.0,0.0,0.0,0.0,0.0,0.0,0.0,0.00011718750000000033,0.004453125000000008,0.04230468750000003,0.0,0.0,0.0,0.0,0.0,0.0,0.0,0.0,0.0,0.0,0.0,0.0,0.0,0.0,0.0,0.0,0.0,0.0,0.0005273437500000012,0.020039062500000027,0.19037109375000005,0.0,0.0,0.0,0.0,0.0,0.0,0.0,0.0,0.0,0.0,0.0,0.0,0.0010546875000000025,0.040078125000000055,0.3807421875000001,0.0,0.0,0.0,0.0,0.0,0.0,0.0,0.0007910156250000018,0.030058593750000036,0.285556640625,0.0,0.0,0.0,0.0,0.0,0.0,0.0,0.0
4_1_0,0.0005859375000000002,0.0,0.0,0.0,0.0,0.0,0.0,0.0033203125000000008,0.0,0.0,0.0,0.0,0.0,0.0,0.0,0.0,0.0,0.0,0.0,0.0,0.0,0.0,0.0,0.0,0.0,0.0,0.0,0.0,0.007031250000000006,0.0,0.0,0.0,0.0,0.0,0.039843750000000025,0.0,0.0,0.0,0.0,0.0,0.0,0.0,0.0,0.0,0.0,0.0,0.0,0.0,0.0,0.03164062500000001,0.0,0.0,0.0,0.0,0.17929687500000005,0.0,0.0,0.0,0.0,0.0,0.0,0.0,0.0,0.0,0.06328125000000002,0.0,0.0,0.0,0.3585937500000001,0.0,0.0,0.0,0.0,0.0,0.047460937500000015,0.0,0.0,0.26894531250000003,0.0,0.0,0.0,0.0,0.0,0.0,0.0
4_1_1,2.929687500000004e-05,0.0005566406250000002,0.0,0.0,0.0,0.0,0.0,0.0001660156250000002,0.0031542968750000004,0.0,0.0,0.0,0.0,0.0,0.0,0.0,0.0,0.0,0.0,0.0,0.0,0.0,0.0,0.0,0.0,0.0,0.0,0.0,0.0003515625000000007,0.006679687500000006,0.0,0.0,0.0,0.0,0.0019921875000000035,0.03785156250000002,0.0,0.0,0.0,0.0,0.0,0.0,0.0,0.0,0.0,0.0,0.0,0.0,0.0,0.0015820312500000023,0.03005859375000001,0.0,0.0,0.0,0.008964843750000012,0.17033203125000004,0.0,0.0,0.0,0.0,0.0,0.0,0.0,0.0,0.0031640625000000045,0.06011718750000002,0.0,0.0,0.017929687500000024,0.3406640625000001,0.0,0.0,0.0,0.0,0.002373046875000003,0.045087890625000016,0.0,0.013447265625000015,0.255498046875,0.0,0.0,0.0,0.0,0.0,0.0
4_2_0,8.789062500000005e-05,0.0,0.0,0.0,0.0,0.0,0.0,0.0009960937500000005,0.0,0.0,0.0,0.0,0.0,0.002822265625,0.0,0.0,0.0,0.0,0.0,0.0,0.0,0.0,0.0,0.0,0.0,0.0,0.0,0.0,0.0010546875000000012,0.0,0.0,0.0,0.0,0.0,0.011953125000000012,0.0,0.0,0.0,0.0,0.03386718750000002,0.0,0.0,0.0,0.0,0.0,0.0,0.0,0.0,0.0,0.004746093750000003,0.0,0.0,0.0,0.0,0.053789062500000026,0.0,0.0,0.0,0.15240234375000003,0.0,0.0,0.0,0.0,0.0,0.009492187500000006,0.0,0.0,0.0,0.10757812500000005,0.0,0.0,0.30480468750000006,0.0,0.0,0.007119140625000004,0.0,0.0,0.08068359375000003,0.0,0.228603515625,0.0,0.0,0.0,0.0,0.0
5_0_0,0.0009765625,0.0,0.0,0.0,0.0,0.0,0.0,0.0,0.0,0.0,0.0,0.0,0.0,0.0,0.0,0.0,0.0,0.0,0.0,0.0,0.0,0.0,0.0,0.0,0.0,0.0,0.0,0.0,0.014648437499999993,0.0,0.0,0.0,0.0,0.0,0.0,0.0,0.0,0.0,0.0,0.0,0.0,0.0,0.0,0.0,0.0,0.0,0.0,0.0,0.0,0.087890625,0.0,0.0,0.0,0.0,0.0,0.0,0.0,0.0,0.0,0.0,0.0,0.0,0.0,0.0,0.26367187499999994,0.0,0.0,0.0,0.0,0.0,0.0,0.0,0.0,0.0,0.39550781249999994,0.0,0.0,0.0,0.0,0.0,0.23730468750000006,0.0,0.0,0.0,0.0
5_0_1,4.882812500000005e-05,0.000927734375,0.0,0.0,0.0,0.0,0.0,0.0,0.0,0.0,0.0,0.0,0.0,0.0,0.0,0.0,0.0,0.0,0.0,0.0,0.0,0.0,0.0,0.0,0.0,0.0,0.0,0.0,0.0007324218750000004,0.013916015624999993,0.0,0.0,0.0,0.0,0.0,0.0,0.0,0.0,0.0,0.0,0.0,0.0,0.0,0.0,0.0,0.0,0.0,0.0,0.0,0.004394531250000004,0.08349609375,0.0,0.0,0.0,0.0,0.0,0.0,0.0,0.0,0.0,0.0,0.0,0.0,0.0,0.01318359375000001,0.25048828124999994,0.0,0.0,0.0,0.0,0.0,0.0,0.0,0.0,0.019775390625000017,0.37573242187499994,0.0,0.0,0.0,0.0,0.011865234375000014,0.22543945312500005,0.0,0.0,0.0
5_1_0,0.00014648437500000002,0.0,0.0,0.0,0.0,0.0,0.0,0.000830078125,0.0,0.0,0.0,0.0,0.0,0.0,0.0,0.0,0.0,0.0,0.0,0.0,0.0,0.0,0.0,0.0,0.0,0.0,0.0,0.0,0.002197265624999999,0.0,0.0,0.0,0.0,0.0,0.012451171874999993,0.0,0.0,0.0,0.0,0.0,0.0,0.0,0.0,0.0,0.0,0.0,0.0,0.0,0.0,0.013183593750000002,0.0,0.0,0.0,0.0,0.07470703125,0.0,0.0,0.0,0.0,0.0,0.0,0.0,0.0,0.0,0.03955078125,0.0,0.0,0.0,0.22412109374999994,0.0,0.0,0.0,0.0,0.0,0.059326171875,0.0,0.0,0.33618164062499994,0.0,0.0,0.03559570312500002,0.0,0.20170898437500004,0.0,0.0
6_0_0,0.00024414062500000016,0.0,0.0,0.0,0.0,0.0,0.0,0.0,0.0,0.0,0.0,0.0,0.0,0.0,0.0,0.0,0.0,0.0,0.0,0.0,0.0,0.0,0.0,0.0,0.0,0.0,0.0,0.0,0.004394531250000003,0.0,0.0,0.0,0.0,0.0,0.0,0.0,0.0,0.0,0.0,0.0,0.0,0.0,0.0,0.0,0.0,0.0,0.0,0.0,0.0,0.032958984375,0.0,0.0,0.0,0.0,0.0,0.0,0.0,0.0,0.0,0.0,0.0,0.0,0.0,0.0,0.13183593750000008,0.0,0.0,0.0,0.0,0.0,0.0,0.0,0.0,0.0,0.29663085937500006,0.0,0.0,0.0,0.0,0.0,0.3559570312500002,0.0,0.0,0.17797851562500003,0.0
6_6_6,4.345178604126018e-17,4.953503608703648e-15,2.352914214134231e-13,5.9607160091400535e-12,8.494020313024557e-11,6.455455437898659e-10,2.0442275553345723e-09,1.4773607254028467e-15,1.6841912269592408e-13,7.999908328056387e-12,2.0266434431076188e-10,2.8879669064283503e-09,2.194854848885545e-08,2.092927694320697e-14,2.3859375715255882e-12,1.1333203464746533e-10,2.8710782110691227e-09,4.091286450773491e-08,1.5813231468200825e-13,1.802708387374889e-11,8.562864840030716e-10,2.1692590928077823e-08,6.720623373985346e-13,7.661510646343274e-11,3.639217557013052e-09,1.5233412981033453e-12,1.736609079837809e-10,1.4387112259864918e-12,7.821321487426833e-16,8.916306495666565e-14,4.235245585441615e-12,1.0729288816452095e-10,1.5289236563444201e-09,1.1619819788217586e-08,2.659249305725124e-14,3.0315442085266333e-12,1.4399834990501494e-10,3.6479581975937135e-09,5.19834043157103e-08,3.767269849777254e-13,4.294687628746058e-11,2.0399766236543756e-09,5.1679407799244205e-08,2.846381664276148e-12,3.2448750972748003e-10,1.5413156712055286e-08,1.2097122073173623e-11,1.3790719163417896e-09,2.7420143365860213e-11,5.865991115570121e-15,6.68722987174992e-13,3.1764341890812096e-11,8.046966612339067e-10,1.1466927422583145e-08,1.9944369792938416e-13,2.2736581563949735e-11,1.0799876242876116e-09,2.7359686481952834e-08,2.825452387332939e-12,3.221015721559542e-10,1.529982467740781e-08,2.13478624820711e-11,2.433656322956099e-09,9.072841554880212e-11,2.3463964462280497e-14,2.6748919486999698e-12,1.2705736756324846e-10,3.2187866449356284e-09,7.977747917175371e-13,9.094632625579899e-11,4.319950497150448e-09,1.1301809549331762e-11,1.2884062886238177e-09,8.539144992828445e-11,5.2793920040131105e-14,6.0185068845749304e-12,2.858790770173089e-10,1.7949932813644578e-12,2.0462923407554765e-10,2.5429071485996456e-11,6.335270404815734e-14,7.222208261489919e-12,2.1539919376373505e-12,3.167635202407866e-14,0.04934268366858944
