-1,9,9,10,-1
17,19,17,16,-1
8,-1,7,-1,10
39,38,36,37,-1
24,21,20,19,21
16,-1,-1,20,19
6,-1,4,4,-1
21,22,-1,19,-1
27,25,27,25,26
22,-1,-1,21,19
-1,26,-1,25,-1
35,-1,35,-1,38
19,16,16,-1,-1
-1,1,3,5,4
16,16,15,16,-1
12,12,10,12,12
32,34,32,34,32
24,24,22,-1,24
28,-1,27,27,-1
25,24,23,23,21
-1,-1,2,3,3
27,25,25,-1,25
22,21,21,22,23
34,-1,32,35,35
-1,-1,32,-1,32
16,20,-1,19,20
3,2,-1,3,6
-1,12,14,16,-1
4,-1,3,3,5
22,22,-1,25,26
-1,-1,1,1,2
7,-1,7,7,-1
20,20,20,19,-1
1,1,1,-1,2
-1,-1,16,16,14
18,-1,-1,-1,19
9,9,8,11,11
20,-1,-1,-1,20
12,11,11,11,10
-1,38,38,35,35
22,19,21,23,-1
21,-1,-1,20,21
22,-1,20,-1,21
31,31,32,31,31
39,39,36,39,-1
36,37,37,-1,-1
30,-1,-1,31,29
17,17,-1,16,19
12,10,12,-1,9
28,-1,29,29,26
-1,22,-1,21,19
-1,16,16,14,16
-1,27,25,-1,25
7,7,9,7,9
32,33,33,36,-1
39,39,37,38,35
21,24,-1,21,21
30,27,29,28,29
-1,-1,15,-1,15
-1,-1,-1,25,24
27,-1,28,28,27
19,17,18,19,16
17,16,15,16,14
22,-1,19,19,21
20,20,20,20,-1
22,24,21,-1,21
27,27,26,-1,-1
33,-1,32,33,-1
-1,3,-1,-1,-1
36,37,38,38,38
-1,-1,14,15,-1
21,23,-1,23,25
11,12,11,11,12
-1,7,7,-1,-1
15,15,-1,16,16
4,5,3,3,-1
38,-1,36,36,36
7,7,-1,-1,5
39,39,39,39,38
7,-1,-1,7,9
26,-1,-1,-1,27
-1,5,6,4,-1
29,27,-1,-1,29
-1,-1,7,9,-1
-1,6,-1,4,-1
-1,-1,-1,26,26
-1,19,16,-1,-1
18,-1,20,17,17
-1,18,16,-1,16
2,4,3,5,7
7,7,-1,-1,7
-1,35,35,32,34
-1,26,25,26,-1
-1,-1,-1,-1,26
35,37,-1,-1,35
-1,26,26,25,-1
37,39,37,39,38
35,39,39,39,38
23,25,23,-1,23
-1,35,35,33,-1
-1,39,37,37,37
-1,3,4,-1,5
-1,11,11,8,8
29,28,-1,27,26
23,22,-1,23,-1
35,39,38,36,-1
-1,6,-1,7,5
-1,21,21,22,20
3,1,-1,1,1
31,35,35,36,35
38,-1,35,38,-1
24,23,21,24,20
20,-1,19,20,22
7,-1,5,4,6
-1,-1,37,-1,-1
-1,3,4,-1,3
-1,5,-1,5,6
-1,-1,5,6,7
38,37,38,38,-1
-1,6,-1,3,3
-1,10,11,9,7
-1,10,8,8,9
1,1,0,1,0
20,-1,19,20,-1
10,-1,14,13,14
29,-1,31,32,31
18,-1,18,19,19
5,4,-1,4,-1
33,31,33,-1,31
-1,35,-1,37,-1
36,38,38,39,39
-1,21,22,22,23
-1,-1,-1,6,4
2,-1,7,7,7
15,14,13,-1,16
-1,20,-1,20,19
-1,4,3,6,-1
-1,-1,6,2,-1
39,-1,38,38,-1
-1,27,29,-1,-1
20,21,20,23,21
7,6,-1,7,6
19,19,19,-1,19
-1,-1,6,-1,-1
25,-1,27,-1,-1
6,-1,5,7,-1
7,-1,7,5,5
-1,16,-1,18,17
21,23,19,21,23
-1,-1,16,14,16
-1,27,28,30,-1
29,29,29,29,31
24,25,24,-1,-1
-1,19,21,20,-1
29,26,-1,28,28
11,11,12,11,-1
22,27,27,27,-1
-1,3,-1,7,7
17,16,-1,16,18
27,26,27,25,-1
5,-1,-1,-1,7
-1,-1,16,14,-1
24,22,21,21,-1
35,34,33,-1,33
19,20,20,19,-1
15,-1,14,-1,-1
3,5,1,3,1
1,1,1,-1,1
19,20,20,21,-1
33,32,32,31,32
-1,21,19,19,-1
-1,-1,-1,7,4
11,11,10,9,7
20,-1,20,20,19
-1,31,31,31,31
19,21,20,20,-1
19,-1,19,-1,20
21,21,21,21,-1
6,5,7,-1,7
-1,20,20,19,19
4,6,5,5,7
-1,-1,31,31,33
18,19,16,14,-1
-1,-1,-1,-1,33
1,4,4,6,-1
-1,7,6,7,-1
4,5,3,3,-1
3,-1,4,-1,1
-1,0,1,1,1
-1,4,-1,3,1
34,32,33,35,33
20,21,25,23,22
18,19,20,20,-1
7,5,6,6,3
11,12,-1,12,11
2,1,-1,-1,1
28,-1,-1,31,31
17,-1,-1,19,19
-1,25,-1,23,-1
-1,-1,28,29,27
-1,16,20,16,-1
6,7,-1,7,8
-1,32,-1,-1,35
34,-1,-1,-1,-1
-1,-1,17,17,-1
-1,-1,-1,-1,7
28,31,-1,-1,-1
-1,9,-1,8,-1
-1,-1,15,18,16
5,7,5,-1,5
14,12,12,-1,12
29,26,28,28,27
20,-1,16,15,-1
9,11,-1,10,9
31,31,31,-1,31
-1,-1,7,7,5
35,-1,-1,35,35
-1,30,29,31,-1
-1,-1,20,-1,19
-1,39,-1,39,38
-1,5,4,3,6
-1,-1,17,16,-1
19,-1,21,-1,-1
15,15,15,16,-1
31,33,-1,33,-1
31,31,-1,-1,-1
-1,11,12,13,12
23,-1,21,-1,24
34,-1,35,35,-1
-1,19,20,-1,19
-1,1,2,1,1
3,4,5,-1,-1
-1,31,31,31,33
31,31,31,31,-1
20,-1,16,-1,-1
15,14,-1,16,15
-1,12,-1,9,12
-1,-1,-1,24,-1
33,35,-1,34,-1
-1,18,18,20,19
-1,5,7,5,-1
25,25,25,25,24
29,-1,29,31,31
-1,27,25,22,-1
35,-1,32,-1,33
-1,17,19,19,19
17,19,16,16,16
25,25,-1,-1,25
28,29,31,32,31
19,18,19,19,18
12,9,-1,11,9
-1,19,-1,16,16
-1,21,21,25,24
27,-1,31,31,-1
21,22,23,21,25
-1,-1,-1,24,21
-1,5,6,7,4
14,16,16,15,16
26,28,-1,27,29
-1,33,-1,31,35
-1,15,15,15,14
6,-1,5,-1,5
-1,5,4,5,-1
-1,4,7,7,-1
16,16,19,-1,19
22,19,22,-1,23
28,31,32,-1,-1
30,33,31,32,30
-1,-1,18,18,17
9,11,-1,10,8
31,31,31,-1,31
31,-1,31,31,32
7,3,6,6,-1
-1,29,29,29,29
31,-1,-1,30,-1
-1,9,-1,-1,-1
-1,-1,24,24,-1
31,33,35,35,-1
-1,35,36,37,39
19,18,19,-1,-1
16,15,-1,14,16
21,24,22,21,21
10,11,-1,9,8
9,-1,10,10,14
27,26,-1,25,-1
3,5,4,5,-1
16,16,16,17,-1
27,26,25,27,27
16,14,14,16,15
21,22,-1,-1,22
13,12,12,11,-1
-1,35,34,-1,35
35,35,-1,35,-1
-1,20,-1,19,19
25,-1,25,25,-1
16,16,20,17,17
17,18,-1,-1,17
27,28,27,26,27
-1,-1,21,22,21
37,37,35,37,-1
39,37,38,-1,-1
37,-1,37,36,-1
7,-1,-1,5,-1
9,7,7,6,-1
-1,16,-1,16,-1
-1,7,5,7,7
26,24,24,-1,25
0,-1,-1,0,1
26,26,-1,25,27
31,32,31,-1,31
1,1,1,1,-1
39,35,-1,38,39
-1,21,23,23,21
13,-1,12,11,10
7,7,-1,8,-1
-1,8,-1,9,8
27,25,27,-1,27
3,1,3,3,1
26,27,27,26,26
19,19,19,19,19
-1,6,6,7,7
-1,23,21,25,-1
-1,28,-1,27,-1
7,-1,5,8,-1
-1,27,-1,25,25
34,-1,32,-1,33
-1,35,34,33,33
4,1,2,1,0
-1,-1,7,6,-1
10,12,13,-1,12
28,-1,27,-1,28
19,19,19,20,-1
12,-1,9,9,10
16,14,16,16,-1
-1,27,-1,29,-1
16,16,-1,15,16
14,15,-1,16,16
6,6,7,4,3
25,-1,-1,-1,22
38,39,38,39,39
19,20,20,20,20
10,9,9,-1,10
27,-1,24,25,26
32,-1,31,35,-1
39,39,-1,38,39
3,-1,5,-1,-1
16,17,16,16,16
-1,33,34,-1,35
1,2,2,2,-1
20,19,19,-1,20
7,6,6,5,4
-1,35,36,-1,35
-1,33,33,31,31
19,-1,21,22,-1
10,13,-1,13,12
17,19,-1,-1,19
20,20,20,20,19
10,-1,9,-1,11
-1,29,31,30,31
5,-1,6,5,6
21,22,21,21,21
25,-1,27,-1,26
-1,19,19,20,-1
-1,-1,33,-1,35
37,-1,38,39,35
38,-1,39,38,36
6,6,-1,6,5
-1,4,3,-1,3
-1,11,12,-1,12
21,25,20,-1,-1
-1,15,16,16,16
39,38,38,37,-1
27,-1,25,24,26
15,15,16,15,-1
17,17,16,15,19
31,29,31,31,31
12,12,10,9,-1
-1,-1,11,12,12
-1,35,-1,33,35
-1,-1,24,-1,25
19,19,19,-1,18
-1,0,1,1,1
24,22,23,23,-1
34,35,35,35,-1
7,7,8,11,-1
29,-1,31,31,31
31,31,31,29,-1
-1,-1,38,38,38
38,39,38,38,39
-1,31,-1,31,33
9,11,9,9,-1
-1,11,12,-1,9
36,35,35,34,32
28,-1,-1,26,-1
29,27,30,-1,28
-1,9,10,9,9
16,17,-1,-1,-1
3,-1,-1,2,1
31,-1,31,-1,31
12,10,-1,14,16
-1,28,27,27,25
21,20,-1,20,-1
6,6,6,6,-1
28,28,29,28,28
22,21,-1,21,-1
26,-1,-1,24,24
24,24,23,-1,20
39,-1,39,37,-1
9,11,13,-1,14
-1,19,21,-1,22
14,-1,15,13,15
21,21,-1,20,22
26,-1,25,25,-1
39,39,38,37,38
-1,13,-1,12,-1
10,12,14,16,-1
-1,-1,24,24,-1
37,-1,-1,37,-1
3,2,3,-1,1
-1,5,7,-1,4
6,7,6,5,4
-1,33,31,31,32
18,15,20,16,16
26,26,25,26,27
21,21,21,-1,22
-1,3,3,3,5
4,-1,5,7,7
39,39,39,38,39
28,29,28,29,29
-1,21,21,21,23
23,22,-1,-1,21
16,19,19,19,19
-1,20,-1,20,-1
-1,32,31,32,34
38,35,-1,-1,39
-1,-1,29,27,30
7,7,6,7,4
36,38,-1,36,39
-1,39,38,38,-1
1,1,-1,1,-1
5,4,7,-1,6
29,-1,-1,27,-1
25,25,27,25,25
1,3,-1,3,-1
15,14,15,-1,17
5,7,-1,7,-1
18,-1,-1,16,19
21,-1,21,19,20
19,-1,24,23,22
-1,-1,16,-1,16
20,20,18,18,20
-1,29,29,29,-1
18,20,20,20,19
-1,-1,-1,-1,-1
-1,21,-1,22,21
-1,-1,12,12,-1
-1,32,31,32,-1
10,16,-1,17,16
2,-1,3,3,5
26,-1,24,-1,27
-1,20,19,20,20
19,-1,20,19,20
33,35,-1,35,-1
-1,39,38,38,39
9,-1,8,9,10
27,-1,27,27,27
18,16,15,15,14
-1,-1,11,-1,7
12,11,-1,11,11
3,-1,-1,-1,9
-1,19,-1,20,20
-1,27,25,25,25
17,15,-1,15,-1
34,31,30,32,32
-1,-1,-1,34,31
-1,25,22,21,24
28,28,28,27,27
-1,31,29,-1,29
35,31,-1,31,31
-1,27,-1,29,26
18,22,22,19,19
-1,3,2,3,4
33,35,-1,31,31
-1,31,30,31,-1
6,-1,6,8,7
-1,7,6,8,7
28,-1,-1,-1,29
-1,7,7,8,-1
-1,19,20,-1,20
26,29,29,29,29
19,19,20,20,19
18,-1,19,19,20
-1,5,-1,8,10
27,25,25,26,-1
-1,-1,-1,31,31
5,8,7,-1,-1
-1,9,10,9,-1
-1,21,-1,-1,-1
28,31,33,-1,-1
24,23,-1,21,20
-1,31,34,-1,33
20,21,21,25,22
21,20,20,20,-1
33,-1,35,33,33
19,-1,-1,20,19
38,39,38,-1,-1
38,-1,38,37,38
27,28,28,27,27
36,-1,-1,33,-1
-1,7,-1,-1,4
-1,29,29,31,31
16,-1,14,17,15
-1,-1,-1,-1,-1
5,5,-1,1,1
1,1,0,1,2
22,25,25,23,-1
16,-1,-1,16,17
25,26,25,25,-1
6,-1,7,7,10
10,-1,-1,8,9
-1,16,-1,16,15
-1,25,25,23,24
-1,5,-1,5,6
31,29,30,31,31
-1,-1,12,9,-1
-1,27,26,25,25
3,3,4,-1,-1
23,25,21,-1,23
-1,35,33,34,34
8,9,10,8,9
29,-1,-1,33,31
14,12,14,14,16
22,21,21,-1,-1
14,-1,16,14,16
-1,11,12,11,-1
-1,32,-1,33,32
24,-1,23,21,21
31,-1,30,-1,31
25,-1,-1,27,-1
28,28,-1,27,-1
-1,-1,34,-1,31
38,37,35,-1,35
3,-1,6,6,7
-1,-1,-1,25,25
1,-1,-1,1,1
15,-1,-1,16,-1
19,-1,-1,-1,20
-1,8,11,9,-1
5,1,1,-1,-1
-1,38,36,37,35
31,-1,33,32,-1
38,38,38,39,-1
-1,38,37,39,38
-1,-1,25,26,-1
-1,-1,18,19,-1
16,17,17,-1,16
1,-1,3,-1,2
19,18,21,-1,19
22,-1,25,-1,21
31,28,-1,31,31
34,35,34,-1,33
-1,22,-1,-1,22
-1,-1,39,39,38
-1,5,9,6,8
31,32,35,33,34
-1,19,19,19,-1
31,29,31,-1,33
33,31,31,33,34
23,-1,22,-1,-1
28,-1,27,-1,26
31,31,31,31,-1
33,34,-1,33,32
-1,1,-1,1,1
-1,-1,39,37,39
-1,19,19,-1,16
3,-1,6,4,-1
28,27,27,26,27
19,16,16,15,15
25,24,23,-1,24
35,-1,35,36,-1
28,26,29,-1,29
5,-1,7,5,7
25,26,-1,-1,25
-1,26,27,-1,26
38,-1,-1,-1,39
-1,15,16,16,16
-1,35,-1,35,35
-1,19,19,-1,20
14,12,12,-1,13
-1,24,24,23,-1
8,7,-1,7,-1
20,-1,20,-1,-1
5,3,1,5,-1
12,16,14,16,15
29,27,28,31,33
-1,29,-1,27,29
-1,-1,3,-1,-1
-1,2,1,0,0
37,39,37,36,-1
0,1,0,-1,1
8,9,10,-1,9
31,35,33,31,33
1,3,3,1,3
9,8,8,12,-1
16,-1,16,16,-1
-1,-1,22,21,-1
-1,-1,31,31,31
-1,34,-1,-1,32
27,-1,-1,29,31
7,7,-1,7,6
6,7,6,6,-1
-1,16,16,14,16
-1,22,-1,22,-1
20,-1,-1,20,-1
-1,31,31,31,31
20,17,-1,-1,19
19,20,-1,19,20
-1,7,5,7,7
-1,21,21,23,22
1,-1,-1,1,-1
4,7,6,6,-1
20,-1,-1,20,-1
-1,19,-1,20,20
29,28,-1,28,29
-1,-1,-1,20,-1
15,19,-1,-1,16
22,24,24,24,-1
-1,33,32,31,32
25,25,26,26,25
7,6,8,-1,7
33,35,33,37,36
7,7,7,6,7
6,-1,7,7,-1
-1,-1,16,16,16
-1,22,21,-1,22
-1,14,-1,15,16
-1,10,-1,-1,10
-1,30,-1,-1,-1
12,-1,11,-1,12
-1,8,-1,10,8
25,25,-1,25,-1
19,19,-1,19,20
31,31,-1,31,31
-1,10,-1,10,7
32,33,35,-1,34
19,-1,19,-1,19
35,-1,38,-1,38
-1,21,-1,22,20
23,22,22,21,20
27,-1,25,-1,25
3,-1,5,3,4
35,35,35,35,-1
-1,3,2,1,1
20,21,19,19,19
10,-1,-1,9,-1
-1,3,5,7,-1
-1,-1,-1,39,-1
-1,7,7,-1,5
27,27,27,-1,29
31,31,-1,31,31
36,-1,38,38,36
1,1,2,2,2
18,-1,20,20,-1
20,-1,20,20,19
-1,-1,-1,33,-1
36,39,-1,39,39
39,39,37,-1,-1
24,25,24,-1,20
34,33,-1,31,30
-1,-1,9,4,6
9,-1,10,-1,9
39,-1,-1,38,39
28,29,29,-1,28
-1,8,7,7,-1
9,9,8,10,-1
20,-1,19,20,19
31,33,-1,31,31
-1,-1,-1,-1,1
35,34,-1,33,-1
24,21,24,23,25
24,-1,24,24,22
10,9,9,-1,9
-1,7,-1,-1,-1
25,24,25,25,22
-1,-1,-1,31,31
1,-1,1,1,0
35,34,31,32,31
24,24,24,22,25
29,29,29,29,31
-1,-1,-1,8,9
-1,-1,35,37,-1
27,-1,27,25,-1
7,10,-1,6,9
-1,-1,27,-1,28
19,20,20,20,20
-1,18,17,19,17
3,0,1,3,1
-1,20,-1,-1,-1
29,28,27,-1,27
4,4,4,6,5
24,24,24,21,21
7,-1,-1,7,8
-1,12,-1,12,-1
4,-1,3,3,4
19,-1,19,-1,20
31,28,-1,-1,31
-1,15,-1,-1,16
2,-1,2,1,1
35,37,37,38,-1
-1,-1,21,21,21
14,11,13,11,13
18,19,19,19,19
33,34,-1,35,-1
10,-1,12,-1,13
-1,6,-1,4,7
7,10,-1,-1,8
29,-1,-1,28,27
2,2,-1,3,1
-1,7,10,11,-1
29,31,28,30,-1
36,35,33,34,34
-1,-1,19,19,18
-1,-1,-1,-1,27
-1,-1,-1,11,12
-1,7,7,6,6
1,1,1,-1,-1
36,35,-1,35,-1
-1,16,16,17,-1
37,38,-1,38,37
2,0,1,1,-1
32,34,31,29,-1
-1,7,5,-1,-1
28,29,-1,31,31
28,-1,32,31,32
33,32,33,31,32
28,27,27,24,25
31,31,31,31,31
23,19,23,21,24
-1,28,29,33,-1
21,19,20,21,21
27,26,25,-1,26
12,-1,14,15,17
36,36,-1,38,37
-1,6,4,5,3
-1,23,23,23,24
12,14,12,-1,-1
27,25,27,27,26
-1,31,-1,31,-1
-1,31,-1,-1,31
8,10,-1,9,12
9,9,-1,-1,9
32,33,-1,-1,35
-1,15,16,16,-1
38,-1,39,-1,36
-1,-1,38,-1,36
27,28,26,25,25
19,19,18,-1,19
10,-1,-1,11,12
39,35,-1,39,-1
19,-1,22,21,21
3,3,-1,5,5
-1,15,-1,-1,-1
7,5,5,5,-1
24,25,-1,27,-1
31,31,35,-1,33
29,28,-1,27,29
31,-1,-1,31,31
12,-1,10,11,-1
-1,26,26,-1,26
25,22,22,21,-1
-1,-1,29,29,-1
16,17,16,16,15
5,-1,4,-1,5
-1,11,-1,-1,7
16,-1,-1,15,16
27,-1,31,29,31
36,32,-1,31,35
4,5,3,-1,-1
-1,1,2,1,-1
30,31,35,33,31
-1,14,15,14,-1
7,9,6,8,7
-1,4,-1,7,6
5,3,-1,-1,4
11,11,10,9,12
6,-1,6,7,7
21,22,21,22,-1
3,-1,-1,7,7
19,19,16,18,19
-1,-1,29,31,31
-1,4,6,-1,6
4,5,7,4,6
28,-1,27,27,25
19,16,-1,17,17
-1,-1,16,-1,-1
3,-1,6,-1,5
-1,26,27,27,-1
-1,20,-1,15,15
27,-1,25,26,27
34,31,33,-1,33
38,-1,38,38,35
29,27,27,-1,27
34,33,34,33,-1
1,1,1,-1,1
16,-1,16,14,14
18,18,20,19,20
-1,1,3,1,2
-1,21,-1,21,20
17,18,-1,-1,-1
27,-1,-1,25,27
18,19,20,15,15
-1,24,24,-1,23
-1,16,16,17,-1
15,15,14,-1,-1
39,-1,38,-1,-1
38,-1,38,39,38
22,21,-1,22,23
34,-1,-1,36,-1
20,20,-1,19,20
-1,31,31,34,32
-1,20,19,20,21
7,-1,7,7,6
-1,11,12,12,11
-1,38,35,39,38
-1,35,-1,-1,-1
12,14,12,-1,12
30,-1,-1,27,25
16,16,-1,14,16
-1,-1,31,-1,31
12,13,12,12,-1
22,-1,23,23,-1
30,30,-1,-1,-1
30,32,-1,33,33
6,6,5,-1,-1
10,9,10,10,11
35,38,38,39,39
3,3,-1,3,1
2,2,-1,-1,1
33,31,34,33,-1
26,21,-1,-1,25
3,5,3,3,1
18,18,17,19,-1
15,-1,-1,16,16
31,31,31,31,33
14,12,13,12,12
31,31,31,31,31
35,32,34,-1,33
13,13,12,-1,12
-1,6,-1,7,-1
-1,6,7,-1,6
21,19,-1,19,19
25,24,22,21,22
-1,7,6,9,10
1,1,1,0,-1
8,-1,10,-1,9
-1,23,25,22,21
12,-1,14,-1,12
5,3,-1,4,3
-1,16,15,-1,16
-1,-1,-1,23,20
34,31,33,33,35
26,-1,22,24,22
10,-1,11,11,10
7,6,-1,6,5
-1,31,31,31,31
25,25,25,27,25
31,35,-1,35,-1
20,-1,21,22,22
35,35,33,30,32
26,25,-1,27,25
20,20,20,20,-1
-1,5,-1,-1,7
16,18,17,20,-1
-1,14,15,13,16
27,25,-1,25,25
8,7,-1,-1,9
27,25,27,26,26
16,17,-1,18,17
-1,21,-1,19,19
-1,25,-1,22,21
25,-1,-1,27,-1
29,-1,33,30,-1
26,25,26,26,26
35,36,38,38,38
-1,-1,34,33,33
-1,29,29,31,31
22,25,25,-1,25
27,-1,25,26,-1
-1,14,15,-1,16
25,-1,26,-1,26
38,39,39,38,37
20,18,18,-1,20
-1,31,31,-1,33
3,4,5,6,7
-1,19,19,17,19
11,9,14,12,12
6,-1,6,-1,-1
28,32,34,31,30
3,1,3,-1,1
-1,-1,-1,-1,-1
23,23,22,22,22
-1,7,5,5,-1
35,34,-1,35,36
-1,39,38,39,-1
-1,12,-1,11,12
24,-1,22,23,22
-1,1,0,1,1
4,-1,1,1,1
-1,32,-1,-1,33
16,19,-1,-1,20
25,25,-1,27,25
-1,-1,34,34,33
38,39,-1,39,36
13,-1,11,11,9
-1,-1,-1,-1,-1
-1,-1,37,-1,35
28,29,28,28,29
-1,-1,3,3,-1
16,-1,16,-1,16
-1,29,29,31,31
21,22,-1,-1,-1
-1,0,1,-1,-1
16,-1,-1,15,14
-1,-1,27,26,25
-1,27,25,27,-1
39,39,38,-1,39
33,31,32,34,32
36,35,35,-1,38
34,35,36,-1,35
9,10,8,8,7
31,27,-1,29,32
35,35,38,38,35
25,-1,22,-1,22
38,36,39,-1,-1
1,-1,-1,1,1
7,-1,6,-1,6
34,32,-1,35,38
-1,38,-1,-1,39
12,12,10,12,-1
3,-1,3,3,-1
-1,-1,7,-1,-1
29,29,29,28,-1
-1,25,25,-1,-1
4,-1,5,7,4
1,1,2,1,1
-1,-1,31,31,-1
-1,5,3,-1,-1
1,1,1,-1,1
-1,19,18,16,-1
26,-1,-1,-1,26
-1,24,22,21,-1
24,24,25,-1,25
-1,4,-1,6,6
31,31,31,-1,34
-1,16,16,19,16
7,-1,9,9,9
7,3,4,-1,4
25,-1,24,21,20
23,23,22,-1,-1
4,7,-1,5,6
26,26,27,-1,29
22,-1,24,24,-1
-1,39,-1,39,38
27,26,26,27,25
-1,-1,19,20,22
7,6,7,9,8
30,28,31,29,32
21,24,21,-1,21
5,1,-1,1,-1
9,12,14,12,-1
-1,-1,17,-1,16
32,31,31,31,31
-1,8,8,11,-1
3,6,5,-1,-1
-1,21,22,24,-1
-1,1,1,-1,0
2,1,-1,0,-1
29,31,31,-1,-1
27,26,-1,27,28
31,31,32,-1,31
1,0,2,2,2
7,7,9,-1,9
31,33,35,34,35
25,25,25,25,25
21,24,21,22,22
-1,38,39,38,-1
36,37,35,36,38
1,-1,-1,1,2
-1,16,15,14,16
21,21,22,22,-1
6,-1,7,5,5
18,16,14,15,14
24,-1,25,26,-1
-1,-1,19,20,-1
20,-1,-1,19,-1
18,15,14,15,15
4,3,-1,5,-1
6,7,6,4,7
10,8,7,-1,11
-1,18,17,17,-1
26,-1,29,29,29
-1,31,-1,-1,33
-1,3,-1,6,4
-1,35,35,-1,35
8,8,9,10,-1
21,23,21,21,-1
7,-1,6,-1,-1
28,-1,-1,27,26
38,38,-1,38,-1
10,9,9,8,11
20,20,18,19,20
26,-1,26,28,27
29,28,29,-1,28
25,26,24,-1,21
16,15,-1,16,14
16,16,16,16,16
31,31,31,31,-1
-1,-1,-1,12,12
3,-1,-1,7,6
11,11,11,-1,13
28,-1,28,-1,29
27,27,29,28,-1
27,28,27,-1,26
-1,-1,-1,-1,-1
11,-1,10,11,12
9,9,11,-1,9
31,31,-1,-1,-1
24,21,22,21,-1
32,32,35,-1,-1
15,12,-1,12,-1
38,38,37,34,-1
-1,22,21,-1,19
15,14,14,16,16
12,9,8,-1,9
19,20,20,20,17
1,-1,2,-1,1
9,9,10,-1,7
33,33,34,35,-1
21,24,21,19,23
20,18,19,21,19
38,39,38,39,38
1,-1,1,-1,1
7,6,6,-1,7
21,-1,20,19,21
-1,19,18,-1,-1
-1,1,-1,1,1
19,19,19,-1,20
-1,11,11,-1,-1
-1,7,6,7,-1
33,-1,-1,-1,31
-1,-1,26,26,-1
-1,-1,1,2,-1
27,31,31,31,31
-1,4,-1,6,7
15,14,-1,12,14
24,25,-1,-1,-1
-1,28,28,29,27
16,14,16,-1,14
5,7,4,7,7
1,3,3,1,-1
29,-1,-1,32,32
25,-1,25,-1,26
24,23,23,-1,-1
5,6,7,7,-1
33,35,31,33,33
15,14,12,16,-1
29,28,29,27,27
-1,5,-1,-1,4
16,19,19,21,20
-1,-1,19,19,-1
27,27,29,27,27
3,1,1,-1,1
31,31,31,33,31
-1,3,-1,6,-1
20,-1,-1,19,18
14,16,-1,-1,-1
19,17,17,15,13
10,10,-1,-1,-1
-1,20,-1,19,18
34,35,33,33,31
24,25,-1,-1,25
33,33,33,33,34
-1,36,35,39,38
19,-1,19,19,19
21,24,22,22,21
-1,32,31,-1,35
2,-1,1,-1,1
25,22,-1,21,21
20,20,19,20,19
-1,9,-1,8,7
-1,10,12,12,12
-1,-1,31,31,31
-1,0,4,3,-1
2,3,3,6,5
22,20,24,22,-1
10,8,8,-1,8
12,14,-1,15,16
-1,34,33,-1,-1
-1,19,-1,22,-1
7,-1,-1,5,7
9,8,12,12,-1
33,-1,32,33,31
-1,3,-1,3,5
-1,28,27,29,28
31,-1,-1,33,33
27,29,27,-1,-1
1,1,1,1,1
25,24,21,23,-1
-1,38,-1,34,35
25,-1,26,-1,26
7,8,9,-1,-1
-1,24,-1,25,25
1,2,0,1,4
-1,-1,-1,16,14
38,-1,37,35,-1
3,3,4,2,4
7,8,8,8,8
27,26,28,27,28
15,16,16,-1,16
25,24,25,21,25
7,7,4,3,4
-1,-1,17,16,16
38,39,36,39,39
-1,-1,-1,14,16
19,-1,-1,-1,19
26,27,26,25,22
34,34,33,35,35
23,26,25,22,22
31,29,-1,29,31
30,33,33,32,33
20,21,-1,19,-1
19,-1,20,-1,19
7,-1,8,6,7
-1,-1,-1,-1,-1
-1,21,21,21,19
17,17,-1,20,-1
-1,5,7,4,-1
21,19,20,19,-1
27,-1,27,27,27
3,-1,-1,3,5
29,-1,32,31,31
38,-1,39,36,38
12,10,9,8,8
29,29,-1,-1,29
38,38,37,36,35
7,5,5,-1,6
-1,37,37,-1,-1
4,-1,7,6,8
21,25,24,-1,25
-1,24,22,-1,21
1,0,1,2,2
15,16,14,-1,-1
7,8,8,-1,-1
27,26,27,-1,26
-1,31,31,32,31
32,-1,34,-1,35
24,-1,27,-1,-1
33,33,33,-1,31
8,9,8,-1,-1
27,25,-1,-1,-1
32,-1,-1,32,-1
-1,-1,3,1,1
-1,-1,5,5,6
4,3,5,3,-1
-1,24,21,22,-1
4,5,7,-1,7
15,16,-1,15,-1
-1,15,15,-1,16
10,-1,10,10,9
-1,-1,15,15,-1
20,20,20,20,18
7,5,5,-1,7
23,21,21,-1,21
-1,-1,2,2,0
-1,39,-1,-1,-1
6,6,4,7,6
-1,7,6,6,-1
33,35,33,-1,33
13,-1,-1,16,-1
10,8,8,8,-1
35,33,32,32,32
38,38,39,39,38
-1,18,-1,20,-1
-1,25,27,-1,27
31,-1,-1,-1,31
0,2,0,4,1
27,28,-1,29,-1
17,16,-1,19,19
13,-1,12,12,11
-1,6,4,-1,6
28,29,28,29,31
-1,-1,-1,6,6
35,31,32,-1,-1
26,27,-1,24,24
30,31,-1,31,31
36,-1,39,-1,37
20,-1,-1,-1,19
1,1,1,1,4
9,-1,12,12,-1
13,12,11,11,12
4,5,6,-1,-1
3,3,-1,-1,-1
7,7,4,6,-1
33,35,34,-1,-1
26,-1,26,-1,-1
35,-1,34,31,32
31,-1,31,31,31
25,25,26,25,-1
28,30,31,34,-1
-1,-1,19,-1,19
16,12,12,11,-1
19,19,-1,20,17
17,16,-1,16,16
-1,8,9,7,10
8,8,8,8,9
-1,21,20,21,22
9,-1,11,11,10
9,-1,11,13,15
15,16,-1,-1,16
38,35,35,33,35
16,15,14,16,15
9,-1,7,8,7
35,35,-1,-1,33
-1,3,-1,-1,-1
8,-1,-1,-1,11
12,12,8,9,10
7,-1,-1,7,9
2,5,4,-1,7
-1,-1,35,35,34
3,6,3,-1,7
9,9,-1,8,9
-1,-1,11,9,11
17,-1,19,-1,-1
10,11,10,8,11
-1,31,31,31,31
2,3,3,-1,3
-1,20,-1,23,21
19,-1,-1,20,20
6,7,5,-1,-1
13,15,12,10,12
-1,21,19,22,19
15,16,20,16,-1
-1,31,33,32,-1
30,-1,31,-1,-1
23,-1,-1,23,25
35,-1,38,37,-1
24,-1,22,-1,21
36,-1,-1,-1,35
7,9,-1,10,10
19,-1,-1,-1,19
19,19,19,-1,-1
3,4,-1,7,4
-1,29,26,28,27
24,21,19,23,-1
35,37,-1,-1,38
11,-1,11,12,10
-1,21,25,25,25
18,-1,19,-1,-1
4,-1,3,-1,-1
12,-1,10,12,-1
-1,33,31,-1,32
22,-1,21,21,-1
2,3,3,5,2
28,27,28,28,-1
15,-1,15,-1,16
8,7,9,8,9
1,1,1,0,2
31,33,-1,-1,31
35,35,34,35,31
39,39,-1,39,39
30,31,31,31,31
14,16,16,-1,-1
22,25,21,22,22
16,16,16,16,14
18,20,19,21,19
-1,-1,-1,9,-1
14,-1,-1,-1,-1
17,-1,-1,16,-1
24,25,22,-1,-1
-1,-1,-1,11,8
38,37,34,35,38
-1,1,1,2,-1
16,-1,-1,19,16
-1,1,1,1,2
19,19,19,-1,19
-1,0,1,-1,2
27,28,26,28,-1
35,34,35,35,36
13,13,14,16,15
31,35,29,31,30
26,-1,25,27,-1
1,1,1,1,2
-1,-1,4,7,5
-1,-1,19,-1,16
10,11,10,9,11
14,-1,16,16,16
7,6,-1,6,5
-1,16,15,16,16
24,24,22,27,21
35,39,38,-1,39
-1,25,25,27,25
12,-1,14,-1,16
9,9,9,10,-1
18,-1,18,19,20
16,15,16,16,-1
11,12,12,-1,10
38,-1,-1,38,37
12,13,14,12,-1
35,35,-1,35,36
25,-1,24,26,27
-1,15,-1,14,16
36,35,32,31,33
-1,21,22,22,24
34,31,32,-1,31
-1,26,25,-1,-1
27,-1,27,-1,26
22,-1,-1,-1,25
8,6,11,-1,10
-1,-1,25,24,27
26,28,26,27,25
-1,39,39,39,-1
24,21,24,-1,-1
24,-1,26,24,24
-1,26,-1,-1,25
-1,29,27,27,27
30,29,-1,33,31
-1,25,27,26,24
-1,19,20,-1,19
27,-1,-1,26,-1
28,29,30,29,31
26,27,25,-1,-1
22,25,-1,24,24
-1,25,-1,27,26
-1,-1,15,16,14
36,38,38,39,38
-1,9,10,-1,-1
21,23,24,21,21
5,-1,2,5,3
16,15,-1,16,-1
19,-1,-1,19,20
11,-1,11,12,12
27,-1,25,25,26
28,28,27,27,27
3,5,4,2,4
29,32,32,32,31
-1,1,1,2,2
2,0,-1,2,3
3,4,3,6,1
-1,31,35,-1,31
6,-1,-1,5,-1
1,2,0,1,2
7,6,-1,7,7
-1,19,23,20,19
-1,35,35,35,31
19,19,20,-1,21
-1,-1,-1,19,20
18,19,19,19,19
2,-1,1,1,1
19,19,20,19,19
-1,1,3,-1,2
-1,-1,-1,7,7
31,-1,33,-1,33
39,38,-1,36,36
26,-1,-1,-1,26
5,-1,-1,7,6
38,-1,-1,-1,34
36,36,35,-1,34
16,15,-1,16,15
31,31,34,31,34
7,6,7,-1,-1
7,10,8,7,7
1,-1,2,-1,1
15,-1,12,12,-1
21,-1,19,-1,20
15,14,16,16,15
0,1,1,5,-1
24,24,22,21,20
27,27,-1,25,-1
7,-1,4,-1,7
33,-1,35,35,34
34,-1,-1,34,31
-1,-1,20,-1,-1
-1,10,6,6,8
34,33,32,-1,31
20,20,19,20,20
17,17,19,19,-1
35,38,38,-1,-1
27,29,29,-1,-1
16,-1,15,-1,14
35,38,39,38,-1
13,16,14,16,15
5,-1,-1,-1,3
-1,15,16,16,-1
11,11,10,-1,-1
2,-1,-1,6,5
1,-1,1,1,1
17,18,-1,-1,-1
18,19,-1,20,-1
-1,7,-1,7,6
31,31,-1,-1,31
-1,1,1,-1,3
-1,16,16,16,16
16,-1,15,-1,17
39,39,37,38,-1
-1,6,-1,6,7
-1,20,19,20,19
27,27,25,27,27
16,16,14,-1,15
-1,31,31,-1,-1
35,35,38,34,39
-1,-1,25,25,26
25,24,22,24,23
19,18,16,-1,-1
22,22,-1,21,21
12,-1,-1,-1,8
18,16,16,-1,-1
16,-1,17,16,14
-1,27,-1,-1,26
-1,-1,-1,10,10
-1,-1,8,-1,9
6,3,-1,-1,5
23,23,21,20,19
-1,-1,35,-1,-1
7,-1,7,7,7
25,26,25,25,-1
38,-1,39,39,39
-1,34,36,34,31
19,19,19,19,19
7,-1,-1,4,5
-1,21,-1,22,-1
16,16,16,-1,17
6,7,7,7,7
35,38,-1,37,35
35,34,35,38,-1
-1,9,9,-1,10
7,7,7,7,7
38,38,39,-1,38
16,-1,15,20,17
26,25,25,27,24
35,34,34,34,35
-1,25,-1,25,25
-1,-1,19,17,-1
8,-1,11,10,-1
-1,7,5,6,7
4,-1,5,7,7
35,34,35,33,35
7,7,7,7,7
39,39,39,37,39
-1,32,32,31,32
34,-1,-1,31,31
-1,31,33,33,33
3,3,5,7,7
36,-1,32,-1,-1
31,30,-1,34,33
23,22,-1,20,-1
7,9,-1,10,8
-1,-1,34,33,32
6,7,-1,5,5
6,5,6,4,5
25,25,24,-1,24
33,-1,31,32,34
-1,7,8,-1,7
16,16,-1,-1,19
12,-1,-1,-1,10
-1,-1,31,33,31
39,38,-1,39,39
1,1,-1,1,2
31,30,33,31,34
6,3,-1,-1,4
12,12,10,-1,11
22,21,23,24,-1
30,31,33,-1,33
-1,27,27,27,-1
-1,-1,9,-1,9
-1,-1,-1,17,-1
19,19,20,-1,20
-1,20,-1,19,21
12,12,12,12,14
38,39,38,38,-1
11,12,15,12,12
33,-1,33,35,35
19,-1,-1,-1,-1
21,24,24,23,-1
-1,-1,25,25,26
14,15,-1,16,16
16,14,16,16,16
38,36,-1,37,39
16,16,16,15,-1
30,-1,31,-1,32
38,39,37,-1,38
-1,-1,10,-1,11
12,-1,-1,10,7
31,35,33,-1,36
35,35,37,35,35
38,39,38,39,37
21,-1,-1,-1,23
-1,29,29,28,31
24,22,-1,22,21
25,25,-1,26,-1
7,-1,9,-1,8
34,33,-1,-1,30
-1,19,20,19,-1
-1,18,16,18,-1
4,1,4,3,6
-1,38,36,38,39
-1,26,26,24,25
-1,16,17,17,-1
1,0,-1,4,2
-1,-1,14,17,20
12,-1,10,10,12
-1,10,-1,7,8
3,3,3,5,3
-1,23,24,27,-1
29,27,27,-1,28
3,-1,5,4,1
-1,35,-1,33,35
25,-1,24,-1,23
5,-1,7,-1,-1
-1,-1,16,15,-1
-1,22,-1,22,-1
-1,19,19,21,19
-1,38,35,39,38
20,-1,18,19,-1
31,29,31,-1,31
21,20,-1,24,23
35,32,33,33,-1
-1,-1,-1,-1,-1
20,-1,-1,19,18
-1,38,38,38,38
36,38,-1,35,39
-1,8,-1,7,10
-1,27,25,25,25
-1,31,31,31,31
29,31,-1,-1,-1
9,-1,7,7,8
19,20,20,21,-1
6,6,-1,-1,5
-1,19,-1,19,20
32,31,32,33,32
38,39,38,38,38
37,35,35,38,-1
21,21,20,-1,-1
-1,14,-1,17,16
18,-1,16,15,16
6,3,-1,-1,-1
19,21,-1,-1,20
4,4,-1,5,7
20,20,20,20,-1
33,35,-1,37,38
-1,4,5,7,6
-1,4,5,5,4
27,26,-1,-1,25
7,7,8,6,7
27,-1,25,-1,25
-1,-1,31,-1,-1
-1,7,5,-1,7
-1,6,3,3,-1
-1,-1,19,19,20
3,4,5,3,4
-1,-1,20,19,20
-1,26,-1,27,29
16,15,15,15,16
39,-1,38,-1,-1
12,-1,14,-1,14
3,-1,1,1,1
34,-1,-1,32,-1
22,-1,24,-1,-1
7,7,-1,7,-1
10,-1,11,14,-1
35,36,-1,34,31
30,30,28,-1,-1
38,39,38,35,-1
3,5,3,-1,4
12,12,-1,12,-1
-1,34,35,35,32
-1,-1,-1,-1,39
34,-1,-1,-1,-1
27,29,28,27,28
19,22,-1,-1,-1
29,30,31,29,-1
33,35,32,33,33
17,16,-1,20,-1
20,-1,20,-1,20
-1,5,-1,7,7
1,-1,-1,1,1
16,16,17,14,14
5,3,7,5,6
18,-1,20,-1,20
3,5,6,-1,5
20,19,23,20,23
-1,21,23,-1,24
9,8,11,12,8
24,-1,-1,18,19
27,29,29,29,28
38,-1,37,-1,-1
38,-1,38,38,38
6,6,-1,7,7
24,-1,24,-1,-1
23,24,24,25,-1
31,33,35,32,-1
11,-1,12,12,-1
12,12,-1,16,16
1,-1,4,-1,7
39,37,34,37,37
29,31,-1,-1,-1
27,28,27,28,27
-1,-1,-1,19,20
33,34,35,31,35
18,16,18,16,16
-1,25,-1,25,25
-1,-1,9,7,9
22,24,24,25,-1
7,-1,-1,9,7
16,-1,15,18,18
-1,10,-1,-1,10
38,39,-1,39,38
-1,16,-1,-1,15
33,-1,34,-1,-1
6,3,3,6,3
-1,27,27,28,27
-1,-1,-1,16,-1
-1,27,29,28,27
-1,33,31,33,31
-1,15,16,16,-1
24,25,21,23,19
7,6,7,-1,-1
35,37,-1,37,-1
21,-1,21,21,20
29,29,28,-1,29
5,-1,7,5,-1
-1,38,38,38,38
-1,5,7,-1,6
19,17,17,-1,-1
-1,25,26,27,25
35,36,-1,36,-1
11,-1,11,10,11
-1,35,-1,33,31
-1,20,21,-1,-1
19,23,22,23,21
-1,20,-1,-1,-1
38,-1,39,39,38
31,-1,33,31,-1
27,-1,24,23,19
32,31,34,33,30
18,20,20,19,19
-1,35,-1,31,32
1,-1,2,3,1
38,36,39,-1,-1
7,10,9,9,10
10,8,10,11,-1
24,-1,22,23,21
32,-1,-1,33,-1
29,31,29,28,31
27,27,27,27,27
19,19,-1,20,-1
32,34,33,33,31
1,1,1,-1,1
20,19,20,-1,19
31,-1,28,31,-1
-1,27,28,-1,-1
29,-1,28,-1,29
10,12,-1,11,12
10,-1,-1,-1,10
31,30,-1,27,27
39,37,38,38,39
-1,21,19,20,19
16,-1,16,-1,15
19,20,-1,20,20
31,-1,33,35,31
11,10,7,8,10
27,26,27,26,26
-1,18,20,-1,17
31,-1,33,31,-1
25,27,-1,26,27
-1,-1,-1,5,4
1,1,1,2,1
14,10,9,10,11
6,7,7,-1,6
35,-1,-1,35,-1
29,28,27,28,27
31,-1,32,33,33
12,-1,11,12,12
12,12,-1,-1,-1
20,-1,-1,20,19
24,-1,25,27,26
1,-1,1,-1,-1
12,12,12,-1,13
1,1,1,1,1
39,39,-1,36,33
8,-1,-1,-1,5
9,-1,6,9,8
39,-1,38,38,37
35,36,38,39,-1
-1,21,21,20,19
22,21,23,21,23
28,-1,31,31,32
17,-1,19,19,-1
10,-1,13,8,12
14,15,16,16,-1
6,7,7,7,7
-1,38,39,38,-1
-1,27,-1,-1,-1
6,6,7,5,5
-1,-1,-1,-1,-1
11,11,-1,11,11
27,26,25,25,24
19,18,19,20,19
-1,25,-1,25,25
11,12,11,11,-1
38,35,-1,-1,36
20,19,-1,-1,19
24,-1,24,25,25
35,37,35,-1,38
8,8,10,9,10
-1,10,14,16,11
36,33,-1,35,35
32,31,31,29,31
6,7,7,-1,6
-1,16,18,-1,-1
19,17,17,-1,17
19,-1,20,-1,20
1,-1,1,1,1
15,16,14,-1,-1
27,26,-1,24,27
9,11,-1,12,10
35,-1,35,39,-1
-1,0,1,3,5
23,22,24,-1,24
26,25,26,-1,24
-1,-1,10,9,8
7,12,9,10,-1
23,-1,21,21,-1
8,9,-1,11,-1
15,16,-1,14,16
-1,-1,2,-1,2
34,34,33,-1,-1
35,-1,38,-1,37
27,-1,27,27,27
7,6,6,-1,7
37,37,-1,-1,38
1,3,-1,3,1
32,31,31,-1,33
33,32,-1,35,35
31,32,32,31,-1
24,-1,-1,22,-1
7,-1,9,9,9
-1,16,17,16,16
38,39,38,38,38
17,-1,-1,16,16
25,-1,25,25,-1
28,29,-1,-1,-1
-1,24,23,-1,24
35,-1,38,33,35
17,17,20,-1,17
1,3,1,-1,1
7,9,6,5,6
0,1,1,-1,1
-1,27,31,31,31
-1,2,1,0,3
-1,31,32,-1,-1
29,-1,29,-1,26
-1,15,15,16,16
11,-1,12,10,10
-1,13,17,-1,15
35,38,-1,39,38
-1,-1,32,30,33
34,37,37,-1,-1
6,3,-1,4,6
-1,19,20,22,24
25,24,27,26,26
35,-1,35,33,31
5,4,-1,6,2
-1,0,0,2,1
5,-1,5,6,6
20,20,-1,-1,-1
20,16,20,19,20
3,4,6,3,-1
29,28,27,28,29
8,9,-1,11,9
-1,28,-1,28,26
26,25,26,24,27
-1,33,33,33,-1
27,-1,28,25,29
9,13,12,13,12
33,-1,32,31,-1
-1,12,14,-1,-1
27,25,25,27,-1
32,29,32,32,33
-1,-1,20,20,22
10,12,-1,10,10
23,-1,24,25,24
-1,7,8,10,8
3,2,2,3,3
-1,-1,19,-1,20
26,27,22,-1,24
27,-1,24,-1,-1
20,25,-1,22,-1
19,-1,-1,17,19
7,8,7,7,7
-1,38,-1,39,38
29,31,-1,-1,35
26,28,28,27,29
36,-1,36,36,37
4,5,4,5,-1
17,19,20,20,20
18,-1,19,20,20
31,31,-1,-1,31
38,-1,-1,39,38
-1,29,-1,-1,33
13,-1,15,16,16
16,16,20,16,19
-1,-1,23,22,21
-1,20,21,20,20
21,21,24,23,21
19,16,-1,18,16
27,-1,-1,27,27
27,27,25,-1,25
-1,-1,-1,19,18
34,34,33,35,35
-1,33,-1,36,35
9,11,-1,11,9
26,28,27,-1,-1
6,7,11,7,9
-1,27,-1,29,27
7,9,-1,-1,7
-1,36,34,37,38
31,32,35,35,33
-1,19,-1,19,15
20,19,-1,-1,21
26,25,24,25,21
32,32,31,-1,-1
19,16,-1,17,17
31,31,33,-1,32
2,3,1,1,1
32,32,-1,32,32
36,38,38,-1,-1
26,29,-1,28,26
5,7,-1,5,6
24,20,21,24,22
-1,-1,1,0,2
-1,14,13,-1,-1
-1,16,17,20,-1
-1,10,7,-1,-1
-1,35,33,34,31
27,26,24,-1,-1
5,4,6,6,5
-1,16,16,-1,19
-1,34,-1,-1,-1
9,7,8,9,9
33,-1,35,32,33
-1,11,12,-1,12
-1,22,-1,22,23
-1,13,15,-1,-1
-1,25,24,-1,25
-1,31,31,31,31
20,20,21,21,20
2,1,-1,2,5
24,-1,25,-1,25
-1,5,-1,-1,-1
2,6,-1,3,-1
29,30,-1,-1,31
13,16,15,15,-1
-1,27,25,-1,25
-1,38,39,38,-1
-1,21,20,23,23
11,13,12,12,10
27,25,26,24,24
-1,-1,-1,11,10
31,33,-1,31,-1
20,-1,19,20,19
37,38,38,35,39
19,20,19,20,20
1,3,5,-1,-1
32,31,-1,31,31
-1,-1,14,16,14
-1,7,6,6,-1
21,20,21,20,21
4,-1,5,3,3
-1,33,34,33,35
-1,39,-1,38,35
31,31,-1,34,-1
20,21,-1,22,21
10,11,12,-1,11
9,10,8,-1,10
12,13,10,12,12
37,36,35,-1,32
-1,37,37,39,-1
13,16,16,-1,-1
29,28,27,27,28
25,-1,26,25,27
33,33,34,35,35
-1,24,24,-1,24
24,21,22,21,20
25,25,25,25,-1
11,11,12,12,14
31,-1,-1,33,29
13,10,13,16,14
-1,22,22,22,-1
16,15,16,16,15
16,18,18,-1,-1
26,27,-1,27,26
14,-1,14,16,15
5,-1,6,4,5
-1,-1,2,1,3
21,26,-1,22,22
-1,-1,-1,11,12
20,21,24,-1,22
5,-1,-1,5,5
5,6,4,6,6
14,-1,15,16,15
-1,34,33,33,-1
35,34,-1,35,-1
36,-1,-1,33,34
22,21,-1,-1,21
9,10,13,9,-1
-1,-1,-1,15,14
17,19,-1,16,16
-1,22,22,24,22
-1,35,34,35,-1
1,2,1,1,1
-1,27,29,29,-1
-1,25,27,25,24
-1,31,31,31,-1
9,-1,11,-1,14
30,29,30,31,31
33,39,39,39,39
10,-1,14,13,-1
9,8,-1,-1,8
19,20,19,19,20
26,28,-1,27,28
37,-1,-1,39,38
7,-1,-1,5,5
27,26,-1,28,27
9,10,9,11,-1
1,1,-1,1,-1
35,34,-1,32,32
16,16,-1,-1,-1
-1,11,16,-1,15
7,11,-1,-1,11
16,17,19,-1,16
20,17,16,16,18
30,31,31,-1,31
31,33,32,-1,-1
37,36,36,33,39
22,19,22,24,-1
12,11,12,10,-1
-1,-1,9,-1,-1
39,38,39,39,38
0,-1,2,2,3
-1,-1,33,32,32
-1,-1,2,7,6
14,-1,12,13,11
25,27,-1,-1,-1
8,-1,9,-1,-1
19,21,19,-1,20
-1,-1,20,21,-1
22,-1,19,-1,-1
5,4,4,7,7
32,33,-1,33,35
27,27,24,25,25
-1,22,21,-1,-1
-1,1,1,1,1
-1,-1,34,-1,-1
3,-1,-1,-1,3
2,5,5,-1,-1
-1,35,-1,32,35
13,14,14,14,16
18,18,19,-1,20
18,19,17,16,-1
1,1,5,5,4
12,12,9,12,12
9,-1,-1,-1,-1
33,-1,31,31,31
11,12,10,10,-1
15,-1,16,17,16
1,1,-1,0,2
11,-1,-1,9,11
29,28,27,27,28
-1,16,-1,-1,-1
28,30,31,31,31
3,3,-1,4,5
2,-1,-1,-1,4
25,25,-1,24,-1
-1,32,-1,32,35
35,33,32,32,35
-1,3,1,-1,1
37,38,-1,-1,37
-1,-1,21,19,18
-1,1,-1,1,-1
1,1,2,1,1
1,-1,2,1,4
10,12,11,-1,-1
31,33,31,33,33
29,28,-1,-1,-1
16,16,18,-1,18
-1,31,31,31,31
7,-1,7,7,9
-1,22,23,23,20
25,24,-1,-1,-1
20,19,19,-1,-1
31,32,31,-1,33
35,33,-1,33,-1
28,31,31,29,-1
10,12,11,11,-1
-1,23,24,23,22
19,19,19,20,20
-1,7,4,6,7
26,24,25,-1,-1
19,-1,19,20,19
25,25,26,24,25
-1,3,-1,3,7
11,-1,11,13,-1
19,-1,19,20,19
-1,16,17,16,-1
-1,25,25,26,25
-1,29,-1,-1,29
37,-1,38,-1,-1
-1,27,25,25,-1
9,8,-1,-1,10
27,29,29,31,30
31,31,-1,29,31
15,16,17,-1,-1
9,9,-1,-1,9
5,3,3,3,1
-1,29,-1,-1,26
23,21,20,-1,-1
6,-1,-1,10,9
7,-1,6,7,-1
33,-1,35,34,33
-1,-1,-1,-1,21
28,31,31,31,29
24,24,23,-1,-1
25,-1,21,-1,24
6,-1,6,-1,6
12,10,11,-1,10
31,-1,30,31,31
-1,38,39,39,39
1,0,1,1,-1
17,16,17,16,-1
38,38,36,38,38
-1,9,9,-1,-1
35,36,35,37,37
-1,-1,25,21,-1
9,11,12,10,11
32,-1,31,31,33
-1,25,-1,25,23
29,29,-1,31,31
-1,31,32,31,31
18,-1,-1,19,19
34,34,-1,33,34
39,38,39,39,37
3,5,4,-1,3
28,28,27,-1,27
-1,31,-1,31,31
5,1,1,1,-1
-1,6,7,4,7
-1,34,32,33,32
20,21,20,22,-1
35,38,-1,38,39
20,21,19,24,-1
38,-1,-1,37,37
-1,16,-1,16,-1
-1,17,18,16,16
39,39,38,38,39
22,-1,25,20,-1
35,35,33,-1,34
1,-1,3,2,-1
7,7,9,11,-1
27,27,27,24,24
-1,37,-1,38,-1
20,20,19,-1,20
7,-1,-1,11,8
2,1,0,1,1
36,35,-1,34,33
11,10,-1,12,-1
39,36,39,38,38
5,3,4,5,-1
-1,17,17,15,-1
-1,9,9,8,10
29,-1,-1,32,35
-1,31,31,32,33
6,5,-1,7,7
21,-1,21,22,-1
23,27,25,26,26
-1,28,28,27,-1
7,9,-1,9,9
1,3,5,3,4
12,12,-1,-1,-1
14,11,12,10,13
-1,28,27,27,27
29,31,29,31,31
32,31,31,35,35
5,7,4,5,7
3,-1,3,4,3
17,-1,16,16,17
-1,20,-1,-1,23
16,15,19,17,16
-1,12,8,12,12
6,6,4,5,-1
3,5,7,7,-1
-1,7,-1,7,7
30,31,-1,31,31
32,36,32,31,31
2,2,1,-1,-1
5,-1,5,6,-1
33,-1,31,33,31
19,20,20,-1,-1
35,35,-1,35,33
-1,8,-1,7,10
-1,23,23,24,21
39,-1,-1,39,39
-1,-1,10,12,12
5,2,-1,-1,2
17,20,-1,19,17
27,29,28,-1,27
9,8,11,10,9
36,-1,37,36,-1
10,-1,11,8,-1
-1,11,-1,10,-1
24,-1,27,-1,25
29,-1,31,-1,-1
-1,26,27,-1,26
6,-1,6,7,4
31,31,-1,33,-1
4,5,7,7,6
31,-1,35,-1,34
-1,19,-1,20,-1
-1,-1,-1,-1,-1
14,-1,15,14,-1
10,12,-1,12,11
17,14,-1,-1,15
12,15,16,16,16
-1,31,33,31,31
8,7,9,11,9
16,-1,17,16,17
10,12,9,11,-1
-1,31,31,31,31
25,26,-1,25,25
32,31,32,-1,35
-1,-1,-1,-1,10
-1,19,21,19,19
34,-1,35,-1,35
27,31,32,30,31
31,32,-1,31,-1
-1,26,26,-1,25
-1,8,-1,9,9
-1,-1,-1,-1,-1
-1,20,20,19,17
33,34,35,35,31
-1,-1,31,31,32
14,16,16,-1,-1
39,39,38,36,38
19,17,16,18,16
20,19,-1,19,20
35,33,33,35,34
24,-1,21,21,23
7,5,-1,4,-1
-1,35,32,35,34
28,27,27,27,-1
38,-1,38,38,38
19,-1,21,19,20
5,5,7,6,-1
22,24,21,22,-1
22,25,25,26,-1
35,-1,35,-1,35
31,-1,32,31,-1
16,-1,17,16,16
1,1,1,4,3
29,-1,32,-1,30
18,19,-1,19,-1
-1,16,16,-1,-1
27,27,27,27,-1
7,-1,6,5,-1
-1,26,-1,26,25
-1,16,-1,17,-1
9,-1,11,11,-1
-1,-1,11,12,12
18,17,-1,-1,19
11,8,-1,7,9
7,8,10,8,9
12,14,17,17,-1
2,1,-1,2,1
38,35,35,-1,35
10,6,-1,-1,7
-1,31,29,-1,31
1,1,1,2,-1
20,19,19,15,16
29,-1,30,28,27
39,38,38,39,38
-1,-1,-1,-1,12
7,10,11,8,-1
10,-1,12,12,12
34,34,35,-1,31
19,17,20,19,18
3,-1,-1,3,7
5,-1,4,3,5
38,-1,37,37,38
7,6,-1,-1,7
13,12,11,-1,12
20,-1,-1,19,20
7,6,3,7,6
33,32,-1,-1,31
-1,26,25,-1,24
-1,29,27,28,27
33,-1,-1,35,-1
25,26,26,23,25
-1,-1,6,4,-1
18,-1,15,16,-1
4,-1,3,4,5
1,-1,-1,-1,1
18,20,20,19,-1
-1,9,12,11,9
21,20,-1,21,-1
-1,20,-1,19,-1
24,-1,22,-1,-1
-1,8,9,9,8
28,29,26,28,26
16,16,-1,-1,15
1,2,1,-1,1
27,-1,27,28,-1
33,-1,34,31,34
3,-1,-1,1,2
10,11,9,10,-1
15,13,13,14,-1
14,14,16,14,12
13,14,16,16,14
20,19,19,-1,-1
-1,33,-1,-1,33
26,27,21,25,27
11,11,10,12,12
18,-1,19,-1,-1
9,14,-1,16,15
8,11,-1,10,14
39,38,39,-1,39
5,3,4,4,-1
31,31,31,33,-1
35,-1,32,-1,32
31,-1,-1,34,33
3,5,-1,3,4
28,30,31,32,-1
38,39,-1,37,-1
-1,-1,0,1,2
3,5,6,6,-1
7,-1,-1,7,-1
6,-1,6,-1,7
27,25,27,-1,25
-1,39,-1,-1,38
28,29,-1,-1,-1
39,39,38,38,38
5,-1,6,5,7
11,11,12,15,16
-1,3,4,3,4
29,27,28,-1,27
-1,11,10,9,-1
35,-1,39,38,38
-1,39,39,38,-1
-1,30,31,31,33
21,22,-1,-1,21
25,-1,-1,22,23
1,-1,-1,-1,-1
39,36,39,35,33
13,16,-1,16,-1
-1,39,38,39,-1
25,25,24,22,22
18,-1,-1,-1,16
-1,6,7,6,7
38,39,34,-1,37
-1,4,-1,-1,4
-1,-1,-1,-1,29
-1,16,16,17,-1
5,7,-1,7,-1
12,-1,-1,-1,14
29,-1,26,27,27
9,-1,7,-1,8
1,-1,-1,-1,1
12,14,12,16,-1
7,7,-1,-1,-1
37,38,39,38,38
25,-1,26,26,25
19,-1,18,20,20
16,16,17,16,16
-1,9,7,-1,10
-1,5,3,-1,5
29,-1,29,31,-1
27,25,-1,26,25
11,12,12,-1,12
-1,16,-1,15,-1
-1,19,19,-1,19
-1,-1,39,-1,38
27,-1,27,-1,27
3,5,5,-1,-1
30,-1,35,-1,33
-1,10,8,8,4
19,19,-1,19,20
27,29,-1,28,29
7,7,-1,6,6
20,21,20,-1,22
-1,25,24,26,27
-1,-1,30,-1,33
17,-1,16,-1,16
36,37,-1,-1,-1
3,5,3,5,3
21,22,20,20,-1
-1,3,3,3,3
-1,-1,16,17,16
-1,-1,-1,7,-1
33,33,-1,33,-1
22,23,25,23,-1
-1,33,-1,34,-1
-1,-1,23,20,-1
-1,20,19,-1,-1
19,19,-1,19,19
28,30,31,31,34
2,0,-1,0,3
17,-1,16,-1,16
28,-1,27,-1,-1
7,8,9,-1,9
34,35,35,-1,35
21,21,20,23,20
-1,-1,-1,31,-1
-1,-1,-1,1,1
6,-1,6,7,7
-1,19,16,-1,-1
37,39,-1,-1,36
20,20,20,-1,21
7,-1,7,7,5
12,11,10,-1,11
7,9,10,-1,8
35,32,35,34,35
6,6,3,4,5
14,13,15,16,-1
7,9,10,11,8
10,-1,10,10,7
-1,5,2,2,1
16,14,-1,-1,-1
-1,5,7,5,-1
25,27,24,27,25
6,3,-1,-1,3
14,12,-1,-1,-1
11,11,-1,-1,12
4,3,4,-1,-1
-1,1,-1,1,-1
10,9,10,11,-1
31,31,-1,33,-1
21,21,-1,23,-1
9,12,11,11,12
-1,25,26,27,-1
-1,-1,26,-1,-1
-1,35,-1,35,35
38,37,-1,-1,-1
12,14,16,14,15
21,22,-1,21,22
6,-1,7,-1,7
16,-1,14,13,16
-1,31,31,-1,31
-1,-1,31,33,32
26,27,25,-1,27
7,7,7,7,-1
7,-1,5,-1,2
2,3,4,6,-1
27,27,28,28,29
29,-1,31,-1,-1
21,19,19,20,19
13,-1,-1,12,12
10,9,9,11,11
-1,-1,20,-1,20
-1,31,-1,31,-1
-1,1,1,-1,1
6,-1,4,7,7
-1,33,-1,33,35
35,-1,35,35,34
20,19,19,19,20
12,13,12,12,12
17,19,19,16,17
-1,-1,7,7,-1
36,-1,34,33,35
22,19,21,24,21
7,8,-1,7,6
33,32,31,33,31
-1,20,-1,19,17
30,31,28,31,-1
21,-1,-1,23,24
26,25,-1,-1,24
19,19,20,-1,18
-1,33,-1,-1,33
3,7,3,-1,-1
-1,32,-1,32,-1
-1,21,21,-1,21
6,4,5,7,-1
11,10,10,12,11
-1,32,-1,33,35
-1,8,-1,9,7
24,-1,-1,22,23
22,-1,21,-1,22
-1,29,28,28,-1
5,3,2,1,3
-1,39,39,38,37
12,14,12,12,12
-1,8,9,10,-1
20,-1,-1,20,20
-1,-1,28,26,-1
21,21,-1,-1,-1
19,20,19,21,20
34,33,-1,-1,-1
14,-1,-1,16,15
26,27,-1,25,-1
19,-1,22,25,22
-1,-1,4,-1,4
5,5,4,5,3
1,1,1,1,-1
12,-1,8,-1,-1
4,-1,6,6,7
-1,-1,38,35,38
9,8,8,10,9
9,-1,9,9,7
-1,20,20,-1,22
26,28,30,-1,-1
3,-1,-1,5,4
39,-1,39,36,-1
27,27,28,28,27
7,-1,-1,5,5
19,19,19,20,20
11,14,9,-1,11
27,26,22,27,26
-1,19,-1,16,19
6,8,-1,-1,9
16,16,-1,15,19
15,-1,16,14,16
-1,-1,29,29,29
14,-1,-1,13,14
-1,29,-1,-1,31
26,26,27,27,28
-1,1,5,1,3
-1,7,6,7,9
34,-1,33,35,31
-1,1,1,4,1
31,31,33,31,33
5,5,6,-1,-1
-1,12,11,-1,15
22,-1,21,20,20
-1,14,-1,12,13
21,19,19,20,19
-1,7,7,6,-1
19,-1,-1,-1,21
-1,9,7,9,8
7,10,10,11,-1
11,-1,-1,10,12
7,9,7,7,8
-1,-1,27,-1,25
-1,13,13,11,-1
7,-1,7,5,-1
16,15,-1,15,14
11,-1,12,-1,-1
32,-1,32,31,31
1,-1,-1,2,2
24,22,-1,21,21
32,33,31,35,33
22,-1,-1,22,20
22,-1,24,23,22
8,-1,7,8,-1
27,-1,-1,26,28
39,39,39,-1,39
35,34,31,-1,35
-1,21,-1,21,-1
7,-1,6,7,7
21,22,24,23,-1
-1,17,16,16,16
35,34,33,32,33
29,27,-1,26,25
5,-1,5,4,-1
18,16,-1,-1,19
-1,38,-1,38,37
24,-1,-1,-1,24
21,23,20,23,19
24,24,24,25,24
28,-1,28,29,27
27,-1,25,25,25
14,15,14,15,15
14,-1,-1,-1,-1
19,20,17,-1,19
12,14,-1,11,-1
-1,3,3,5,3
19,19,-1,18,19
-1,14,14,-1,14
20,-1,-1,-1,20
24,-1,22,23,-1
-1,29,31,-1,29
6,-1,6,5,5
8,-1,8,10,8
12,-1,16,16,16
0,-1,4,5,-1
25,24,21,21,24
28,27,26,-1,25
25,23,-1,22,21
0,1,1,1,3
27,27,-1,-1,-1
31,-1,33,-1,31
-1,11,-1,-1,-1
-1,15,16,16,-1
-1,39,38,38,38
-1,19,-1,17,19
20,19,19,18,-1
29,29,-1,29,31
19,-1,15,-1,-1
9,7,-1,-1,9
-1,-1,-1,-1,-1
-1,24,26,23,25
34,34,33,33,35
3,3,3,5,-1
34,-1,-1,33,35
16,15,15,16,-1
26,29,-1,27,28
28,33,32,31,31
24,21,20,21,22
-1,6,5,6,-1
-1,-1,0,1,1
6,6,-1,7,-1
31,31,-1,31,33
-1,36,39,39,39
15,-1,15,15,16
28,-1,-1,26,-1
19,19,19,20,16
-1,19,17,17,19
7,3,-1,-1,7
2,2,-1,-1,-1
-1,4,3,3,2
-1,-1,5,-1,-1
-1,1,2,1,-1
2,3,3,3,7
39,39,39,37,39
-1,1,2,-1,1
-1,31,-1,33,33
19,-1,20,19,16
3,1,1,1,2
-1,8,-1,10,9
30,30,-1,33,33
-1,-1,28,-1,27
31,31,31,32,31
32,32,-1,-1,35
27,26,25,25,23
-1,22,21,20,20
12,-1,-1,11,10
-1,-1,19,21,-1
16,16,16,16,16
-1,37,-1,38,39
31,-1,31,32,31
27,24,-1,23,21
12,12,-1,13,13
-1,16,16,16,18
-1,20,-1,19,19
-1,25,27,-1,29
-1,11,-1,11,-1
24,22,23,22,19
24,22,-1,23,20
37,38,39,-1,-1
10,-1,12,12,-1
38,37,36,-1,35
33,-1,35,33,32
39,39,-1,39,35
-1,31,32,31,-1
27,-1,-1,31,-1
39,-1,38,38,39
-1,-1,7,4,3
-1,34,33,32,31
1,1,1,-1,1
7,-1,-1,-1,5
16,14,-1,-1,-1
-1,5,-1,4,-1
-1,1,-1,1,-1
14,12,-1,-1,-1
27,27,27,27,-1
-1,21,21,23,-1
6,7,9,-1,8
4,5,-1,7,6
21,20,19,19,-1
2,1,1,3,-1
16,16,16,16,17
-1,9,-1,9,8
7,5,-1,5,-1
9,10,-1,9,9
-1,24,22,22,25
-1,31,31,31,31
13,9,13,8,12
31,31,31,31,31
38,39,39,-1,39
2,3,1,1,-1
-1,16,15,-1,-1
27,26,27,25,27
20,-1,19,19,19
7,7,5,6,6
20,-1,-1,21,21
21,22,23,22,23
18,15,16,-1,16
3,2,1,1,1
-1,11,-1,10,-1
1,2,3,-1,2
-1,16,15,16,16
20,20,19,19,18
-1,-1,38,-1,38
31,33,33,31,31
-1,7,6,6,5
24,25,27,26,26
38,38,38,-1,-1
31,31,-1,33,34
-1,27,28,31,31
-1,7,11,9,-1
33,32,34,-1,34
24,-1,21,23,24
-1,36,35,-1,32
-1,2,3,3,-1
1,-1,-1,-1,6
15,16,15,16,-1
12,-1,12,13,11
29,29,-1,27,-1
12,11,12,14,-1
-1,21,19,19,-1
24,24,19,24,22
-1,21,21,-1,22
3,6,7,7,7
27,25,26,25,26
-1,3,1,1,1
1,1,-1,2,1
9,-1,12,10,-1
-1,38,36,37,38
-1,31,31,33,35
3,3,1,3,-1
27,25,27,27,27
11,11,15,12,-1
38,38,-1,37,37
-1,31,-1,31,-1
1,1,2,0,2
3,1,3,5,1
-1,-1,-1,34,35
-1,26,27,25,27
12,13,16,14,16
17,-1,19,-1,19
16,17,16,-1,14
35,30,31,31,32
-1,-1,14,15,15
-1,1,-1,-1,1
-1,2,2,-1,-1
39,38,37,37,39
7,5,6,-1,9
25,26,-1,27,25
28,31,-1,-1,-1
19,19,-1,21,19
6,-1,6,4,7
-1,25,27,25,26
-1,-1,35,39,-1
-1,15,15,16,15
27,-1,-1,26,25
-1,-1,26,27,-1
34,-1,35,33,30
-1,26,27,-1,26
13,12,12,-1,16
13,14,-1,-1,14
1,0,1,-1,1
-1,24,24,22,21
35,-1,37,37,-1
22,-1,23,-1,20
30,-1,-1,27,30
-1,28,-1,26,27
11,-1,10,8,6
36,-1,38,-1,38
6,7,7,7,6
-1,-1,25,26,-1
-1,-1,38,39,-1
36,37,37,39,38
34,33,35,35,35
-1,19,20,19,19
21,-1,20,20,23
5,3,-1,6,-1
8,10,11,6,7
38,38,37,38,38
19,19,18,-1,19
-1,-1,8,9,10
31,29,31,29,30
31,33,31,34,33
8,10,10,9,8
20,20,21,19,19
21,21,-1,21,-1
4,4,3,-1,1
-1,-1,-1,-1,-1
27,28,26,-1,25
21,20,19,20,19
38,39,-1,-1,38
14,-1,13,-1,16
9,9,9,11,10
1,1,1,1,-1
27,25,25,25,-1
9,8,10,-1,10
6,4,7,-1,4
5,4,-1,3,5
37,-1,38,39,-1
23,25,-1,24,21
20,-1,21,22,-1
39,-1,35,39,39
37,-1,38,39,36
-1,-1,-1,26,25
30,-1,31,31,-1
28,27,25,26,24
1,1,-1,3,1
3,7,3,4,7
3,3,-1,6,-1
31,-1,32,-1,31
32,33,31,-1,33
18,20,20,19,20
27,28,29,32,31
-1,8,9,8,9
-1,13,-1,-1,12
26,25,23,25,25
20,20,-1,-1,19
35,35,35,33,35
9,9,11,9,10
39,37,39,39,-1
-1,17,17,17,-1
28,-1,-1,26,26
38,38,39,39,39
7,7,-1,9,9
1,1,1,-1,-1
26,-1,-1,25,27
24,22,24,24,-1
-1,-1,-1,17,20
-1,36,35,33,37
9,-1,-1,9,11
19,-1,19,-1,19
-1,-1,16,15,16
-1,36,38,36,35
39,-1,-1,-1,-1
-1,33,33,31,32
-1,26,27,25,25
24,27,-1,25,25
38,37,37,39,39
10,6,10,-1,9
26,23,-1,25,25
30,-1,29,-1,-1
-1,35,34,34,-1
7,7,6,8,-1
33,33,-1,-1,35
-1,31,30,31,-1
-1,14,17,16,17
-1,14,16,16,15
27,27,-1,27,26
7,7,7,-1,5
-1,7,9,11,7
10,8,11,8,10
39,38,35,39,38
-1,34,32,31,31
25,-1,-1,24,25
8,9,7,8,-1
12,16,-1,-1,16
27,-1,24,24,25
2,-1,-1,2,1
12,-1,11,11,12
3,7,7,-1,-1
27,27,25,25,25
-1,38,38,39,38
22,-1,21,-1,21
12,14,15,16,15
12,-1,15,16,15
35,35,35,36,36
16,16,14,16,15
6,6,-1,-1,5
-1,15,16,-1,14
-1,-1,1,2,2
19,19,19,20,-1
25,-1,25,25,27
38,39,39,-1,38
11,-1,-1,12,-1
-1,25,25,-1,25
-1,33,-1,35,-1
7,-1,9,9,12
15,18,19,21,20
19,20,19,20,18
-1,33,31,33,33
36,35,33,-1,-1
16,-1,-1,16,16
-1,-1,-1,20,20
0,1,-1,0,-1
33,35,-1,32,33
31,32,32,-1,32
-1,38,39,-1,38
0,1,1,5,2
-1,25,26,-1,-1
-1,20,20,21,21
29,-1,-1,-1,30
30,31,-1,31,32
-1,14,15,16,-1
-1,38,39,38,-1
-1,22,21,24,-1
-1,37,-1,38,-1
-1,38,39,36,38
-1,22,-1,22,21
27,27,27,26,25
3,-1,-1,-1,1
27,27,26,27,25
1,-1,3,4,4
31,31,31,33,31
11,-1,-1,12,14
-1,33,35,-1,31
37,39,39,-1,38
35,35,-1,35,38
16,16,19,19,16
-1,-1,23,23,22
16,12,13,-1,-1
35,35,-1,35,35
-1,19,-1,-1,20
-1,-1,12,11,8
-1,25,25,25,25
2,1,1,-1,1
13,16,-1,15,17
-1,8,9,9,9
-1,-1,22,22,21
-1,18,17,-1,-1
3,1,1,1,4
33,33,33,32,29
20,19,19,19,-1
-1,36,35,-1,38
-1,17,-1,16,-1
-1,39,38,37,38
-1,10,11,11,13
-1,21,-1,21,21
-1,-1,28,28,29
24,24,22,24,21
12,13,12,14,-1
35,31,31,33,33
-1,-1,35,35,34
8,10,10,11,-1
26,27,25,26,26
-1,9,9,10,12
25,22,22,24,22
29,-1,31,31,31
38,-1,35,37,-1
-1,-1,29,26,-1
27,27,-1,-1,28
16,16,-1,16,16
-1,28,28,27,-1
26,26,-1,-1,24
39,39,37,39,37
-1,-1,-1,7,7
39,38,-1,38,39
11,12,12,-1,15
39,39,37,-1,39
8,10,-1,-1,10
19,19,-1,19,20
16,15,-1,14,16
-1,19,19,-1,19
20,17,19,19,20
1,-1,-1,-1,2
-1,-1,32,32,31
35,-1,34,33,33
16,16,14,-1,-1
12,10,7,9,9
7,11,9,10,-1
-1,16,15,16,16
12,12,-1,13,-1
-1,-1,25,24,22
25,25,27,26,25
-1,9,-1,12,11
19,-1,-1,19,20
12,10,12,13,13
8,-1,10,-1,9
-1,35,38,36,-1
-1,14,16,-1,16
-1,-1,-1,-1,37
1,1,-1,1,-1
4,-1,5,3,4
6,8,9,-1,-1
35,-1,32,35,33
15,-1,-1,-1,16
27,26,-1,-1,25
-1,32,-1,33,-1
-1,9,10,10,9
28,27,-1,31,-1
19,22,-1,-1,24
-1,27,-1,27,25
15,16,16,16,16
-1,7,6,-1,7
-1,-1,-1,33,34
2,2,1,0,2
-1,18,19,19,19
1,1,-1,0,-1
16,-1,-1,15,-1
-1,20,19,-1,19
34,39,39,39,-1
-1,-1,35,31,31
-1,21,-1,21,-1
16,-1,17,-1,16
29,31,31,-1,30
7,-1,5,5,5
22,21,19,22,22
3,5,6,-1,3
35,-1,35,35,31
1,0,1,1,3
38,-1,39,38,38
2,3,7,-1,6
5,6,3,4,3
4,-1,5,3,-1
27,25,27,25,25
-1,-1,21,21,20
35,-1,-1,-1,-1
38,-1,-1,36,39
19,-1,-1,21,22
-1,-1,1,1,2
5,4,-1,2,-1
4,-1,-1,6,7
-1,-1,0,3,2
38,38,36,36,38
-1,31,32,33,32
-1,-1,14,16,-1
4,6,5,7,4
36,38,37,36,-1
1,0,1,0,1
-1,18,21,19,-1
14,16,16,-1,15
25,27,27,26,27
27,25,-1,25,-1
2,-1,-1,5,-1
4,6,4,-1,7
38,38,38,38,-1
4,-1,-1,-1,3
31,35,31,-1,31
1,-1,3,2,-1
19,18,-1,20,20
36,35,38,37,36
6,7,4,-1,5
-1,38,36,37,35
-1,20,21,21,24
39,39,35,39,39
-1,12,12,12,11
-1,-1,36,35,35
8,9,8,-1,9
19,-1,-1,17,17
0,1,1,-1,-1
38,-1,39,-1,39
-1,38,-1,-1,34
21,21,-1,-1,-1
1,-1,2,3,-1
-1,3,0,-1,2
1,-1,1,4,-1
26,-1,26,25,25
6,7,7,7,5
-1,5,6,-1,-1
-1,22,19,21,22
-1,-1,14,-1,-1
1,3,1,1,2
-1,21,22,19,-1
24,-1,22,-1,20
34,-1,35,33,-1
16,-1,16,17,16
-1,14,-1,-1,-1
28,31,31,-1,31
-1,39,39,-1,39
20,19,20,-1,-1
21,19,20,20,22
1,0,1,-1,1
12,11,11,-1,9
-1,20,22,23,22
10,-1,12,11,11
-1,7,6,3,-1
-1,15,15,16,-1
-1,30,-1,31,-1
7,6,6,-1,5
-1,20,21,21,22
12,14,-1,-1,10
16,-1,16,-1,14
9,7,-1,10,10
35,-1,38,36,-1
-1,35,33,34,-1
-1,19,19,20,17
38,37,38,-1,39
34,-1,36,35,-1
-1,20,19,19,18
32,31,31,32,33
1,-1,-1,1,2
39,38,-1,-1,37
2,3,4,5,-1
1,1,1,-1,-1
28,28,28,28,28
22,22,24,24,21
-1,-1,33,31,32
28,27,-1,27,28
-1,24,-1,-1,-1
-1,11,11,12,8
5,6,7,6,3
33,32,-1,33,-1
1,1,1,3,-1
18,20,20,-1,20
27,27,-1,29,-1
1,0,1,1,-1
4,-1,7,-1,-1
20,19,-1,20,19
27,27,26,25,-1
21,21,20,-1,-1
-1,-1,31,-1,31
-1,21,-1,19,21
19,20,20,20,20
25,27,25,25,25
38,-1,38,36,-1
21,19,21,20,20
-1,19,20,-1,21
-1,22,-1,22,21
16,-1,-1,15,16
2,1,-1,0,2
-1,9,10,-1,9
27,26,28,27,-1
34,35,33,-1,31
7,9,8,-1,10
-1,3,3,3,4
-1,16,14,16,12
-1,20,20,20,20
1,1,-1,1,1
12,10,9,-1,-1
-1,0,0,1,-1
30,-1,-1,25,29
31,34,35,33,34
17,20,-1,19,19
39,38,39,-1,39
20,20,19,20,20
38,-1,38,38,38
6,-1,7,7,4
4,7,-1,6,4
38,-1,-1,35,38
-1,9,-1,10,11
22,23,-1,-1,-1
24,21,-1,21,-1
9,10,8,8,7
0,1,1,3,0
-1,35,-1,-1,36
20,20,19,20,19
-1,20,-1,-1,19
-1,-1,25,27,-1
39,38,38,38,39
-1,37,-1,38,39
-1,-1,-1,19,-1
33,-1,34,35,35
11,11,12,15,14
6,5,6,7,6
29,29,-1,-1,29
15,13,12,12,-1
4,3,3,1,2
3,5,7,7,4
25,-1,-1,-1,21
3,-1,4,-1,-1
-1,-1,6,-1,6
-1,-1,15,15,16
10,10,11,12,12
-1,19,20,19,-1
11,10,-1,-1,12
-1,35,-1,39,39
-1,11,-1,-1,9
-1,32,35,-1,-1
-1,7,10,7,-1
31,-1,33,31,-1
35,35,-1,33,-1
-1,-1,-1,-1,25
-1,19,-1,20,19
12,-1,-1,-1,10
33,33,31,31,32
-1,-1,25,25,-1
28,30,27,27,-1
12,-1,-1,16,18
37,39,39,-1,-1
25,-1,25,25,25
-1,13,-1,-1,17
20,18,20,19,-1
-1,-1,12,12,11
29,-1,31,-1,31
11,9,10,10,-1
23,20,21,21,24
9,-1,8,-1,-1
-1,39,-1,-1,38
26,25,-1,-1,24
24,-1,23,-1,19
16,-1,-1,-1,-1
-1,28,27,-1,27
9,9,11,-1,8
3,6,-1,-1,5
36,39,38,38,-1
17,18,20,-1,20
-1,27,28,28,27
13,-1,14,-1,-1
26,26,26,-1,26
-1,13,13,14,15
1,1,1,1,1
20,18,21,19,-1
-1,-1,19,20,19
24,24,-1,24,22
29,-1,-1,-1,29
-1,-1,-1,27,29
-1,1,-1,0,2
27,25,-1,25,25
17,15,15,15,15
31,31,32,-1,33
-1,-1,10,10,12
34,37,36,35,36
12,-1,9,12,13
3,6,3,-1,3
1,-1,0,1,1
-1,27,27,27,25
-1,12,12,12,-1
-1,7,-1,4,-1
-1,38,38,38,38
33,33,35,-1,34
36,36,38,-1,38
26,-1,28,26,-1
15,-1,14,-1,15
31,-1,32,-1,33
15,-1,14,-1,15
14,-1,16,-1,16
7,-1,7,-1,5
7,-1,-1,11,11
39,-1,35,-1,33
1,-1,1,1,-1
-1,35,38,39,39
-1,-1,5,7,5
-1,-1,38,-1,38
-1,-1,-1,22,-1
22,20,-1,16,20
-1,34,33,33,31
38,38,37,39,39
-1,-1,25,25,26
7,-1,6,7,5
-1,32,-1,31,33
39,39,38,39,-1
36,35,35,34,31
-1,16,16,16,14
6,6,-1,6,7
2,1,1,-1,4
-1,-1,27,25,25
35,33,32,33,33
-1,-1,10,-1,-1
9,-1,-1,7,-1
-1,3,4,-1,5
-1,11,9,-1,-1
19,24,21,-1,18
-1,27,30,27,28
-1,10,13,12,12
33,33,35,33,34
-1,21,-1,19,19
27,24,25,26,25
-1,7,7,5,4
-1,10,8,8,10
5,6,6,5,-1
36,37,36,39,37
27,27,29,-1,-1
33,31,32,33,34
31,32,35,31,33
6,5,-1,5,-1
-1,20,20,-1,19
-1,28,-1,28,27
16,14,16,16,15
11,14,-1,12,13
23,-1,21,20,19
-1,19,20,21,-1
24,25,22,22,21
-1,27,27,-1,-1
38,-1,38,-1,38
30,28,26,28,-1
29,28,27,28,27
34,35,37,35,-1
1,-1,-1,1,-1
19,-1,-1,18,19
-1,20,19,20,20
22,22,21,22,-1
5,-1,6,4,-1
-1,-1,24,22,22
25,25,-1,25,-1
4,3,3,3,-1
-1,-1,15,16,-1
3,3,6,6,-1
21,25,25,27,25
35,34,35,36,-1
-1,25,-1,25,-1
-1,-1,21,-1,24
26,-1,28,29,29
-1,-1,-1,16,-1
-1,28,31,-1,-1
31,-1,35,31,35
21,19,-1,20,-1
20,-1,23,-1,20
35,-1,33,-1,35
31,31,30,-1,31
-1,19,23,21,21
28,28,28,28,28
-1,17,16,14,-1
25,25,27,25,25
38,35,-1,36,38
12,-1,11,10,12
9,7,5,7,11
31,31,-1,31,-1
-1,5,-1,6,-1
27,27,28,29,26
-1,11,12,13,-1
5,-1,5,-1,7
31,27,-1,32,32
6,-1,3,3,2
39,-1,38,38,39
24,-1,-1,23,-1
16,17,14,15,16
1,1,-1,1,1
3,5,2,6,-1
-1,10,10,-1,-1
6,-1,7,-1,6
8,8,-1,9,8
7,5,9,7,7
32,31,31,34,33
12,-1,12,9,12
26,27,-1,27,26
36,-1,38,36,36
-1,34,36,35,36
20,17,16,18,19
9,11,9,9,8
-1,34,31,32,-1
8,-1,8,10,6
28,28,30,27,29
20,-1,18,-1,20
-1,31,32,-1,31
-1,26,-1,25,25
1,1,1,1,1
21,-1,-1,21,22
34,-1,32,-1,34
31,31,32,32,31
21,24,20,-1,-1
5,3,6,7,6
-1,-1,2,1,2
7,6,7,-1,8
22,21,20,20,-1
9,9,10,-1,12
-1,19,-1,19,16
29,28,31,-1,31
25,24,24,23,24
22,24,20,22,23
-1,-1,24,25,22
37,39,39,39,38
34,31,32,34,33
3,-1,-1,5,2
-1,21,20,19,24
-1,24,-1,-1,-1
33,-1,35,32,-1
31,29,29,28,28
-1,25,27,-1,25
22,-1,19,-1,19
12,10,-1,10,-1
27,27,-1,-1,-1
-1,25,-1,25,24
16,-1,14,17,-1
14,11,11,12,12
32,33,32,-1,31
28,30,-1,31,-1
19,20,19,20,19
19,20,21,20,17
10,-1,-1,11,-1
28,-1,-1,28,27
4,-1,5,7,5
31,33,35,33,-1
-1,-1,38,35,35
39,39,-1,-1,38
-1,-1,13,16,15
7,-1,5,7,7
-1,1,2,3,3
2,1,2,0,0
31,-1,-1,31,32
15,15,16,-1,20
-1,21,-1,-1,20
-1,5,-1,-1,3
6,-1,-1,-1,7
11,12,-1,-1,10
35,32,-1,33,34
24,23,24,19,-1
-1,20,21,19,23
-1,-1,17,19,-1
-1,-1,32,31,32
4,5,3,4,3
35,-1,-1,35,37
-1,17,19,-1,17
-1,37,38,37,35
16,-1,-1,-1,-1
-1,16,14,-1,16
-1,20,-1,-1,14
-1,22,21,-1,25
38,37,38,38,-1
-1,17,17,15,-1
29,29,31,29,-1
31,31,31,33,34
-1,26,25,-1,-1
18,19,19,20,18
7,7,7,-1,11
5,-1,7,5,7
-1,-1,38,38,-1
7,7,8,8,8
5,4,-1,7,5
18,17,16,16,-1
15,15,14,16,16
30,30,-1,31,31
-1,-1,1,2,-1
-1,7,7,6,5
22,-1,19,22,20
6,5,-1,5,-1
-1,-1,16,-1,16
38,38,-1,38,37
16,16,18,16,16
16,16,15,15,-1
23,22,24,22,21
20,20,17,18,16
3,-1,3,-1,3
-1,-1,6,-1,-1
20,19,19,19,-1
21,-1,19,21,21
34,-1,32,32,-1
13,-1,-1,12,10
12,-1,13,12,-1
38,38,39,-1,38
-1,-1,-1,36,-1
24,-1,25,-1,-1
-1,7,7,-1,8
14,15,-1,11,11
13,12,-1,-1,12
25,25,-1,24,25
5,4,-1,-1,-1
37,35,-1,-1,36
17,16,14,16,-1
15,16,16,-1,14
5,5,3,2,1
39,-1,39,36,-1
-1,-1,28,29,29
-1,14,-1,17,16
-1,-1,27,-1,27
-1,6,7,7,-1
-1,17,-1,-1,20
29,31,31,31,-1
-1,-1,38,38,38
-1,25,-1,-1,25
38,-1,-1,39,37
38,38,35,37,-1
-1,36,35,36,38
31,31,-1,31,35
20,20,19,-1,20
19,15,19,-1,19
-1,11,10,-1,10
18,-1,-1,16,-1
30,29,29,-1,-1
35,38,35,-1,-1
-1,25,25,25,26
39,36,39,-1,37
3,3,-1,-1,7
0,-1,1,1,1
8,11,11,11,11
-1,5,3,5,6
-1,19,19,18,20
9,-1,8,9,9
16,15,15,14,15
20,-1,20,20,20
17,-1,17,16,17
-1,9,-1,8,10
19,20,20,20,19
20,19,-1,19,-1
10,10,-1,10,9
38,39,39,39,38
-1,8,-1,8,-1
28,29,-1,27,30
13,8,-1,11,10
-1,21,19,23,23
27,27,29,26,27
23,24,-1,24,24
7,10,-1,-1,-1
39,39,39,38,38
19,-1,20,19,19
-1,-1,4,-1,6
7,4,7,6,6
7,4,-1,4,7
16,17,16,16,15
-1,29,33,35,-1
8,9,8,9,-1
-1,-1,31,31,31
6,7,7,-1,7
-1,-1,15,15,15
27,-1,26,27,26
-1,24,21,21,-1
24,26,27,25,25
19,19,-1,16,-1
16,17,20,20,20
7,-1,6,7,5
-1,14,-1,14,16
5,5,5,-1,6
7,9,7,8,7
7,7,7,6,-1
-1,38,38,-1,-1
30,31,31,-1,31
7,4,7,6,7
20,20,19,20,21
28,26,-1,27,25
24,-1,18,21,21
6,-1,6,3,-1
6,-1,7,4,5
28,29,29,31,32
19,19,20,19,-1
21,21,23,-1,20
-1,9,9,-1,10
3,-1,-1,5,-1
-1,33,-1,35,33
-1,22,21,-1,24
37,38,36,38,39
11,10,-1,-1,9
3,4,-1,-1,-1
34,34,35,-1,31
-1,33,34,-1,33
12,16,17,14,14
27,25,-1,25,25
-1,-1,20,20,-1
10,-1,11,12,13
-1,1,2,-1,4
25,27,24,24,22
34,32,-1,-1,35
35,33,34,33,34
38,-1,36,38,-1
12,12,12,11,13
-1,-1,16,16,16
27,27,25,25,26
20,-1,-1,-1,22
25,-1,25,-1,25
33,32,35,-1,33
3,-1,3,6,3
39,38,38,38,-1
4,3,5,-1,6
10,-1,9,-1,-1
-1,1,1,0,1
7,9,9,7,-1
-1,15,16,14,-1
-1,-1,23,21,23
-1,17,20,19,-1
31,35,-1,35,-1
15,16,15,13,14
-1,6,6,6,7
24,-1,22,24,26
8,6,7,7,9
3,-1,-1,1,1
0,1,1,1,3
31,29,30,-1,31
-1,-1,10,-1,10
19,-1,19,20,19
20,19,19,-1,19
22,-1,-1,23,24
27,27,27,-1,26
7,7,-1,6,8
25,25,-1,27,27
24,22,21,-1,23
6,7,4,7,6
-1,39,38,38,38
4,3,6,6,-1
-1,5,6,7,7
-1,20,16,18,18
35,35,34,33,-1
37,39,39,-1,35
33,-1,35,33,34
2,1,1,1,2
35,36,34,-1,34
-1,20,-1,-1,20
28,28,-1,27,-1
27,-1,-1,29,27
8,8,8,11,8
15,14,14,14,17
31,30,-1,31,34
26,25,-1,26,25
12,-1,16,16,15
29,28,27,27,-1
14,16,13,14,-1
27,27,26,28,-1
-1,16,16,15,17
17,18,16,16,15
13,10,11,-1,12
20,19,19,20,-1
22,23,24,24,21
36,35,35,-1,31
-1,-1,-1,-1,32
15,-1,15,15,14
31,31,31,-1,-1
16,-1,15,16,18
-1,29,-1,27,28
33,31,33,35,34
3,-1,-1,-1,5
27,27,-1,28,28
23,19,20,21,21
19,19,19,19,-1
-1,19,14,17,-1
37,37,39,-1,-1
9,-1,9,8,10
22,21,22,-1,24
16,16,-1,-1,-1
16,12,11,-1,-1
36,37,37,38,-1
-1,18,-1,-1,16
1,1,1,2,-1
20,19,18,19,20
32,35,34,-1,35
24,24,24,25,-1
19,-1,19,20,-1
26,-1,27,25,-1
9,8,10,11,11
10,-1,11,12,12
4,-1,3,4,-1
-1,-1,1,3,1
30,28,28,28,28
18,-1,-1,-1,15
-1,19,-1,20,-1
-1,8,10,9,11
-1,3,3,1,3
9,8,-1,11,10
19,20,20,-1,19
24,24,23,26,-1
18,14,-1,15,15
29,29,31,31,28
33,35,-1,-1,38
9,-1,8,8,-1
-1,36,38,-1,-1
22,23,-1,-1,-1
18,19,19,-1,-1
16,14,16,-1,-1
30,29,28,-1,29
28,26,-1,-1,29
-1,31,-1,35,35
31,-1,29,-1,31
2,2,1,1,1
22,-1,22,19,19
38,38,37,-1,36
-1,-1,19,-1,20
15,16,-1,16,16
12,13,-1,12,16
-1,-1,18,20,16
15,16,-1,12,-1
5,-1,4,4,7
9,11,10,-1,10
-1,20,-1,19,20
12,10,11,-1,11
26,25,24,-1,24
16,16,16,15,-1
25,-1,-1,-1,26
39,38,39,-1,37
23,21,20,19,17
-1,25,-1,27,25
-1,-1,12,12,11
22,21,-1,21,24
17,19,-1,21,19
19,16,16,15,16
25,26,26,-1,27
-1,-1,21,24,21
-1,26,24,25,26
31,31,31,31,-1
38,38,38,37,35
16,-1,17,16,16
-1,-1,12,-1,-1
22,-1,21,24,-1
-1,1,1,-1,4
19,19,20,19,21
20,20,19,16,-1
19,-1,19,19,18
39,-1,39,39,38
-1,-1,27,24,28
-1,21,20,-1,22
19,20,-1,-1,-1
24,24,-1,-1,24
38,38,-1,38,-1
19,19,-1,19,19
-1,0,1,1,1
23,21,-1,22,21
6,6,7,5,6
17,19,16,-1,17
2,-1,1,3,0
18,-1,19,16,-1
8,-1,-1,10,-1
-1,-1,25,24,-1
30,28,-1,31,-1
28,31,-1,-1,33
-1,31,-1,31,-1
1,3,1,-1,-1
33,33,35,35,32
24,25,27,27,28
-1,16,16,-1,-1
31,33,31,32,31
27,30,29,29,29
-1,38,38,-1,-1
11,10,12,11,-1
-1,-1,-1,4,6
16,16,-1,-1,16
21,24,-1,-1,24
-1,28,27,28,30
14,-1,-1,12,14
-1,35,-1,34,39
30,31,31,31,33
25,-1,25,25,25
18,20,18,19,19
25,24,-1,-1,-1
-1,-1,16,-1,19
16,18,-1,-1,19
14,-1,16,-1,16
27,24,24,26,27
35,32,35,-1,-1
-1,29,27,26,26
3,4,-1,5,-1
38,-1,37,-1,38
27,27,-1,-1,-1
31,31,31,29,-1
-1,25,25,25,25
32,31,31,-1,-1
7,8,-1,9,-1
28,28,27,-1,-1
35,35,31,-1,32
-1,6,6,-1,5
19,20,20,19,19
29,-1,27,27,25
-1,15,16,17,-1
3,1,2,0,1
-1,-1,-1,28,-1
-1,16,15,15,-1
-1,-1,20,20,22
-1,-1,31,33,31
27,27,-1,27,25
7,7,6,6,-1
7,7,11,9,8
-1,14,15,-1,-1
13,12,15,14,-1
22,22,-1,20,19
19,19,20,-1,20
-1,28,26,27,-1
-1,24,21,23,23
15,16,16,15,15
1,1,1,1,-1
1,1,1,1,-1
-1,-1,-1,22,24
32,34,31,-1,31
38,-1,-1,37,39
18,-1,16,16,16
19,-1,19,-1,20
27,-1,-1,25,25
27,29,-1,28,29
35,35,35,-1,35
-1,7,8,10,8
-1,7,9,9,-1
31,-1,28,32,31
2,1,1,-1,3
-1,-1,13,11,-1
10,14,15,-1,15
32,35,35,-1,34
10,-1,-1,-1,9
39,38,37,-1,39
-1,30,31,34,29
16,-1,16,20,19
32,-1,30,32,35
19,19,-1,-1,-1
20,19,20,-1,19
28,28,29,32,31
1,1,-1,2,1
30,-1,-1,31,-1
1,1,2,1,2
12,12,12,12,14
16,16,16,-1,15
16,16,16,15,15
16,16,16,-1,-1
-1,-1,36,35,39
26,27,26,27,-1
-1,-1,3,1,1
25,-1,-1,27,27
3,1,1,2,-1
19,19,22,21,21
-1,9,8,11,11
22,-1,22,24,21
20,24,20,-1,23
3,1,3,-1,3
12,-1,-1,17,15
27,27,25,-1,27
24,-1,-1,20,19
9,-1,8,7,7
17,16,18,20,-1
31,27,31,32,31
-1,4,3,-1,3
19,20,20,-1,17
28,28,28,-1,26
22,19,-1,21,21
25,25,25,-1,-1
19,16,16,16,16
-1,39,39,-1,38
7,5,5,-1,-1
38,36,-1,39,-1
33,33,32,33,35
16,-1,16,15,15
31,27,27,28,-1
-1,-1,-1,16,16
-1,-1,39,38,39
5,7,5,4,4
-1,22,-1,25,23
-1,15,-1,-1,15
-1,-1,20,19,20
7,6,-1,5,7
22,20,24,21,24
20,20,19,20,19
-1,22,20,19,-1
15,-1,17,16,16
18,-1,-1,15,-1
-1,-1,-1,-1,-1
-1,-1,10,10,-1
16,15,-1,16,16
8,7,8,10,10
21,-1,21,22,-1
3,4,7,4,5
24,21,22,25,22
31,28,31,33,-1
10,10,11,11,8
24,23,21,21,19
2,-1,-1,1,0
35,-1,35,33,35
-1,26,27,28,27
-1,9,10,12,11
27,-1,-1,25,-1
29,28,31,-1,-1
27,-1,28,29,26
16,18,-1,-1,16
-1,26,26,-1,-1
16,15,16,14,17
19,21,21,20,21
-1,20,19,20,18
-1,-1,-1,38,-1
-1,36,39,-1,38
38,37,38,35,-1
29,28,31,31,32
-1,35,35,32,33
-1,27,29,-1,27
-1,11,9,12,12
34,35,34,31,33
-1,34,-1,32,33
12,12,13,13,12
-1,26,25,25,22
15,-1,13,-1,12
26,29,30,28,29
-1,16,-1,19,16
25,-1,27,26,25
-1,17,19,20,17
26,26,26,25,24
27,-1,28,27,-1
21,22,23,22,20
-1,-1,15,16,-1
34,33,-1,-1,31
-1,1,2,1,1
1,3,5,4,-1
-1,-1,-1,-1,22
16,15,16,16,15
14,15,14,13,12
39,-1,-1,-1,35
9,9,10,9,10
23,21,-1,19,-1
21,20,19,20,18
-1,-1,22,22,23
36,-1,-1,38,37
20,20,19,19,-1
19,23,20,19,22
-1,35,-1,39,38
-1,33,34,35,31
7,7,-1,6,7
27,25,23,21,22
18,-1,14,16,17
-1,19,-1,-1,-1
27,-1,24,-1,24
31,-1,31,31,31
21,-1,-1,23,21
-1,24,24,-1,21
5,8,-1,-1,7
7,7,-1,7,7
20,20,18,19,-1
-1,-1,31,-1,31
29,28,-1,29,27
19,19,19,20,-1
7,9,8,-1,10
18,-1,16,16,15
29,-1,29,31,31
39,38,-1,36,38
20,-1,-1,19,-1
36,-1,-1,39,-1
10,12,14,-1,13
-1,20,-1,-1,23
27,26,-1,24,-1
27,27,-1,-1,-1
7,-1,7,6,4
12,12,12,-1,-1
-1,31,34,31,31
27,25,27,25,-1
26,-1,-1,25,26
6,4,-1,-1,4
18,19,19,-1,21
37,39,37,38,-1
9,9,-1,-1,-1
22,25,27,26,-1
-1,31,29,-1,34
24,25,25,23,-1
22,-1,22,22,17
20,20,-1,19,19
27,-1,26,-1,25
-1,-1,4,3,-1
24,-1,21,19,-1
20,-1,19,19,20
22,-1,-1,19,-1
15,-1,16,14,-1
11,9,12,-1,11
28,27,29,27,28
-1,25,25,25,-1
-1,21,23,23,22
3,-1,1,1,-1
-1,39,38,39,38
22,-1,-1,24,-1
33,-1,-1,33,32
-1,-1,-1,19,20
16,17,15,-1,16
8,7,11,-1,-1
11,-1,12,11,8
-1,12,-1,14,15
21,20,25,25,25
-1,36,39,38,-1
31,31,31,30,-1
3,4,-1,6,6
-1,15,-1,-1,14
35,35,37,37,39
27,27,25,-1,25
16,-1,16,19,-1
-1,31,32,34,33
25,22,22,25,25
29,31,29,28,29
-1,-1,-1,-1,-1
25,25,25,-1,-1
31,28,-1,31,31
7,7,7,6,6
5,3,3,-1,6
12,13,16,15,16
25,23,24,20,22
-1,35,-1,35,38
-1,-1,7,7,5
20,20,20,20,19
31,29,-1,31,-1
32,31,31,-1,31
29,28,-1,31,31
12,-1,9,11,11
24,22,21,24,-1
11,8,-1,9,-1
35,-1,38,-1,-1
-1,29,29,-1,27
16,19,-1,17,16
16,16,-1,-1,14
-1,-1,-1,7,10
16,-1,19,13,15
7,-1,6,6,6
-1,-1,35,-1,33
-1,15,16,15,-1
5,2,4,3,-1
5,7,4,4,6
-1,-1,20,19,20
4,1,-1,1,1
23,-1,-1,24,21
-1,10,7,6,-1
19,19,20,-1,-1
4,2,5,7,-1
22,25,23,21,22
-1,35,-1,35,38
31,-1,33,33,31
17,18,-1,19,19
13,16,16,15,-1
33,35,-1,35,35
6,6,6,7,7
29,-1,29,-1,31
16,-1,-1,19,17
20,19,19,20,19
-1,7,-1,6,9
19,19,20,-1,-1
-1,27,-1,27,26
-1,8,8,10,10
25,25,25,26,24
24,-1,27,-1,25
1,-1,1,1,-1
-1,1,1,-1,1
-1,19,20,20,19
18,-1,-1,-1,16
1,1,1,0,-1
15,-1,11,13,11
29,29,28,29,28
34,35,-1,-1,-1
37,38,39,39,-1
31,-1,34,-1,32
3,3,3,5,5
3,4,4,-1,5
-1,1,-1,1,1
19,19,-1,17,17
-1,11,8,-1,-1
27,26,28,26,29
27,-1,30,29,27
25,25,24,24,-1
39,39,39,-1,-1
-1,7,-1,7,4
38,38,-1,39,39
29,31,31,31,32
9,9,-1,-1,9
-1,-1,19,19,21
15,-1,16,15,16
-1,31,32,-1,31
-1,34,-1,31,-1
-1,6,-1,3,-1
-1,-1,19,19,-1
16,16,20,20,19
-1,15,15,-1,16
4,-1,3,4,-1
-1,31,31,31,31
-1,10,9,7,10
20,20,19,-1,17
15,-1,12,-1,12
22,22,24,-1,20
28,27,27,28,-1
34,31,33,31,32
15,15,16,15,16
26,25,27,25,25
-1,-1,33,-1,-1
31,31,-1,31,31
-1,31,33,35,31
16,-1,18,16,16
16,17,-1,13,15
-1,13,13,13,-1
9,9,9,8,6
29,27,28,28,27
7,8,7,8,-1
35,38,33,36,-1
31,-1,33,31,31
31,31,34,-1,-1
-1,27,25,25,-1
7,4,-1,6,7
31,35,34,35,-1
-1,22,-1,24,21
11,-1,9,10,13
19,16,14,16,14
19,23,-1,21,20
20,19,19,21,19
-1,19,16,19,-1
2,1,-1,2,1
1,1,1,1,1
9,9,-1,10,-1
27,28,27,31,-1
7,7,6,6,6
-1,-1,39,-1,39
6,9,8,-1,-1
18,-1,-1,-1,19
25,24,-1,25,27
-1,11,-1,12,-1
-1,-1,-1,-1,1
21,20,20,21,21
37,37,-1,33,-1
-1,11,12,-1,12
20,-1,-1,20,19
13,16,-1,14,16
-1,20,20,20,19
29,29,26,28,26
26,-1,-1,-1,27
31,-1,28,31,31
32,31,31,31,34
37,36,-1,35,-1
31,31,31,31,33
16,-1,-1,-1,18
24,22,22,21,24
-1,35,-1,38,-1
-1,-1,24,-1,22
-1,10,12,9,10
20,-1,19,18,-1
19,20,19,19,20
14,14,16,16,14
33,34,30,34,-1
30,-1,27,28,27
-1,39,39,-1,39
-1,-1,-1,31,31
19,21,21,21,19
-1,-1,12,7,9
19,20,-1,19,-1
-1,-1,33,-1,-1
18,19,18,17,14
-1,32,33,31,35
2,-1,3,4,-1
33,31,-1,31,32
-1,-1,32,31,-1
-1,31,30,31,32
27,27,-1,25,25
7,-1,-1,9,7
-1,23,-1,-1,22
5,6,-1,-1,7
19,19,20,19,19
14,16,-1,16,-1
-1,-1,32,-1,32
26,25,25,25,25
29,31,31,31,-1
12,8,12,13,12
4,-1,3,1,-1
38,39,38,-1,39
-1,12,-1,12,12
7,-1,-1,10,9
19,19,16,15,18
11,-1,12,-1,11
1,-1,-1,0,3
12,13,12,12,11
28,26,27,-1,25
32,31,-1,31,31
-1,8,11,10,13
-1,14,14,-1,-1
7,8,7,8,9
16,16,19,15,16
33,35,-1,-1,35
16,16,16,15,16
12,12,11,11,13
-1,19,21,21,-1
19,17,-1,-1,19
22,-1,-1,22,-1
-1,38,39,-1,-1
1,1,1,1,1
38,37,-1,34,35
4,3,5,-1,6
-1,13,19,16,-1
29,-1,-1,31,-1
-1,11,10,-1,12
20,20,-1,19,19
13,13,14,15,15
15,15,12,12,12
-1,-1,34,-1,-1
-1,16,15,16,-1
19,16,18,-1,19
6,5,7,-1,-1
-1,17,15,15,-1
16,-1,-1,-1,14
-1,35,35,33,35
25,27,-1,25,23
6,6,7,7,9
16,16,14,16,16
20,-1,21,20,-1
-1,-1,-1,33,35
-1,5,5,5,6
24,24,25,-1,-1
14,17,16,14,16
30,31,31,34,31
8,7,8,10,-1
-1,38,37,38,38
8,8,9,10,10
-1,7,6,-1,4
18,19,20,18,16
-1,18,16,16,16
27,25,-1,24,-1
-1,19,-1,19,19
33,34,34,32,35
22,23,22,20,-1
-1,28,27,27,28
4,-1,7,5,5
-1,7,6,8,8
4,3,6,5,4
8,-1,9,12,10
32,31,34,32,-1
-1,21,20,19,-1
-1,22,-1,-1,-1
39,37,33,34,35
35,35,34,34,33
-1,33,33,35,34
-1,26,24,25,25
23,-1,-1,22,-1
-1,24,19,20,20
-1,21,-1,24,22
5,-1,-1,7,6
5,-1,7,4,7
-1,8,11,7,10
31,31,31,31,-1
15,-1,11,-1,-1
-1,7,5,6,-1
7,-1,7,7,7
-1,9,-1,7,10
-1,19,19,19,-1
-1,21,23,21,19
38,-1,-1,36,38
39,38,38,-1,35
-1,-1,7,3,-1
3,4,3,5,4
20,22,19,21,23
36,39,35,34,33
16,-1,-1,-1,16
17,19,-1,19,20
26,-1,25,-1,24
7,10,10,-1,9
33,32,33,34,-1
-1,12,11,-1,11
26,26,24,25,25
36,38,39,38,37
1,1,-1,2,1
-1,33,33,-1,-1
0,1,1,1,1
-1,10,12,-1,-1
38,38,38,39,39
12,12,10,-1,10
31,-1,29,31,31
-1,24,22,22,-1
32,-1,31,32,33
5,7,3,3,2
-1,31,31,35,-1
1,1,4,1,-1
9,10,10,9,-1
32,32,33,31,-1
35,35,34,-1,37
3,5,2,0,3
6,3,6,-1,-1
10,9,11,11,12
4,3,-1,3,-1
2,-1,-1,1,1
-1,15,16,14,-1
1,-1,1,1,2
36,-1,38,-1,37
11,12,-1,10,-1
37,36,-1,-1,35
38,38,39,39,-1
-1,4,3,5,4
-1,8,9,8,9
25,-1,25,22,23
27,30,-1,30,31
22,24,-1,25,-1
39,-1,38,-1,-1
39,-1,-1,-1,-1
2,3,-1,5,7
34,-1,-1,33,32
-1,-1,28,29,28
1,3,2,1,-1
-1,28,27,-1,-1
4,5,5,-1,6
26,28,27,-1,28
11,10,-1,9,8
8,8,-1,-1,9
38,39,38,38,39
-1,28,30,-1,31
-1,24,27,24,27
-1,38,38,-1,37
18,19,17,17,18
22,24,-1,-1,22
22,25,25,-1,-1
15,17,16,14,16
21,24,-1,-1,24
34,35,-1,-1,35
-1,35,37,-1,38
1,1,1,-1,1
18,18,17,17,-1
-1,26,25,25,26
19,21,19,20,20
-1,-1,27,27,27
22,21,21,20,23
-1,16,15,16,14
12,12,12,12,9
7,6,-1,-1,-1
27,29,-1,29,31
36,-1,37,38,39
38,-1,37,-1,38
25,-1,-1,25,-1
18,-1,-1,-1,17
-1,16,-1,14,16
22,21,21,-1,20
35,37,36,-1,38
16,15,15,-1,-1
-1,8,11,8,11
5,7,-1,7,4
-1,15,16,-1,17
3,6,3,-1,5
37,-1,-1,39,38
-1,20,17,-1,20
3,3,3,-1,-1
-1,-1,35,-1,-1
-1,13,-1,16,14
17,15,16,14,14
6,-1,5,-1,-1
11,11,-1,-1,-1
29,31,30,31,31
26,-1,25,-1,-1
25,23,19,21,-1
38,38,38,38,39
32,34,33,34,-1
16,-1,15,16,15
6,7,-1,6,7
20,20,19,-1,-1
38,38,38,-1,38
16,-1,-1,16,16
-1,19,19,20,20
7,-1,7,-1,6
26,26,27,24,-1
-1,29,27,26,26
-1,8,-1,9,10
16,-1,16,-1,-1
2,2,3,4,5
20,-1,-1,25,23
-1,-1,26,-1,24
5,6,-1,-1,7
31,33,34,31,31
32,-1,31,31,-1
26,25,22,22,22
36,-1,-1,-1,35
16,16,-1,17,-1
22,-1,22,-1,22
11,12,14,-1,14
23,-1,-1,22,-1
-1,24,21,23,23
17,19,19,18,19
1,1,2,3,1
28,-1,-1,27,25
27,-1,-1,27,27
7,7,7,6,-1
-1,1,2,2,1
16,15,16,14,16
27,25,25,-1,-1
35,33,35,34,-1
-1,-1,9,-1,10
8,11,-1,9,9
3,3,1,3,2
20,21,21,-1,20
-1,33,31,35,35
6,11,7,7,5
31,31,-1,31,31
1,-1,1,2,1
14,16,16,16,16
16,18,-1,15,-1
-1,19,22,20,23
25,-1,27,-1,26
20,-1,-1,19,19
-1,-1,10,12,12
-1,34,31,-1,31
21,-1,22,-1,-1
3,6,-1,6,4
-1,37,35,35,-1
29,26,29,27,-1
36,-1,38,38,36
35,34,32,33,35
26,27,25,25,-1
3,-1,3,5,3
36,34,32,-1,33
38,38,38,37,-1
-1,28,27,26,27
1,1,0,1,1
2,5,4,7,3
-1,23,21,24,21
8,6,-1,8,-1
26,25,25,26,24
11,9,8,10,-1
2,-1,6,3,-1
16,15,16,16,16
-1,31,34,-1,31
19,17,-1,-1,20
-1,35,35,35,35
7,5,-1,-1,6
3,4,-1,6,5
8,-1,10,9,9
-1,-1,25,27,-1
33,33,33,32,35
-1,4,5,-1,11
4,-1,-1,5,5
19,19,19,-1,-1
29,-1,-1,28,25
-1,-1,-1,22,25
-1,27,29,29,29
28,29,-1,-1,30
-1,21,20,-1,21
1,6,5,-1,3
-1,7,-1,9,-1
8,9,10,12,12
-1,16,16,16,14
-1,-1,33,-1,35
35,34,-1,32,-1
3,5,2,5,4
-1,-1,-1,-1,11
4,4,6,5,-1
-1,-1,35,34,31
29,-1,-1,-1,-1
39,-1,-1,37,-1
5,2,4,5,3
19,-1,20,-1,-1
-1,20,19,20,-1
31,-1,32,32,31
27,27,29,27,-1
6,-1,6,5,7
-1,12,-1,10,8
35,35,39,37,38
36,38,35,36,-1
-1,-1,20,23,22
22,-1,20,-1,24
-1,17,18,20,14
3,3,3,2,3
27,27,-1,27,-1
31,-1,-1,-1,-1
10,12,11,13,15
21,23,21,-1,-1
1,1,-1,1,1
35,39,36,38,-1
31,31,32,31,-1
3,4,-1,1,3
-1,29,-1,-1,-1
-1,32,-1,31,34
25,-1,21,-1,22
15,16,16,-1,-1
-1,10,-1,-1,9
10,13,12,11,12
-1,-1,25,25,27
-1,14,-1,-1,16
17,15,15,-1,-1
19,19,19,19,20
-1,23,22,22,22
0,0,1,-1,-1
-1,36,35,-1,35
7,7,7,7,-1
32,32,-1,31,31
9,-1,10,9,-1
5,5,7,5,6
27,27,-1,-1,25
29,-1,27,26,26
-1,30,29,31,-1
2,3,4,6,7
-1,32,34,35,37
4,7,8,-1,10
32,-1,31,31,35
-1,22,-1,24,23
8,-1,-1,9,12
-1,-1,2,1,0
-1,-1,21,23,23
35,35,33,34,33
-1,-1,36,38,36
32,30,31,31,-1
21,20,20,-1,22
15,-1,14,15,16
21,22,21,22,23
0,0,0,2,1
-1,9,12,-1,11
14,16,16,16,-1
-1,-1,25,-1,27
31,31,31,33,33
-1,-1,32,31,35
13,16,-1,14,16
-1,-1,6,5,-1
34,-1,-1,33,-1
-1,12,-1,10,12
31,-1,33,31,32
29,28,31,32,31
28,28,29,-1,31
27,26,-1,25,27
16,16,-1,-1,-1
29,34,32,33,31
-1,16,-1,16,17
37,37,38,-1,39
24,25,24,25,24
19,-1,19,20,-1
-1,26,27,26,27
6,6,4,7,5
27,-1,27,-1,28
3,-1,5,-1,5
0,-1,-1,1,1
12,12,-1,12,9
-1,-1,-1,1,-1
6,6,-1,-1,6
11,10,-1,11,12
27,27,25,-1,25
31,33,31,31,33
24,22,25,24,21
36,35,31,-1,-1
19,20,20,19,19
25,25,-1,-1,22
35,37,-1,36,37
22,23,22,23,19
9,9,8,10,10
-1,31,-1,-1,31
38,39,38,38,38
22,22,22,21,20
-1,26,28,25,24
2,-1,0,1,1
-1,-1,35,34,-1
29,-1,30,28,27
5,3,5,5,4
31,-1,-1,31,31
-1,28,27,-1,26
-1,30,31,32,33
20,21,22,23,-1
-1,11,-1,-1,9
8,-1,9,8,9
24,23,24,22,23
33,-1,-1,-1,33
35,-1,-1,33,-1
22,-1,21,24,22
-1,15,11,10,12
25,24,26,27,-1
39,37,35,-1,37
-1,1,3,-1,0
39,39,37,-1,39
12,17,16,15,-1
5,5,6,-1,7
-1,39,38,-1,38
-1,7,-1,-1,11
-1,3,4,5,6
39,-1,38,38,-1
24,23,23,-1,22
7,-1,7,4,-1
-1,19,-1,-1,-1
4,5,5,6,-1
35,34,-1,35,-1
15,16,17,15,16
25,22,26,24,27
32,33,35,-1,33
3,4,-1,5,3
-1,39,39,38,-1
1,1,2,1,4
-1,26,25,27,26
24,-1,22,21,22
-1,31,31,31,-1
35,-1,-1,35,38
7,7,6,6,7
-1,6,-1,7,-1
-1,37,-1,38,38
35,33,34,-1,33
15,16,20,16,16
33,35,-1,31,32
-1,1,1,-1,0
7,8,5,6,6
13,15,16,16,16
29,29,29,31,31
2,-1,1,0,2
3,1,0,1,3
-1,28,31,31,31
2,3,5,-1,3
17,19,-1,20,20
4,6,2,5,-1
20,-1,-1,18,19
28,28,28,29,28
-1,31,-1,32,-1
28,30,31,30,-1
28,27,25,24,26
37,39,39,38,39
34,-1,35,-1,35
27,-1,-1,25,25
21,22,18,22,-1
22,-1,21,-1,19
28,-1,27,28,27
19,22,21,22,20
-1,36,38,35,-1
7,7,7,7,-1
20,-1,20,-1,-1
16,18,16,16,18
21,-1,22,19,23
10,9,7,10,10
27,27,27,25,-1
11,-1,9,9,-1
4,-1,-1,6,6
21,22,-1,19,-1
29,33,-1,32,34
2,0,2,1,2
12,10,11,12,-1
-1,34,-1,36,-1
20,20,20,19,19
36,34,33,35,35
38,-1,36,39,-1
20,18,20,20,19
38,-1,-1,39,-1
29,-1,30,-1,-1
-1,-1,7,6,7
27,28,-1,-1,-1
28,28,29,28,28
21,21,21,22,-1
12,12,-1,-1,-1
28,-1,28,27,27
-1,21,20,21,22
-1,38,-1,38,-1
-1,29,29,29,-1
14,-1,17,16,-1
17,20,20,20,20
9,9,12,13,-1
17,20,-1,20,19
27,26,26,27,25
1,1,3,1,1
9,10,11,-1,-1
10,10,9,-1,9
-1,7,-1,-1,4
12,15,14,-1,12
33,35,35,32,35
-1,-1,17,-1,19
15,15,-1,17,16
-1,19,-1,-1,19
12,-1,11,9,9
18,19,19,-1,-1
5,11,9,10,-1
16,14,16,16,16
-1,-1,1,1,-1
20,20,20,-1,-1
19,19,20,-1,19
11,11,-1,11,10
-1,20,21,22,-1
23,25,27,26,26
35,34,36,36,-1
-1,31,32,-1,35
2,4,-1,-1,4
-1,-1,20,-1,21
7,7,9,-1,7
-1,31,31,31,-1
28,-1,-1,28,-1
1,-1,1,1,-1
-1,-1,22,19,22
16,-1,12,12,-1
39,-1,35,38,-1
2,2,-1,0,1
16,-1,-1,-1,14
-1,31,31,31,31
-1,38,37,39,39
38,38,-1,-1,38
7,-1,6,7,4
25,25,26,22,25
-1,36,35,-1,34
-1,30,33,31,32
-1,28,27,-1,-1
31,33,-1,-1,-1
1,-1,1,0,-1
-1,15,15,13,14
6,7,7,7,-1
0,1,1,1,2
25,-1,25,25,24
28,-1,30,26,27
29,29,-1,27,26
15,15,16,15,16
12,12,-1,13,-1
37,35,32,-1,35
35,35,-1,-1,-1
-1,35,35,35,35
-1,-1,3,4,-1
-1,33,-1,31,-1
20,-1,-1,-1,21
-1,32,33,-1,35
9,11,9,9,9
13,16,16,14,16
11,-1,15,12,11
26,25,26,26,-1
-1,2,3,6,3
36,-1,38,35,-1
21,22,21,21,22
35,36,39,35,35
-1,33,-1,32,33
2,-1,3,3,4
-1,35,33,31,34
-1,17,16,18,18
15,16,-1,15,16
-1,19,22,22,21
-1,13,-1,-1,-1
31,34,33,35,-1
27,27,-1,25,-1
25,25,25,-1,25
24,22,22,-1,-1
19,19,19,-1,18
7,-1,8,7,6
-1,7,-1,6,7
7,7,8,8,8
26,-1,28,-1,26
16,16,14,-1,-1
18,-1,20,19,19
-1,25,26,25,25
7,5,-1,5,6
-1,-1,-1,38,36
7,6,7,6,6
38,35,-1,38,-1
-1,6,-1,4,6
-1,26,27,26,28
16,17,19,19,16
35,34,35,-1,35
4,-1,6,7,9
35,-1,35,36,35
3,5,-1,-1,3
35,-1,37,37,38
-1,-1,26,25,24
-1,31,31,-1,31
35,36,35,32,33
11,12,-1,14,12
-1,20,-1,-1,19
-1,30,-1,-1,29
-1,-1,9,10,10
-1,-1,38,38,38
27,29,31,31,31
16,17,20,19,20
29,28,-1,31,31
7,6,8,7,-1
-1,7,6,7,-1
8,8,-1,12,9
16,16,16,-1,16
35,33,-1,-1,-1
-1,31,35,-1,35
8,-1,7,-1,-1
-1,7,5,-1,6
16,19,16,15,16
-1,29,27,26,29
29,-1,-1,31,31
15,-1,-1,16,-1
9,8,-1,10,9
28,-1,-1,25,25
-1,-1,-1,23,22
35,-1,34,32,33
17,-1,20,19,20
12,10,11,11,11
16,17,14,16,-1
27,27,25,25,-1
6,10,10,10,11
22,22,22,-1,22
-1,25,26,27,27
19,19,20,19,19
16,13,15,-1,-1
33,35,-1,32,31
5,-1,5,7,5
5,-1,-1,3,2
9,9,-1,-1,-1
3,1,1,3,1
20,20,20,20,19
19,16,20,17,17
19,-1,19,19,-1
23,21,21,21,24
28,-1,-1,-1,30
28,28,28,29,-1
33,31,31,33,32
39,39,-1,38,38
-1,22,19,-1,-1
26,27,22,24,25
19,16,19,19,19
6,3,-1,7,9
25,25,25,-1,-1
-1,-1,-1,-1,25
1,-1,1,-1,-1
39,38,36,-1,37
0,2,1,-1,1
6,6,5,-1,-1
-1,16,-1,16,-1
17,-1,-1,-1,18
33,-1,34,-1,32
-1,-1,24,-1,19
39,37,-1,-1,38
20,19,17,19,19
24,21,23,20,24
33,35,-1,35,-1
-1,3,-1,-1,-1
1,2,1,1,3
20,21,21,20,-1
35,33,33,-1,-1
17,17,20,-1,-1
-1,7,-1,7,8
22,21,21,24,25
25,25,25,-1,27
10,11,10,-1,12
27,-1,-1,27,-1
8,-1,8,8,10
28,29,29,-1,29
1,2,-1,-1,2
-1,33,32,32,33
9,10,-1,9,8
19,19,-1,19,19
11,11,11,-1,-1
-1,19,20,19,-1
-1,19,20,-1,19
21,-1,23,-1,24
10,-1,10,-1,-1
21,21,20,22,21
-1,19,19,20,19
-1,24,24,22,21
6,6,5,6,-1
-1,19,21,-1,21
-1,18,18,16,15
31,31,31,33,32
-1,33,-1,34,-1
38,38,39,39,39
-1,-1,-1,27,-1
-1,-1,39,39,39
-1,35,-1,37,35
24,21,20,-1,19
38,39,-1,37,37
10,11,-1,11,14
37,39,39,34,-1
-1,39,39,39,39
16,14,-1,14,-1
23,24,21,21,20
22,19,20,20,-1
22,23,21,21,19
28,-1,26,29,29
8,9,10,-1,9
24,-1,-1,22,23
26,25,-1,25,27
26,29,26,-1,25
-1,11,8,8,9
-1,27,25,-1,27
11,12,11,-1,13
14,-1,16,-1,-1
35,38,37,35,35
35,-1,38,39,-1
6,-1,7,6,6
-1,26,-1,-1,27
25,-1,26,26,-1
3,3,4,3,-1
21,-1,-1,24,-1
3,6,5,7,3
21,-1,21,-1,19
24,24,-1,23,25
4,3,-1,-1,3
11,11,-1,-1,12
35,37,36,-1,33
-1,-1,19,21,21
24,25,27,26,26
33,33,31,32,33
10,-1,10,11,12
29,32,31,31,32
3,-1,5,-1,3
27,-1,28,27,27
21,21,22,22,-1
-1,5,-1,7,7
16,15,16,15,16
-1,38,39,34,39
-1,31,31,-1,29
12,-1,12,12,11
-1,11,11,-1,12
11,10,8,-1,9
27,25,25,-1,25
24,-1,24,21,-1
-1,-1,-1,27,26
3,-1,5,4,3
-1,19,19,-1,19
8,8,9,11,9
20,-1,23,21,-1
22,-1,25,22,21
35,-1,31,34,32
21,23,-1,22,25
-1,21,-1,21,21
16,15,15,15,-1
9,8,9,7,-1
16,13,16,16,14
-1,29,28,-1,-1
38,39,38,37,-1
-1,3,-1,-1,3
19,20,-1,19,-1
10,-1,-1,12,13
39,-1,-1,-1,38
35,-1,35,35,-1
-1,-1,-1,-1,27
28,28,29,27,25
35,35,33,35,-1
30,-1,31,31,-1
-1,-1,28,28,31
15,-1,16,17,16
38,38,39,-1,38
21,20,21,22,20
-1,37,35,33,35
21,21,21,22,20
33,31,-1,-1,34
-1,39,39,39,39
-1,34,33,-1,35
5,4,-1,-1,7
-1,7,10,-1,7
11,12,-1,-1,13
15,-1,-1,16,-1
-1,10,12,-1,11
24,-1,21,-1,21
21,22,21,-1,25
21,-1,20,-1,-1
35,33,-1,34,-1
11,12,-1,10,11
20,-1,-1,19,20
7,7,7,8,6
-1,28,27,26,-1
35,-1,-1,35,33
25,25,20,-1,23
27,-1,28,29,-1
8,-1,11,7,12
22,23,-1,-1,21
35,36,-1,35,37
12,14,-1,12,-1
-1,36,39,38,38
34,-1,33,34,33
1,-1,-1,1,1
16,-1,16,19,19
39,-1,37,-1,37
31,30,31,32,32
36,33,-1,-1,-1
-1,12,10,12,12
12,-1,12,11,12
18,18,17,-1,-1
7,3,3,-1,-1
4,-1,3,1,1
25,26,25,-1,-1
21,21,20,22,19
35,36,-1,-1,38
36,32,-1,34,35
34,35,35,-1,-1
-1,29,28,-1,31
22,21,20,-1,21
34,-1,37,38,38
8,10,6,-1,11
-1,3,5,5,5
-1,30,31,30,34
24,-1,-1,-1,21
22,21,-1,21,-1
-1,34,35,-1,34
-1,10,9,10,9
20,20,19,19,20
-1,-1,7,8,10
-1,9,9,9,8
29,28,-1,31,31
21,-1,24,22,22
35,35,33,33,-1
20,-1,19,19,19
37,-1,36,-1,-1
18,15,-1,15,-1
7,7,-1,7,-1
-1,-1,35,37,38
-1,-1,31,31,31
31,32,31,31,33
-1,27,25,25,25
-1,-1,5,6,-1
-1,21,-1,-1,24
26,25,-1,25,-1
-1,7,-1,10,9
-1,8,-1,8,10
12,11,-1,-1,10
35,33,-1,-1,33
27,28,-1,25,26
5,-1,6,3,4
17,19,19,16,-1
31,32,34,-1,-1
-1,-1,35,36,36
5,6,6,7,5
5,7,7,9,9
16,14,-1,-1,-1
27,27,28,28,27
26,26,24,26,24
27,27,-1,-1,28
-1,31,31,33,-1
27,-1,28,28,29
27,25,25,25,-1
39,-1,-1,37,39
22,22,-1,20,21
35,35,33,-1,34
8,8,8,-1,10
36,-1,39,37,35
-1,-1,33,-1,35
4,6,-1,-1,5
27,-1,28,27,29
-1,28,-1,29,-1
9,8,9,8,9
28,-1,-1,31,-1
-1,8,9,9,11
20,19,-1,19,-1
16,16,16,16,-1
-1,-1,33,31,-1
20,19,-1,20,19
28,32,31,30,32
38,38,-1,35,39
39,-1,39,39,-1
7,-1,-1,7,10
-1,-1,-1,27,28
12,-1,14,15,-1
11,-1,11,8,-1
35,37,38,38,-1
7,9,8,10,-1
-1,19,-1,-1,-1
27,-1,26,-1,24
-1,-1,9,8,10
7,5,-1,7,6
14,14,16,15,15
-1,1,3,6,-1
31,-1,31,32,-1
-1,-1,19,20,-1
34,35,35,31,-1
35,33,-1,33,35
-1,36,35,39,-1
-1,18,18,16,17
35,33,-1,-1,-1
-1,-1,8,-1,12
-1,12,12,10,-1
14,14,17,15,-1
23,24,22,-1,-1
3,3,7,-1,5
19,21,21,22,24
7,11,10,8,8
-1,-1,22,-1,19
-1,15,16,-1,-1
-1,35,35,34,-1
16,14,16,16,-1
17,18,-1,18,17
1,1,1,0,2
-1,-1,11,-1,-1
-1,24,24,21,-1
4,3,-1,4,3
31,31,31,31,31
11,-1,10,-1,10
27,27,25,-1,25
11,11,11,12,12
10,-1,10,10,-1
21,22,-1,-1,-1
35,35,35,34,34
38,38,38,-1,-1
-1,20,18,18,19
4,5,6,-1,-1
23,24,25,24,21
-1,16,-1,-1,16
-1,22,24,24,-1
9,-1,9,6,7
38,-1,-1,38,39
31,33,33,33,32
25,22,24,24,22
-1,-1,13,15,11
12,-1,-1,12,11
9,-1,8,-1,-1
12,12,12,11,-1
-1,25,25,26,25
25,25,22,22,-1
20,24,24,-1,-1
5,7,5,-1,4
5,5,7,6,-1
38,39,39,-1,35
27,29,29,28,27
19,-1,-1,19,20
14,16,15,16,16
6,-1,-1,-1,-1
-1,32,33,31,33
-1,6,4,5,-1
-1,26,22,27,25
6,-1,-1,-1,-1
39,-1,38,38,38
3,3,-1,7,3
-1,27,24,27,25
2,-1,1,1,3
22,21,23,-1,24
8,9,8,10,10
-1,-1,14,16,14
15,14,16,16,16
16,15,-1,17,16
24,26,26,25,25
4,-1,4,-1,6
29,29,29,28,-1
14,14,15,15,-1
25,-1,25,25,-1
-1,24,22,23,24
-1,10,10,9,9
22,21,21,-1,23
24,-1,22,21,24
-1,-1,7,6,6
27,27,-1,25,-1
-1,-1,4,-1,-1
22,22,20,21,21
-1,29,31,31,-1
-1,23,24,23,20
-1,38,37,39,38
-1,-1,24,22,19
31,31,31,31,31
-1,3,-1,5,7
-1,26,28,-1,31
34,-1,-1,31,-1
21,18,-1,22,22
24,-1,23,24,22
27,25,-1,26,25
38,38,39,37,35
7,-1,8,-1,9
33,31,34,33,-1
16,14,15,15,13
1,1,0,1,1
-1,-1,9,8,9
28,26,27,27,-1
13,11,-1,15,13
-1,35,38,38,-1
1,-1,4,2,3
19,20,20,18,19
11,-1,15,-1,15
1,-1,4,4,3
29,28,26,30,-1
-1,21,20,-1,21
38,-1,39,38,39
2,-1,3,6,4
29,28,28,28,-1
39,-1,-1,38,-1
5,7,-1,6,-1
-1,35,35,36,35
16,18,20,18,15
-1,-1,8,4,-1
3,-1,-1,8,-1
9,8,10,-1,-1
-1,-1,31,31,-1
-1,-1,-1,32,33
31,31,-1,33,34
27,31,-1,32,31
25,24,23,23,23
-1,12,-1,10,11
24,23,-1,-1,-1
35,35,35,-1,-1
20,-1,20,-1,19
16,15,-1,16,15
-1,-1,-1,-1,5
8,12,-1,12,12
-1,-1,-1,-1,14
25,21,19,21,-1
-1,33,-1,32,34
-1,31,31,31,31
17,-1,19,19,17
11,-1,12,-1,12
3,-1,-1,1,1
13,15,16,16,14
9,-1,9,7,7
5,3,-1,4,-1
-1,19,19,-1,17
32,32,-1,35,-1
29,-1,33,29,-1
-1,39,39,36,36
7,-1,7,9,7
20,-1,21,20,21
34,33,33,31,31
-1,-1,25,25,27
34,37,37,-1,38
-1,10,-1,9,-1
27,30,31,-1,-1
-1,10,-1,10,7
31,31,-1,32,30
26,-1,24,25,22
-1,24,22,22,21
15,16,13,-1,-1
17,16,14,15,16
16,-1,16,-1,16
-1,35,34,35,-1
29,29,27,-1,29
26,31,-1,32,31
-1,1,1,1,1
16,19,-1,20,-1
5,5,5,5,5
-1,8,8,-1,-1
33,-1,35,35,32
28,-1,-1,28,-1
4,-1,-1,1,-1
35,38,-1,-1,-1
8,8,-1,-1,9
19,18,-1,-1,16
11,12,-1,12,-1
-1,-1,5,6,4
-1,-1,15,-1,14
-1,14,15,-1,-1
1,1,1,1,-1
12,9,10,11,9
19,-1,-1,20,-1
20,19,19,20,18
3,3,0,-1,2
23,-1,-1,24,-1
11,11,10,12,12
39,38,-1,36,37
39,35,36,38,36
31,35,32,35,35
33,-1,-1,36,33
6,-1,7,5,6
25,25,24,25,25
-1,-1,31,31,30
4,7,5,-1,-1
-1,31,-1,31,-1
36,37,37,-1,37
27,27,27,-1,27
3,-1,-1,4,1
19,19,-1,19,-1
2,1,1,4,3
-1,5,3,-1,3
21,21,22,21,20
35,36,-1,36,-1
-1,-1,1,1,-1
34,-1,30,32,-1
4,-1,7,5,-1
22,24,22,21,22
-1,23,22,22,24
39,-1,38,-1,38
3,3,3,1,1
15,-1,14,15,-1
22,21,22,-1,22
-1,-1,7,-1,8
31,35,33,31,-1
12,14,14,15,15
-1,34,35,-1,-1
-1,27,-1,-1,25
6,7,7,7,7
11,10,10,-1,12
35,33,32,33,-1
14,-1,16,-1,-1
-1,-1,27,-1,25
-1,10,7,-1,9
3,-1,5,-1,-1
5,3,2,-1,6
16,14,-1,-1,-1
-1,21,-1,21,-1
-1,7,7,5,-1
-1,38,35,34,33
38,38,39,39,38
38,38,38,-1,37
31,35,-1,-1,35
-1,20,-1,20,-1
21,-1,-1,21,21
28,30,26,27,27
12,14,11,10,11
16,-1,14,16,14
-1,19,-1,-1,-1
13,17,16,15,16
1,-1,1,-1,1
15,-1,19,15,15
-1,39,-1,36,-1
31,28,28,31,32
26,-1,24,25,25
19,19,19,19,-1
35,-1,37,36,36
37,35,35,38,-1
19,19,20,19,-1
27,28,27,25,28
35,35,-1,33,-1
17,20,20,20,19
30,29,31,-1,31
24,21,-1,21,21
6,7,7,7,7
-1,15,15,-1,15
22,23,-1,-1,-1
18,20,-1,19,19
33,-1,-1,-1,35
35,-1,32,33,33
26,-1,26,25,25
32,31,-1,31,31
6,9,9,-1,-1
14,15,16,17,16
38,39,39,39,38
-1,-1,33,35,33
-1,13,18,16,16
25,-1,27,-1,-1
30,-1,29,31,31
-1,14,19,16,16
-1,10,9,9,10
-1,19,16,14,16
17,16,16,17,16
-1,14,-1,16,15
-1,24,24,21,-1
7,4,7,-1,6
-1,11,8,8,9
29,33,-1,32,31
-1,19,19,19,19
7,-1,8,9,10
4,-1,-1,-1,-1
19,21,22,24,-1
29,28,-1,31,-1
20,19,-1,20,-1
20,21,20,19,20
31,-1,-1,31,31
27,25,27,-1,-1
39,39,-1,35,37
-1,7,7,7,7
31,33,33,31,-1
36,35,36,-1,-1
36,39,35,34,35
35,35,-1,-1,-1
7,7,-1,-1,5
32,33,-1,-1,33
16,-1,-1,16,14
-1,8,11,12,-1
29,28,-1,28,27
7,-1,5,9,-1
9,-1,-1,11,-1
17,18,15,-1,-1
-1,31,32,35,32
-1,35,-1,-1,-1
-1,-1,32,-1,34
16,14,-1,15,-1
26,-1,28,28,27
36,35,33,35,32
18,17,19,18,-1
-1,9,14,12,-1
16,15,14,-1,16
39,35,35,35,35
-1,-1,1,3,-1
25,-1,25,25,26
11,9,10,-1,-1
19,19,20,19,20
15,-1,17,-1,16
-1,-1,19,-1,17
35,35,35,31,-1
-1,7,7,8,6
-1,39,-1,39,-1
38,38,-1,39,38
31,32,-1,31,-1
-1,15,-1,19,19
-1,26,25,25,27
26,26,27,25,-1
-1,13,-1,16,16
-1,35,31,-1,-1
20,19,20,19,19
1,-1,0,-1,0
16,14,17,-1,-1
38,36,38,39,39
-1,27,28,27,27
26,26,-1,25,25
8,5,4,6,6
39,-1,-1,38,38
20,-1,-1,21,24
-1,18,20,-1,-1
20,-1,20,20,20
7,-1,9,10,11
35,32,-1,32,-1
-1,28,28,31,33
31,32,31,-1,-1
5,5,7,7,7
29,-1,-1,33,28
39,38,-1,39,39
22,-1,23,23,-1
11,12,-1,-1,12
16,-1,20,20,-1
-1,17,19,-1,-1
3,7,-1,-1,-1
-1,6,7,-1,7
1,2,-1,1,1
-1,7,7,6,7
17,16,16,18,17
-1,-1,8,9,10
15,-1,15,-1,-1
5,6,7,4,7
19,20,-1,20,20
-1,35,37,38,34
38,38,38,38,38
-1,31,34,35,32
-1,37,-1,38,37
25,-1,-1,-1,27
-1,23,22,21,23
-1,1,1,2,1
25,26,27,26,-1
27,26,28,27,-1
26,25,26,24,25
2,1,-1,1,-1
1,1,-1,1,1
35,-1,38,36,38
4,6,6,7,6
-1,-1,-1,34,33
35,-1,35,35,34
21,20,-1,19,20
-1,27,28,-1,30
-1,38,35,-1,-1
35,34,-1,35,-1
-1,-1,33,33,-1
35,35,33,35,34
-1,-1,31,-1,31
19,18,19,19,19
-1,33,32,35,34
-1,29,31,31,32
31,31,-1,-1,-1
-1,-1,38,39,-1
-1,16,16,16,16
-1,27,28,-1,29
6,5,-1,7,-1
-1,25,27,25,-1
7,-1,7,6,5
30,31,32,32,32
36,35,33,32,31
1,3,1,0,-1
-1,-1,-1,-1,-1
-1,39,36,-1,-1
-1,32,34,31,33
6,3,5,3,4
1,1,-1,2,0
21,20,23,-1,22
20,-1,20,21,-1
-1,-1,38,38,-1
35,-1,35,-1,33
23,-1,-1,21,22
-1,12,9,-1,12
35,35,36,-1,35
1,0,0,-1,-1
12,12,-1,-1,12
7,8,9,9,10
-1,10,12,-1,11
-1,-1,39,-1,35
7,-1,7,-1,-1
31,32,31,31,31
-1,3,5,5,-1
20,21,19,21,-1
-1,39,38,39,-1
3,7,4,6,7
9,-1,10,11,12
19,19,20,20,-1
16,14,-1,15,14
11,12,10,10,-1
-1,21,21,23,21
20,20,20,20,-1
20,19,19,19,19
-1,39,37,35,35
20,19,-1,-1,19
31,-1,33,34,-1
7,7,9,11,-1
-1,-1,25,26,26
3,1,7,6,6
-1,-1,-1,10,11
-1,-1,27,25,26
34,34,-1,35,37
18,13,-1,15,19
26,-1,26,25,-1
32,33,33,35,35
-1,8,9,-1,10
-1,33,-1,-1,33
13,13,14,14,14
-1,28,28,29,28
9,7,-1,7,-1
31,29,30,31,31
8,7,9,8,9
9,8,10,7,-1
37,38,36,-1,-1
15,15,-1,-1,-1
21,21,-1,20,21
1,2,1,-1,2
-1,-1,9,10,-1
4,5,-1,3,1
27,26,28,26,-1
-1,16,15,-1,-1
24,-1,20,24,24
11,12,9,-1,-1
29,-1,-1,-1,31
-1,-1,12,-1,-1
7,9,-1,7,-1
5,4,5,5,7
28,28,-1,-1,-1
12,15,16,16,15
16,16,19,16,14
11,10,11,11,11
19,-1,20,20,19
28,28,29,-1,27
-1,35,32,34,33
-1,11,10,8,9
-1,4,4,4,-1
-1,6,7,-1,6
29,31,32,31,33
9,11,-1,-1,9
24,24,22,20,21
16,-1,16,16,15
9,-1,-1,-1,-1
29,31,-1,-1,-1
-1,29,31,30,-1
31,-1,31,31,31
-1,-1,12,12,9
-1,-1,34,34,32
31,30,-1,-1,31
39,38,38,37,-1
37,35,38,39,38
33,34,32,33,32
7,10,11,-1,-1
-1,38,38,-1,39
19,-1,19,19,-1
7,-1,-1,10,8
22,20,20,22,19
-1,-1,4,-1,4
17,15,16,17,-1
-1,19,19,19,-1
29,28,28,27,27
33,35,35,35,35
10,10,9,10,12
14,12,9,-1,15
26,-1,26,-1,27
-1,35,-1,34,33
10,8,11,11,9
4,6,4,4,5
28,-1,-1,32,-1
35,34,31,35,32
33,32,31,32,33
29,29,-1,-1,30
-1,5,7,6,6
-1,1,2,3,2
-1,-1,39,-1,38
36,37,39,38,-1
-1,27,-1,-1,26
3,3,2,-1,6
-1,38,38,-1,39
3,1,-1,-1,-1
31,31,-1,-1,-1
-1,7,7,6,11
-1,9,13,-1,12
25,-1,25,25,23
-1,28,27,26,28
2,-1,-1,3,-1
-1,10,10,9,8
29,27,-1,28,28
7,7,5,5,6
36,38,38,38,35
14,15,-1,16,14
-1,32,34,32,35
33,31,-1,33,-1
35,-1,36,34,36
-1,30,32,33,35
-1,16,17,19,-1
7,6,6,7,6
-1,-1,33,34,33
-1,-1,9,10,9
-1,-1,4,-1,1
29,29,31,30,31
20,-1,-1,18,19
16,-1,-1,16,17
27,27,-1,27,26
20,19,-1,-1,19
13,9,12,12,11
1,1,3,1,2
21,-1,25,22,23
31,35,35,-1,33
25,25,-1,-1,25
31,31,30,31,31
11,-1,12,-1,-1
17,-1,16,15,15
15,-1,16,16,-1
21,-1,24,22,22
29,28,31,31,-1
31,-1,-1,-1,32
26,25,26,26,25
14,16,16,15,-1
34,34,-1,-1,-1
-1,24,27,27,27
6,7,7,6,3
21,22,19,-1,20
39,36,35,-1,35
-1,-1,4,5,4
7,8,-1,8,11
-1,7,-1,-1,8
38,39,-1,37,39
4,-1,-1,7,6
13,12,9,-1,10
19,-1,15,18,-1
33,35,35,33,32
8,6,7,6,4
6,-1,6,6,6
-1,31,33,33,-1
-1,27,29,-1,27
8,10,8,-1,-1
6,6,7,8,8
3,1,-1,1,2
5,7,7,4,-1
2,3,0,-1,-1
12,12,11,11,9
25,23,21,-1,21
39,-1,-1,38,-1
-1,-1,-1,-1,31
7,-1,9,10,10
-1,31,-1,-1,31
-1,-1,-1,26,-1
11,12,-1,16,-1
1,1,1,3,-1
7,7,8,7,9
34,-1,-1,32,31
-1,35,38,35,39
-1,-1,-1,9,7
-1,31,-1,33,-1
-1,-1,-1,33,31
32,31,32,29,31
34,35,31,31,-1
26,-1,25,-1,25
25,25,24,22,-1
33,35,35,36,31
-1,-1,-1,7,8
-1,32,33,34,33
-1,16,-1,16,16
-1,-1,20,22,20
27,28,27,28,27
10,-1,10,10,11
8,7,7,9,7
31,-1,31,30,-1
27,26,27,24,25
-1,35,-1,35,35
15,14,16,-1,16
31,31,33,31,32
15,-1,-1,15,15
16,-1,16,17,-1
27,27,26,26,25
13,12,-1,13,-1
-1,16,14,15,-1
32,33,34,33,-1
-1,9,7,8,10
-1,25,25,25,25
-1,-1,11,12,10
16,14,-1,16,16
-1,38,39,38,38
28,28,28,31,-1
31,-1,35,-1,31
-1,-1,21,24,24
19,18,16,18,19
16,15,16,-1,16
22,22,21,-1,21
-1,-1,9,9,9
-1,21,-1,22,24
14,15,-1,-1,16
-1,9,-1,9,10
7,6,7,9,8
25,27,25,27,25
11,11,12,11,11
-1,19,-1,-1,19
35,32,-1,35,35
19,-1,-1,21,22
35,35,-1,34,35
14,12,12,10,-1
-1,20,19,19,20
36,-1,-1,38,35
9,-1,11,-1,-1
34,32,31,31,33
33,34,-1,-1,32
-1,36,35,-1,33
31,29,31,31,31
16,16,16,15,-1
27,25,25,27,-1
-1,26,29,27,28
23,19,22,21,21
-1,7,7,-1,-1
3,4,5,-1,-1
16,16,16,15,16
-1,28,29,29,28
8,10,10,7,-1
16,16,-1,16,-1
31,-1,28,28,28
17,16,-1,16,16
5,6,-1,5,-1
31,-1,34,-1,-1
15,16,-1,-1,14
3,5,4,6,3
35,35,37,38,-1
11,12,12,-1,11
7,-1,5,-1,-1
10,-1,9,9,-1
11,11,-1,10,11
28,-1,27,27,27
-1,3,3,3,6
20,20,19,20,-1
35,36,-1,36,36
16,16,13,-1,16
12,10,12,14,12
25,25,-1,26,27
0,1,-1,1,-1
-1,27,28,28,-1
16,14,16,-1,16
18,22,21,19,19
27,26,-1,24,25
24,-1,22,-1,-1
20,20,-1,20,20
28,-1,27,-1,27
35,-1,-1,-1,39
-1,12,14,12,-1
3,5,7,4,-1
35,31,-1,31,31
-1,26,28,-1,27
31,31,31,31,33
1,1,1,-1,-1
12,-1,-1,13,11
-1,1,1,3,3
26,24,25,26,24
31,31,31,32,29
-1,34,34,36,34
-1,36,37,-1,-1
8,9,9,10,-1
11,11,-1,12,-1
12,9,-1,8,11
12,-1,9,12,12
-1,-1,25,-1,-1
-1,8,-1,9,8
35,35,35,35,33
11,13,12,14,-1
11,11,11,10,9
14,11,-1,12,13
16,16,16,-1,-1
-1,-1,-1,18,-1
-1,16,16,16,14
7,5,6,7,7
35,-1,-1,35,-1
5,-1,3,3,5
-1,7,8,7,8
22,-1,24,23,21
-1,20,18,18,19
8,-1,-1,-1,10
20,20,-1,-1,21
30,31,-1,31,31
12,12,-1,12,12
20,19,20,20,19
12,9,9,11,8
32,-1,33,-1,35
1,2,2,-1,-1
35,37,37,39,39
-1,19,19,20,-1
27,26,26,27,-1
28,-1,-1,31,31
7,6,8,11,-1
-1,-1,29,27,31
9,9,11,14,12
32,31,32,31,31
35,-1,33,-1,34
14,-1,-1,16,14
30,35,-1,31,34
-1,-1,-1,-1,38
-1,1,3,-1,-1
35,37,39,37,38
25,27,-1,25,25
19,19,19,19,-1
16,14,13,-1,16
31,31,32,35,-1
14,16,-1,-1,-1
21,22,24,24,-1
-1,4,6,-1,-1
31,32,33,-1,32
39,-1,39,-1,39
12,14,-1,-1,-1
31,33,34,31,-1
-1,-1,1,0,-1
7,10,9,7,9
19,14,17,19,-1
-1,1,-1,1,1
38,36,39,39,-1
31,32,31,-1,-1
35,-1,38,39,-1
12,16,15,16,14
-1,36,38,-1,34
1,1,1,-1,1
35,-1,34,35,32
24,-1,19,20,21
30,31,31,-1,31
35,34,33,33,31
38,-1,-1,-1,38
7,7,7,-1,4
39,39,38,-1,39
-1,24,-1,-1,23
-1,14,12,-1,12
-1,10,9,12,11
24,25,23,-1,-1
36,36,-1,-1,35
-1,8,11,9,10
24,24,-1,21,22
3,1,5,0,4
35,35,36,37,37
1,1,0,2,4
-1,-1,5,5,3
13,15,15,15,-1
29,33,-1,32,-1
28,-1,29,33,32
-1,-1,-1,-1,-1
31,31,32,34,32
38,-1,38,-1,35
13,-1,-1,-1,12
-1,9,9,-1,-1
9,10,10,-1,-1
4,-1,6,6,6
20,-1,-1,20,19
-1,2,1,-1,1
-1,-1,37,-1,39
-1,-1,-1,-1,33
31,31,31,-1,33
11,-1,12,12,11
26,28,27,28,-1
-1,5,-1,6,6
17,20,19,19,20
29,29,31,-1,32
19,18,-1,16,16
27,27,26,28,27
35,32,35,32,33
29,29,-1,28,-1
31,31,-1,35,31
33,35,35,38,37
2,3,3,7,-1
7,-1,6,6,7
19,20,20,20,19
4,5,5,5,3
36,35,32,31,30
7,8,10,8,-1
34,33,34,31,34
-1,27,25,-1,26
16,15,16,15,16
-1,1,-1,2,-1
9,9,10,10,10
19,-1,-1,16,16
20,19,-1,-1,-1
-1,-1,31,-1,-1
31,34,33,34,35
27,28,28,26,26
34,33,-1,-1,34
-1,20,-1,-1,19
-1,28,31,31,31
11,11,12,12,-1
1,2,1,1,1
33,31,32,-1,31
9,6,-1,8,-1
21,23,22,-1,25
-1,11,12,-1,9
27,29,27,-1,27
-1,32,31,-1,31
-1,12,9,11,-1
-1,28,27,-1,-1
5,3,4,4,5
-1,-1,27,31,-1
3,7,6,4,-1
20,20,20,-1,-1
14,15,15,-1,-1
-1,17,-1,-1,12
31,30,31,31,31
-1,6,-1,8,10
34,33,33,30,33
25,26,25,25,27
35,34,33,-1,-1
34,35,-1,31,35
36,-1,39,39,36
1,1,-1,1,1
1,1,1,1,1
-1,-1,-1,-1,35
-1,12,-1,14,15
16,18,19,16,17
19,17,-1,15,15
5,4,4,5,7
-1,-1,25,25,27
7,5,-1,5,6
28,-1,27,29,26
20,-1,19,18,19
-1,17,-1,-1,17
12,10,11,11,-1
-1,16,16,-1,-1
8,9,7,6,6
-1,38,39,39,38
-1,19,20,20,-1
28,31,29,32,32
39,37,-1,38,-1
38,-1,35,-1,33
-1,-1,-1,-1,-1
17,16,-1,-1,18
36,38,35,-1,34
19,19,-1,18,19
15,13,-1,-1,12
37,35,36,37,36
6,7,-1,9,11
9,-1,12,-1,7
-1,5,6,5,5
19,19,19,19,19
38,-1,-1,38,38
32,31,-1,-1,33
-1,39,37,38,-1
38,38,38,-1,-1
16,-1,14,-1,16
7,-1,5,-1,-1
2,3,-1,4,-1
-1,-1,-1,19,19
7,-1,11,8,-1
-1,6,6,-1,-1
3,-1,6,7,5
-1,35,34,-1,-1
31,29,31,-1,31
-1,39,38,38,37
-1,16,15,-1,14
22,-1,22,23,20
38,-1,38,39,35
33,36,36,38,-1
18,14,-1,-1,15
33,-1,-1,-1,-1
-1,11,10,7,9
-1,-1,-1,22,22
31,-1,32,31,31
11,12,10,10,13
31,-1,31,30,32
35,-1,35,33,33
27,27,-1,-1,-1
-1,28,-1,-1,31
-1,-1,-1,19,18
0,-1,1,-1,0
19,20,19,17,-1
14,16,-1,14,16
-1,16,15,-1,16
3,1,2,2,-1
37,35,36,36,36
-1,12,-1,-1,12
15,15,15,14,15
-1,16,16,17,-1
3,4,-1,-1,3
12,-1,12,12,-1
7,6,7,7,7
31,31,31,31,-1
-1,28,-1,27,-1
31,33,34,-1,35
7,7,5,6,-1
-1,15,16,15,-1
28,27,27,31,31
31,31,33,31,-1
31,31,31,-1,32
28,-1,29,-1,-1
-1,-1,-1,21,22
20,20,18,19,20
33,32,33,32,31
-1,-1,4,-1,6
19,-1,20,19,-1
35,32,-1,31,31
31,-1,31,29,-1
25,25,26,24,-1
31,31,30,32,33
9,-1,10,8,-1
20,-1,-1,19,-1
-1,-1,25,-1,25
38,-1,38,39,39
5,-1,4,4,5
27,28,-1,26,-1
24,24,24,22,23
7,7,-1,10,8
11,12,12,11,-1
38,37,-1,36,-1
-1,24,24,22,-1
20,20,15,19,-1
22,21,-1,22,22
7,9,7,7,10
-1,24,-1,23,-1
16,15,-1,15,16
-1,10,11,-1,10
9,-1,-1,12,12
5,-1,5,-1,7
35,35,35,-1,31
31,32,-1,31,31
-1,15,16,16,-1
27,-1,-1,25,-1
-1,7,5,5,-1
19,19,19,19,16
19,19,20,20,18
-1,0,-1,-1,1
24,24,-1,-1,22
6,-1,5,5,6
35,-1,35,32,-1
31,-1,31,31,29
-1,14,17,16,15
32,31,-1,31,33
17,12,10,12,12
-1,35,35,-1,37
-1,-1,-1,-1,10
35,36,39,39,39
10,11,12,14,16
1,1,-1,-1,1
9,-1,-1,9,-1
16,16,16,14,16
16,-1,14,14,-1
-1,-1,-1,28,-1
28,27,-1,27,27
12,12,15,-1,15
-1,-1,16,16,15
-1,37,-1,-1,37
15,12,-1,-1,11
5,5,7,-1,6
11,15,12,-1,14
-1,21,19,19,19
17,20,19,-1,19
26,-1,25,-1,25
27,27,-1,-1,25
38,39,38,39,38
37,38,-1,35,-1
-1,-1,31,-1,32
12,9,11,11,9
-1,1,-1,-1,-1
28,30,-1,31,31
17,-1,-1,16,15
-1,15,-1,15,16
6,8,7,6,-1
20,-1,-1,19,19
16,19,16,16,16
-1,12,12,12,-1
31,32,-1,31,31
16,16,16,16,14
24,-1,23,21,21
31,-1,-1,31,-1
-1,0,1,-1,2
26,27,25,25,26
38,35,38,-1,34
-1,26,26,24,25
10,12,8,-1,-1
4,4,3,-1,-1
-1,37,39,39,38
-1,24,21,22,24
-1,7,6,7,5
38,36,39,38,38
-1,-1,-1,-1,5
-1,31,31,32,-1
3,-1,-1,-1,5
-1,16,14,-1,16
1,1,2,-1,3
24,21,-1,22,24
7,8,7,7,7
-1,1,1,1,1
-1,-1,-1,31,-1
28,30,31,31,31
6,9,-1,10,9
4,5,5,3,4
10,-1,9,-1,-1
-1,-1,36,38,39
19,-1,17,20,21
10,9,10,11,9
17,19,19,-1,-1
-1,-1,25,-1,-1
27,-1,26,25,27
31,31,31,35,32
7,9,-1,12,9
-1,18,20,21,19
7,-1,5,8,7
-1,31,35,34,35
11,16,-1,15,-1
31,32,33,31,-1
7,7,5,-1,3
35,35,35,-1,33
-1,-1,-1,27,27
4,7,6,7,-1
25,25,21,25,26
31,33,33,33,35
12,-1,10,9,10
33,-1,34,-1,-1
-1,-1,7,-1,9
13,9,13,-1,16
18,19,-1,17,-1
25,22,23,23,22
12,11,-1,14,11
-1,12,13,-1,12
12,11,-1,12,11
28,27,-1,28,27
39,36,-1,35,37
18,20,20,19,-1
9,10,10,11,8
-1,7,7,-1,6
-1,3,1,1,2
8,11,-1,12,-1
-1,8,12,8,9
39,-1,39,38,38
29,28,26,27,27
21,-1,23,22,-1
27,-1,-1,28,28
12,12,-1,10,12
37,35,34,35,35
-1,9,-1,8,7
-1,37,38,39,-1
7,7,10,9,-1
-1,31,32,-1,-1
5,-1,4,3,4
11,14,14,11,11
16,19,21,20,19
1,-1,1,3,2
1,-1,1,0,1
27,-1,-1,27,28
19,20,19,19,-1
35,32,34,-1,31
27,28,-1,-1,23
16,16,-1,14,14
25,24,25,25,-1
35,35,-1,-1,31
-1,34,35,35,33
30,-1,30,30,32
35,34,-1,35,-1
15,-1,16,-1,15
-1,21,21,20,-1
4,6,6,6,-1
10,9,11,9,9
33,34,35,-1,34
19,19,18,-1,18
17,16,-1,17,14
3,-1,3,4,6
3,-1,-1,7,9
6,-1,-1,-1,9
12,-1,10,12,13
4,-1,7,5,6
-1,5,7,6,-1
-1,3,5,3,6
7,5,6,8,-1
1,-1,0,-1,5
5,5,-1,4,4
5,1,0,1,2
26,26,27,-1,25
37,38,-1,35,-1
-1,39,-1,-1,37
1,-1,1,1,3
31,31,-1,33,31
-1,-1,9,11,11
23,23,24,23,24
16,-1,14,17,15
-1,-1,37,-1,37
20,18,-1,19,20
-1,34,35,-1,35
-1,32,31,32,33
1,1,1,-1,1
32,34,-1,39,38
39,38,37,37,38
-1,22,25,23,21
-1,-1,16,16,14
33,35,31,33,-1
1,2,0,-1,-1
-1,-1,-1,-1,16
-1,-1,-1,-1,6
17,16,15,16,-1
-1,25,25,-1,25
-1,18,19,19,-1
17,20,19,20,20
25,27,-1,24,26
39,38,38,38,-1
-1,33,-1,32,36
33,34,33,32,30
39,37,38,-1,38
16,14,14,-1,14
29,34,-1,31,35
38,39,39,39,38
5,5,-1,7,-1
31,-1,32,34,32
6,6,7,7,-1
38,37,-1,-1,39
27,29,27,26,26
-1,25,25,26,-1
5,-1,7,6,7
-1,-1,-1,39,37
14,-1,16,16,14
2,-1,1,1,-1
-1,10,12,-1,9
-1,-1,4,7,4
10,10,13,13,12
16,20,-1,19,19
-1,16,-1,-1,16
-1,-1,6,5,-1
4,3,7,7,-1
-1,-1,18,19,-1
13,12,12,12,-1
3,6,5,3,-1
14,13,16,17,16
