10,9,9,9,9
28,28,28,28,28
5,6,5,5,6
26,26,-1,25,25
13,14,15,16,15
16,16,16,17,17
26,25,25,25,25
26,26,25,25,-1
15,15,16,16,16
11,-1,11,11,11
14,-1,15,15,-1
1,1,2,2,-1
19,19,20,20,20
5,-1,-1,5,5
-1,0,1,1,-1
19,-1,20,20,20
0,1,2,-1,-1
12,13,14,14,15
22,21,22,22,-1
25,26,25,25,25
27,26,25,25,25
24,25,25,25,26
18,-1,18,19,-1
17,17,17,16,15
6,7,6,5,4
11,11,11,-1,11
3,4,5,5,5
1,1,2,3,4
19,-1,20,19,19
29,29,28,28,28
19,19,20,20,20
22,23,23,22,-1
1,2,1,1,1
26,25,-1,25,25
-1,-1,8,9,9
7,-1,8,8,-1
5,4,3,4,-1
1,2,1,0,1
-1,-1,20,20,19
19,19,-1,20,19
1,1,1,1,2
16,16,16,-1,16
10,10,9,9,10
-1,1,1,1,1
7,6,7,6,-1
28,27,-1,26,26
0,-1,0,1,0
0,1,1,1,1
3,4,5,6,5
1,2,2,-1,-1
27,-1,-1,28,28
4,4,5,5,6
17,17,17,18,19
26,-1,25,25,25
13,12,-1,14,15
-1,11,11,12,12
10,10,10,10,9
12,12,12,11,11
19,19,20,20,20
1,2,3,4,4
9,9,-1,11,12
20,20,19,20,19
-1,-1,15,-1,15
-1,-1,8,9,9
27,28,28,28,28
4,3,3,3,3
18,19,18,17,17
17,16,16,16,16
28,27,27,26,-1
16,16,16,-1,16
0,0,0,0,-1
24,-1,23,23,-1
-1,25,25,25,26
18,19,20,20,19
20,-1,19,20,-1
20,19,-1,19,18
13,12,12,11,12
10,10,10,-1,10
21,22,-1,23,23
8,9,9,9,9
5,5,5,6,6
26,26,-1,-1,25
22,23,23,23,22
1,-1,0,1,1
28,29,29,-1,27
12,13,14,15,-1
22,23,-1,22,23
-1,9,9,10,-1
-1,12,-1,12,-1
4,4,-1,3,4
5,6,5,-1,-1
25,-1,25,25,26
-1,23,23,-1,23
13,14,14,14,15
17,16,16,-1,16
16,16,16,16,16
19,20,20,20,-1
-1,-1,-1,-1,23
27,28,-1,28,28
-1,27,26,25,-1
8,9,10,10,10
26,26,25,25,25
13,14,15,15,14
3,2,1,0,0
-1,18,19,20,19
-1,9,9,-1,10
29,28,28,28,27
20,19,20,20,20
1,0,-1,0,-1
9,10,10,10,-1
28,28,28,28,27
-1,8,7,8,9
15,16,15,14,15
19,20,20,19,19
12,11,11,11,11
20,19,20,20,20
12,-1,11,11,12
0,1,1,1,1
-1,22,21,-1,21
-1,3,2,-1,1
-1,19,20,20,19
-1,-1,7,8,9
7,8,9,9,9
-1,8,7,7,6
0,1,2,2,2
-1,26,26,26,26
12,12,11,11,11
10,-1,9,9,-1
2,-1,2,1,1
23,23,24,25,25
25,25,26,25,25
19,20,20,20,19
7,6,6,-1,6
-1,19,-1,19,19
9,9,9,10,10
-1,24,24,24,23
16,-1,-1,15,14
20,19,20,19,19
14,15,15,15,15
-1,4,-1,4,5
-1,12,12,13,-1
-1,-1,9,9,10
11,-1,13,12,12
-1,25,25,-1,25
24,25,26,25,26
11,11,11,12,13
14,15,15,-1,15
-1,1,1,0,0
9,9,10,9,-1
29,-1,28,28,27
8,9,9,9,9
29,28,27,26,26
23,23,22,22,22
-1,-1,25,25,25
-1,26,25,25,26
23,22,23,23,23
21,22,21,22,-1
18,19,20,19,-1
10,9,9,9,10
4,4,4,3,4
3,4,4,4,-1
-1,28,28,27,27
5,5,6,5,5
4,3,2,3,-1
27,-1,-1,27,26
-1,-1,1,1,0
11,11,12,12,13
8,9,9,10,9
2,1,2,1,-1
5,4,5,-1,-1
23,23,24,23,22
19,18,19,-1,19
18,17,16,16,-1
7,7,8,9,9
1,1,2,1,-1
18,-1,-1,20,20
27,26,26,26,25
14,14,14,14,15
19,18,19,20,19
22,21,22,23,-1
6,-1,5,6,5
12,13,14,14,14
5,6,6,7,6
26,25,25,26,26
23,22,21,22,21
-1,7,8,9,9
26,27,28,28,28
-1,-1,-1,-1,19
16,16,15,15,15
0,0,0,1,1
25,25,26,25,-1
3,4,4,3,3
6,5,5,5,5
25,25,25,25,26
11,11,11,10,10
8,9,10,10,10
28,28,27,26,-1
26,27,26,26,25
18,19,20,19,19
26,26,-1,25,26
2,1,0,1,1
10,10,11,11,11
10,10,10,10,-1
-1,-1,26,25,25
0,0,0,1,-1
15,15,-1,15,15
-1,23,23,-1,21
1,-1,1,-1,1
-1,17,17,18,17
20,20,20,19,18
4,5,6,-1,-1
-1,28,28,28,-1
5,-1,5,5,6
20,19,20,-1,19
2,3,4,3,4
9,10,10,11,12
18,-1,18,19,-1
4,5,-1,7,6
21,21,21,20,19
9,9,9,9,9
8,-1,9,9,9
15,15,15,15,-1
7,-1,8,-1,9
19,19,-1,20,19
-1,6,5,5,6
-1,-1,14,14,15
3,2,2,1,-1
12,12,11,11,-1
15,14,15,16,-1
18,17,17,17,-1
-1,3,4,4,5
19,-1,19,20,20
21,-1,21,20,20
-1,6,6,7,8
10,10,10,10,10
24,24,23,22,23
-1,23,22,21,22
15,15,15,15,-1
24,-1,24,-1,23
13,14,-1,14,14
-1,22,-1,22,21
12,12,-1,14,14
0,1,-1,0,0
-1,14,14,14,15
1,2,2,2,1
13,14,15,15,14
28,-1,26,26,25
-1,26,27,28,-1
11,-1,13,-1,13
9,9,9,9,9
26,26,25,25,26
7,7,6,5,5
28,28,28,28,28
15,15,16,16,16
10,10,11,12,13
-1,5,6,6,5
-1,23,23,22,23
25,25,25,24,25
21,21,22,21,21
11,-1,11,11,11
16,16,16,17,17
7,7,7,6,5
15,16,17,17,17
8,8,9,9,9
-1,26,25,25,26
3,4,4,3,4
-1,7,7,8,9
-1,12,12,12,-1
20,20,20,19,19
16,17,17,-1,16
11,12,13,12,12
15,15,15,15,15
-1,-1,14,15,16
27,27,-1,25,26
28,28,27,-1,28
24,24,24,24,23
27,28,27,27,-1
-1,25,25,25,25
23,-1,-1,23,-1
8,9,-1,9,-1
28,28,28,28,28
15,15,15,15,-1
-1,15,15,14,15
28,28,27,26,-1
5,6,6,6,7
8,9,10,9,9
19,20,-1,19,20
26,25,25,26,25
17,17,17,18,19
1,1,1,1,0
15,15,15,15,-1
13,12,12,12,13
9,9,9,9,9
0,0,-1,1,1
22,21,22,21,-1
-1,1,1,-1,1
15,16,-1,16,-1
-1,5,5,6,6
4,-1,4,5,-1
0,0,0,1,1
16,16,15,15,15
22,21,22,23,23
9,-1,10,10,11
4,5,6,7,8
10,10,10,-1,-1
21,-1,21,21,21
19,20,19,20,19
24,24,25,25,25
-1,1,-1,0,0
0,1,0,0,0
6,5,4,3,4
19,-1,19,20,19
12,12,-1,11,11
3,2,3,3,4
27,27,28,28,28
17,17,16,15,15
9,9,9,9,9
23,23,23,22,23
11,12,13,12,-1
-1,28,29,29,29
24,23,23,23,22
13,12,12,11,12
23,23,23,23,23
11,12,11,12,13
0,1,0,0,0
-1,11,12,11,11
6,6,-1,6,-1
3,4,3,4,-1
24,25,-1,26,26
2,1,0,1,1
-1,0,0,0,0
10,11,12,11,11
6,5,6,6,-1
3,3,4,-1,4
16,15,15,-1,15
16,16,16,15,-1
24,-1,25,24,23
14,15,15,15,14
16,15,16,16,-1
21,22,21,21,21
11,12,-1,12,12
11,12,13,12,12
25,25,25,25,26
8,9,10,10,9
22,21,21,20,20
9,8,9,10,9
8,-1,10,9,9
27,-1,27,26,-1
14,14,14,14,14
22,22,21,-1,21
16,16,16,16,17
-1,19,20,20,20
21,20,19,20,-1
9,9,10,-1,9
6,6,6,6,6
0,0,0,-1,1
27,28,29,28,28
21,22,23,23,-1
7,6,-1,6,7
4,3,2,-1,1
4,4,5,5,5
7,8,9,-1,10
27,26,25,26,26
9,8,8,9,9
8,8,9,8,9
0,1,1,-1,2
27,26,25,26,-1
-1,-1,12,-1,13
8,9,9,9,10
12,13,14,14,15
21,22,-1,21,21
-1,19,19,20,19
-1,3,3,-1,3
12,12,11,11,11
-1,17,16,16,16
19,20,20,20,19
3,4,5,5,6
12,11,10,11,11
1,1,2,3,4
11,12,12,12,12
25,26,26,25,25
26,-1,25,26,26
-1,4,-1,5,5
-1,26,25,25,25
7,8,7,-1,5
-1,28,27,27,27
8,8,9,9,10
9,9,9,9,-1
2,3,4,5,6
10,9,9,9,9
11,11,11,11,-1
3,-1,3,3,4
14,14,15,15,15
4,4,-1,2,3
24,24,25,26,26
-1,10,10,-1,12
2,1,1,1,2
8,9,9,9,-1
22,21,22,21,22
-1,19,20,20,19
13,12,-1,-1,-1
7,-1,-1,7,7
11,12,13,-1,13
28,28,-1,26,25
-1,5,6,5,5
11,10,9,10,-1
2,2,2,2,-1
14,14,14,13,14
15,16,-1,14,-1
13,-1,-1,15,15
27,28,28,-1,28
5,5,5,6,-1
19,19,19,19,19
-1,23,23,23,23
28,-1,28,28,27
17,17,-1,16,15
20,20,20,19,20
7,7,7,6,5
6,5,6,5,-1
3,4,3,4,5
-1,-1,10,10,11
24,-1,-1,24,24
29,28,27,27,28
-1,9,10,10,10
26,25,25,26,26
-1,22,21,21,21
25,25,25,26,26
7,7,7,6,5
13,14,15,15,14
4,5,6,7,8
4,5,5,6,6
22,21,21,22,23
27,26,25,25,25
-1,4,5,5,6
3,4,-1,3,4
22,21,22,21,22
-1,28,27,26,26
-1,12,13,14,15
17,16,16,16,15
-1,-1,0,0,1
24,24,23,22,21
14,15,14,13,12
-1,17,16,16,15
1,2,-1,0,-1
15,15,14,-1,15
16,-1,16,16,16
28,28,27,28,28
11,12,-1,13,12
0,1,0,-1,1
12,11,11,12,-1
17,16,-1,16,16
23,22,21,21,22
10,-1,10,11,12
-1,-1,3,-1,5
1,0,0,0,1
6,7,8,9,10
6,5,4,3,4
-1,27,26,26,-1
16,16,16,16,16
24,24,23,22,-1
29,29,28,27,26
3,4,-1,3,4
22,-1,23,23,22
7,7,7,-1,6
-1,9,8,9,9
23,23,23,22,22
23,22,-1,22,-1
-1,21,21,22,21
5,6,6,7,7
19,-1,20,20,19
0,1,1,2,1
-1,25,25,25,25
15,15,15,16,16
29,-1,-1,28,27
7,7,-1,7,6
-1,6,5,5,5
24,23,23,24,23
2,1,0,1,0
1,0,-1,1,0
6,5,5,6,5
17,17,17,17,17
-1,22,21,22,21
11,12,-1,12,11
-1,28,-1,28,28
1,0,0,0,1
27,28,29,29,28
13,12,13,13,12
-1,6,5,5,6
24,23,23,22,21
-1,1,2,3,4
7,7,8,-1,9
-1,28,28,28,-1
18,19,19,18,19
27,26,25,25,25
23,23,23,23,23
27,28,28,28,28
1,2,1,1,1
1,1,0,0,-1
5,6,5,4,4
9,9,9,-1,-1
25,26,25,25,25
-1,12,11,11,-1
27,28,28,-1,-1
25,26,25,25,25
-1,6,7,7,8
14,14,14,15,15
1,2,3,4,-1
1,1,1,1,1
20,-1,-1,20,19
15,16,16,15,-1
11,-1,12,12,11
7,7,6,5,6
28,-1,-1,28,27
-1,29,28,-1,27
5,6,6,5,6
13,14,15,15,15
7,6,-1,-1,7
22,23,23,23,22
9,9,9,9,10
23,23,22,21,22
9,9,9,9,9
25,25,26,26,26
23,-1,21,22,21
13,-1,-1,12,12
12,12,11,11,12
-1,25,25,25,26
-1,0,-1,1,1
14,15,15,16,15
-1,-1,5,6,5
-1,20,19,20,19
28,27,26,-1,-1
0,1,1,1,1
18,17,17,18,17
4,3,4,3,4
14,14,13,12,11
4,3,4,5,5
6,6,5,-1,5
6,-1,6,6,7
29,28,28,28,-1
-1,19,-1,20,19
17,17,17,17,17
22,21,21,-1,21
6,-1,-1,6,6
21,22,-1,22,23
12,-1,13,14,15
22,21,22,21,21
15,-1,16,15,14
-1,-1,-1,17,18
29,-1,-1,28,27
3,-1,-1,3,-1
16,15,14,-1,14
12,11,12,13,-1
8,7,7,-1,7
-1,14,14,15,14
1,2,2,1,1
1,0,0,0,0
27,27,28,28,27
-1,15,14,15,15
-1,-1,17,17,-1
5,4,4,5,6
18,17,16,-1,15
10,10,11,-1,11
20,19,19,20,19
17,16,-1,17,17
26,26,25,25,25
-1,3,3,3,4
-1,19,19,19,20
9,9,9,9,9
0,1,0,1,0
26,26,26,27,-1
16,16,16,17,16
15,15,15,15,15
26,25,26,25,25
6,5,5,-1,6
11,12,11,12,13
1,0,0,0,1
-1,25,25,25,25
9,9,10,9,9
12,11,11,-1,13
8,-1,9,10,-1
25,26,25,26,26
2,3,4,3,3
18,17,17,-1,18
21,20,19,20,19
27,27,26,-1,25
9,-1,9,9,9
22,22,22,23,22
21,21,22,-1,23
25,-1,-1,26,25
-1,12,13,14,14
8,9,9,9,9
25,25,26,25,24
17,18,19,-1,20
9,10,10,10,-1
19,18,-1,19,20
29,-1,28,-1,28
5,6,5,5,-1
24,24,23,23,22
14,15,15,16,16
6,5,6,5,6
7,7,7,-1,-1
3,3,3,2,3
0,0,1,2,-1
25,26,25,-1,26
16,15,14,-1,15
5,6,5,6,6
24,23,23,23,23
5,6,6,7,-1
21,-1,21,21,21
-1,-1,26,25,25
-1,-1,5,5,5
11,11,11,12,13
24,23,22,21,22
23,24,24,24,23
13,12,11,12,13
-1,11,11,11,11
-1,11,11,12,-1
27,26,-1,25,-1
-1,9,10,11,12
1,1,2,3,2
13,12,12,12,11
13,12,11,11,12
-1,9,9,9,9
9,9,9,9,9
4,3,3,4,-1
1,0,-1,0,-1
-1,4,-1,3,2
26,25,25,25,24
7,7,7,6,5
16,16,16,-1,16
24,24,24,24,23
-1,6,5,4,3
24,23,22,21,22
28,27,26,25,25
1,2,3,4,3
3,4,5,6,6
2,1,0,0,-1
19,20,20,19,20
27,26,27,28,28
27,26,-1,25,24
19,18,-1,-1,16
-1,11,-1,11,-1
28,27,27,-1,28
28,28,27,26,25
19,20,-1,20,-1
28,29,-1,29,28
21,21,20,20,19
0,0,-1,1,1
19,18,19,19,20
21,21,21,-1,21
13,12,11,-1,11
22,21,21,22,23
12,13,12,12,11
22,21,22,-1,21
8,-1,10,11,12
24,23,23,23,23
-1,12,13,14,14
17,18,19,20,20
14,-1,12,13,-1
5,5,6,5,-1
-1,10,10,9,10
19,20,20,20,20
29,28,28,-1,28
28,28,27,28,27
19,20,19,20,20
18,17,17,17,17
12,13,13,14,14
17,16,17,16,15
12,-1,12,11,12
22,21,-1,21,22
12,12,12,12,13
19,18,19,19,19
5,6,6,5,5
-1,-1,10,10,10
10,11,11,-1,13
2,1,2,1,1
0,0,0,-1,0
-1,1,1,0,-1
27,28,27,26,27
22,-1,22,21,22
0,0,0,0,0
-1,-1,-1,11,11
25,24,-1,22,22
29,28,27,26,25
27,26,25,25,25
15,16,16,15,15
23,23,22,-1,-1
8,9,9,9,10
20,-1,20,19,20
22,21,22,21,21
18,19,20,20,19
7,8,8,8,9
9,10,10,11,10
24,-1,-1,25,25
17,17,17,18,19
21,-1,22,21,22
0,0,0,0,0
4,4,3,4,3
5,6,5,6,6
28,28,28,28,28
3,4,5,5,5
-1,28,-1,27,-1
12,13,12,-1,12
14,14,15,14,14
17,16,15,14,14
25,25,25,26,25
-1,24,23,23,23
14,-1,14,14,14
18,-1,20,20,20
21,22,-1,-1,21
-1,20,-1,-1,20
5,-1,6,5,6
2,1,0,1,2
27,28,27,28,28
13,14,14,14,14
25,24,23,22,21
4,4,-1,4,4
23,24,24,23,23
-1,26,26,25,25
27,28,-1,-1,28
9,9,10,10,9
17,17,16,16,15
-1,10,9,8,9
7,7,6,6,6
29,29,29,28,27
-1,3,3,4,4
-1,3,-1,-1,2
8,-1,9,10,10
12,12,11,11,11
20,20,19,-1,17
14,15,14,13,-1
12,12,13,14,-1
24,24,23,23,22
11,12,13,12,12
21,21,21,21,-1
-1,2,3,-1,-1
4,5,5,6,5
25,-1,25,26,25
28,27,27,28,28
16,15,14,15,15
20,19,20,19,20
4,4,3,4,4
-1,15,15,15,15
12,12,13,12,12
4,5,5,5,6
21,-1,21,21,20
15,15,15,14,15
2,3,4,5,6
25,26,26,27,27
14,15,16,-1,15
15,15,14,14,14
24,24,23,22,21
-1,23,23,-1,22
14,15,-1,15,15
26,26,25,25,25
5,5,-1,5,6
24,24,24,25,26
13,-1,15,16,16
21,-1,21,21,22
26,25,24,23,23
7,8,9,10,10
17,-1,-1,17,17
10,10,-1,10,10
25,-1,26,26,25
5,4,-1,6,6
20,20,-1,20,20
11,11,12,12,12
8,9,9,9,10
18,19,19,-1,19
8,9,-1,9,9
20,-1,20,20,20
16,-1,16,17,-1
23,23,23,23,23
14,14,15,16,16
1,-1,0,1,0
3,4,5,5,6
28,28,28,28,28
-1,10,10,10,10
1,-1,0,1,2
29,-1,29,28,28
18,19,18,19,20
29,28,27,26,-1
-1,20,19,20,19
15,15,15,14,13
11,11,12,12,11
14,14,14,14,15
17,17,-1,17,18
13,12,-1,-1,11
9,10,9,8,9
23,-1,22,21,22
29,28,27,28,-1
0,1,-1,0,0
7,8,9,9,9
4,5,6,5,5
22,21,20,-1,18
9,10,10,10,10
9,9,10,10,11
0,0,0,0,0
-1,6,6,7,6
25,-1,25,25,24
-1,3,4,5,6
-1,15,16,16,15
24,23,23,23,23
8,9,9,-1,9
26,-1,25,25,25
23,23,23,-1,22
22,23,23,23,23
2,2,3,-1,5
5,-1,5,5,4
7,7,8,9,8
-1,1,2,3,4
-1,11,11,11,12
15,15,-1,15,-1
7,6,-1,5,6
15,16,16,15,15
-1,19,20,20,19
-1,15,14,15,14
0,0,0,0,-1
22,-1,22,-1,-1
13,-1,15,16,16
20,20,-1,20,19
11,-1,-1,12,-1
29,29,29,29,28
-1,14,14,15,15
12,12,13,14,13
6,5,6,6,7
-1,9,10,9,10
7,7,8,9,9
14,14,14,15,-1
21,22,21,-1,22
11,-1,-1,12,12
13,12,11,12,12
24,-1,22,-1,23
2,3,4,4,-1
7,8,8,9,-1
2,2,1,-1,-1
15,14,14,15,15
1,1,2,-1,3
28,28,28,28,28
20,19,18,19,19
25,25,26,25,25
23,23,22,-1,23
22,23,22,23,22
29,29,28,27,26
18,17,17,18,19
10,9,9,9,9
23,22,23,22,23
3,2,3,4,5
26,26,25,26,25
5,5,6,6,5
13,12,12,12,12
20,20,20,20,20
-1,23,23,22,-1
-1,23,22,21,21
0,1,-1,1,1
25,25,25,25,25
-1,19,18,19,19
10,10,10,11,-1
20,-1,19,-1,20
-1,3,2,3,4
26,25,25,25,25
10,9,9,9,9
27,28,27,28,28
24,-1,24,24,23
25,26,25,25,25
26,-1,26,25,25
23,23,23,23,24
17,18,19,20,19
-1,17,17,17,16
22,21,22,21,22
4,5,-1,6,5
25,-1,25,25,25
1,2,3,4,5
7,7,-1,6,5
25,26,25,25,-1
-1,20,20,20,20
14,15,14,14,-1
21,22,21,22,22
9,9,9,8,9
20,19,20,-1,20
7,7,8,9,9
13,12,-1,13,12
21,20,-1,20,20
-1,15,-1,16,16
26,27,28,28,-1
29,-1,28,28,27
7,7,7,8,9
5,6,5,5,5
4,-1,3,4,4
-1,1,1,2,3
1,1,1,1,2
18,19,20,20,-1
-1,23,23,23,23
23,-1,22,21,22
17,17,16,16,17
27,28,28,-1,28
16,16,15,-1,14
26,25,25,25,25
-1,7,7,7,7
15,15,15,15,15
6,6,5,6,-1
14,15,15,14,15
2,2,3,-1,4
11,-1,13,12,-1
4,5,6,6,6
25,26,25,25,-1
24,25,25,25,25
-1,13,12,12,-1
27,27,-1,27,26
22,-1,22,21,22
25,25,26,25,25
12,-1,14,14,15
-1,5,-1,-1,5
14,15,15,-1,15
24,23,-1,23,23
23,23,23,23,22
24,23,22,21,21
27,-1,25,25,25
16,-1,16,-1,17
13,-1,12,-1,12
3,3,4,4,5
-1,-1,28,27,-1
17,17,17,-1,19
-1,27,28,27,26
11,11,12,-1,-1
-1,26,25,26,-1
10,9,9,10,10
-1,24,24,24,23
-1,23,24,24,-1
4,5,5,-1,5
2,1,1,0,0
10,9,9,9,8
6,5,6,5,6
18,19,19,19,20
14,15,14,15,14
27,26,25,26,25
22,-1,22,21,21
16,16,17,-1,16
3,4,-1,6,5
17,17,17,18,17
21,21,-1,22,21
26,25,-1,25,25
7,7,7,8,9
19,-1,20,19,20
17,17,17,-1,-1
29,28,28,27,28
-1,6,5,-1,5
17,16,16,15,14
5,6,5,5,6
-1,-1,3,3,4
11,11,11,-1,-1
25,25,25,25,25
28,28,28,28,28
4,4,5,-1,6
18,19,19,19,20
19,20,20,-1,20
1,1,-1,3,3
1,1,1,-1,2
24,25,25,25,25
11,12,12,13,12
20,20,19,19,19
4,4,3,4,3
17,17,17,16,15
16,16,-1,16,15
18,19,18,19,18
19,-1,18,19,-1
-1,24,23,22,21
25,25,25,25,25
-1,8,9,9,9
28,27,27,26,26
29,28,27,26,25
26,27,28,-1,28
17,16,15,15,15
12,12,12,11,12
29,28,28,28,27
10,10,9,9,10
-1,16,16,17,-1
12,11,11,-1,-1
5,5,5,6,7
12,13,12,-1,12
20,19,-1,19,18
21,20,19,20,19
13,12,-1,12,11
0,0,1,-1,0
29,29,28,28,28
6,5,6,6,6
12,12,11,11,11
14,15,15,15,15
15,16,16,16,16
10,10,10,10,9
11,12,13,12,12
24,23,-1,21,22
-1,25,25,25,26
11,11,11,11,-1
11,10,9,9,10
22,23,23,23,23
9,10,10,10,-1
-1,-1,21,22,21
13,12,13,14,-1
2,1,1,1,2
3,4,3,4,5
5,5,6,5,5
15,15,15,14,14
12,13,14,14,-1
16,-1,16,16,16
-1,16,16,17,18
5,6,6,7,7
17,17,17,-1,17
0,0,0,1,1
24,25,25,25,25
25,26,25,26,-1
20,-1,20,20,19
5,6,-1,6,-1
16,16,16,16,16
3,3,4,5,6
19,-1,19,19,20
8,9,9,9,9
7,7,6,-1,6
12,13,12,11,11
2,1,1,0,0
4,3,4,3,-1
-1,23,-1,23,23
15,-1,14,14,14
8,8,8,9,9
26,26,26,-1,25
25,25,26,26,-1
26,26,25,26,25
-1,-1,-1,-1,22
1,-1,0,0,1
5,5,5,-1,5
20,20,-1,-1,-1
1,0,1,1,-1
22,21,21,22,21
7,6,-1,5,5
20,20,19,20,-1
-1,14,15,-1,15
6,5,5,4,3
18,19,20,19,19
19,20,20,20,20
25,25,25,26,25
3,4,5,5,5
16,15,15,15,-1
21,22,23,23,23
15,15,15,15,16
1,0,0,1,1
21,21,20,20,19
9,9,9,9,8
28,-1,28,28,28
-1,3,4,4,4
4,5,-1,4,5
11,11,12,12,11
28,28,27,28,27
18,19,20,20,19
15,-1,-1,15,14
-1,-1,23,23,-1
-1,-1,3,4,-1
20,20,20,20,20
-1,28,28,28,28
8,9,-1,10,10
23,23,-1,-1,23
2,3,4,5,6
28,28,28,-1,27
16,16,16,16,16
20,19,20,19,-1
23,23,-1,23,22
22,21,22,21,22
6,6,5,-1,-1
27,28,28,27,26
25,26,25,24,23
16,16,16,16,15
3,4,4,3,4
-1,20,-1,-1,20
9,10,11,10,10
-1,25,25,25,-1
1,0,0,0,0
10,10,10,10,10
21,21,20,19,20
19,20,19,20,19
13,12,12,12,12
19,19,-1,20,-1
28,28,28,28,28
13,14,15,15,-1
21,22,22,21,21
22,22,21,22,23
4,5,-1,-1,6
5,5,6,5,6
-1,14,15,16,15
16,15,15,15,14
2,3,4,4,4
-1,28,28,28,28
2,1,0,-1,0
27,26,25,25,25
11,11,11,12,12
15,16,16,17,17
-1,3,3,3,2
21,-1,21,21,21
17,17,18,19,-1
6,6,6,7,6
13,14,14,14,14
29,29,28,-1,28
25,25,-1,25,24
27,28,28,28,28
-1,9,-1,9,10
4,-1,5,6,5
11,11,11,12,13
9,9,9,10,11
0,1,0,0,0
-1,21,22,23,23
12,-1,12,12,13
14,15,15,15,-1
11,11,12,12,11
3,2,1,1,0
-1,25,26,26,25
17,-1,19,20,19
12,12,12,-1,-1
5,6,7,6,5
27,28,28,27,28
-1,-1,-1,20,19
23,22,23,23,22
15,15,14,15,15
5,6,5,5,6
21,22,23,23,23
23,23,23,22,21
8,9,9,9,10
13,14,14,15,15
-1,-1,22,21,21
11,12,12,12,11
-1,9,10,9,9
11,11,12,-1,12
0,1,2,3,3
12,11,12,13,14
8,9,9,9,8
22,22,-1,22,21
1,1,2,3,4
27,26,-1,25,26
0,-1,2,1,0
7,8,9,8,9
16,15,15,15,-1
13,14,15,15,15
15,15,-1,15,15
-1,11,11,11,-1
9,9,8,8,7
27,-1,25,25,26
4,5,6,6,5
18,-1,17,17,18
5,5,5,6,5
21,21,22,21,21
10,10,10,-1,11
15,15,15,15,15
2,1,1,-1,0
-1,14,15,-1,-1
17,17,18,19,20
12,13,12,-1,12
-1,0,0,1,1
4,5,6,5,6
24,23,24,-1,-1
1,1,2,3,4
10,9,9,9,9
0,1,0,0,0
21,21,20,20,20
28,-1,28,-1,28
19,20,19,-1,20
19,20,20,19,20
19,19,-1,-1,-1
6,5,6,6,5
18,19,20,19,20
22,21,21,21,21
21,22,22,21,21
19,18,19,18,-1
29,28,28,-1,28
20,20,-1,19,19
-1,23,23,23,22
22,23,23,22,21
-1,9,9,9,9
8,9,8,9,9
27,26,26,26,25
4,4,5,5,6
2,-1,4,5,6
-1,9,-1,9,-1
22,21,22,23,22
-1,11,11,12,-1
16,16,16,15,16
10,-1,-1,10,-1
12,12,12,13,14
1,1,1,1,0
4,5,6,7,6
-1,2,3,3,-1
-1,23,24,23,23
29,29,-1,-1,26
0,0,0,0,0
18,19,-1,20,-1
5,5,4,5,6
16,-1,16,16,16
-1,15,15,16,15
29,29,29,28,27
26,26,-1,25,25
3,3,3,3,4
13,14,14,14,14
18,19,20,20,20
18,-1,20,-1,20
23,-1,23,23,22
24,24,25,25,25
17,-1,16,15,15
23,24,24,23,23
18,17,18,-1,-1
25,25,-1,25,-1
1,1,2,1,0
15,15,16,16,16
28,28,27,26,-1
27,-1,28,28,28
23,-1,22,23,23
3,4,3,4,-1
2,3,4,3,3
-1,-1,13,-1,11
23,23,23,22,21
6,5,6,5,5
4,5,6,5,6
-1,15,16,15,16
11,12,11,11,12
15,16,16,16,15
9,9,9,10,11
16,17,16,15,16
23,23,-1,23,22
7,7,6,6,5
29,28,28,28,28
25,-1,27,27,28
13,12,12,-1,12
-1,20,-1,19,-1
27,27,-1,-1,26
1,2,3,4,5
0,0,-1,0,1
4,4,3,4,3
-1,21,22,21,21
6,5,6,-1,7
3,4,-1,3,4
-1,-1,19,20,20
16,15,16,-1,18
3,4,3,2,1
23,22,23,23,22
9,10,10,9,9
-1,19,20,20,19
13,14,14,15,16
6,7,7,-1,6
26,25,25,26,27
21,22,22,22,21
5,5,5,5,-1
4,5,6,5,-1
26,25,25,-1,24
2,-1,-1,3,4
3,3,3,3,-1
18,19,20,-1,20
27,-1,27,26,25
15,15,15,14,14
11,-1,11,10,9
13,12,12,-1,-1
15,16,-1,16,16
-1,28,28,28,28
22,21,22,22,-1
19,20,-1,-1,19
3,-1,5,5,5
25,25,25,25,26
9,9,9,-1,11
2,-1,3,-1,3
28,-1,28,28,-1
-1,22,21,-1,21
13,14,14,15,15
27,28,27,26,25
3,4,4,4,-1
3,2,3,4,4
5,5,6,5,6
9,9,10,10,10
2,1,2,-1,4
20,19,20,19,20
14,15,15,15,15
13,12,12,13,12
27,28,28,28,28
28,27,26,26,26
2,1,1,2,2
21,21,21,21,21
-1,22,-1,22,-1
5,-1,6,-1,5
6,5,-1,5,6
2,3,4,-1,4
13,-1,15,15,15
6,5,6,6,5
29,29,29,29,-1
3,-1,-1,6,6
21,22,21,21,22
16,15,15,15,15
5,5,5,-1,5
23,23,23,23,-1
26,26,25,25,25
24,25,25,25,25
6,5,6,7,8
28,-1,26,27,28
21,22,23,23,23
23,23,22,21,21
7,-1,9,-1,9
15,15,15,16,16
29,29,28,28,28
19,20,19,19,20
-1,7,6,5,5
19,18,17,17,17
12,12,12,-1,11
29,28,27,28,28
29,28,28,27,26
27,26,25,25,24
29,-1,29,28,28
12,12,12,12,12
21,21,21,21,22
6,-1,4,5,6
29,28,28,28,28
4,4,-1,6,5
29,28,28,28,28
-1,5,5,5,5
22,21,21,21,22
-1,28,27,28,28
25,25,25,24,24
27,28,27,-1,-1
0,-1,1,2,3
28,28,28,28,27
19,18,19,-1,19
-1,28,28,27,26
0,0,1,0,0
-1,6,6,5,-1
20,19,20,19,-1
22,21,21,22,22
22,21,22,23,23
15,15,14,15,15
6,5,6,7,7
21,21,22,23,22
13,12,13,-1,13
13,-1,-1,15,15
20,19,19,20,20
20,19,19,-1,-1
24,23,23,23,23
5,5,5,6,5
-1,15,16,16,16
7,8,8,9,9
10,10,10,9,-1
27,27,27,28,28
28,-1,28,27,27
28,27,26,25,25
28,-1,27,28,28
19,20,20,19,20
3,-1,4,5,6
8,9,9,9,8
7,8,9,10,9
22,21,21,21,22
16,16,16,15,15
24,24,23,22,21
8,9,10,10,10
25,25,26,-1,26
27,27,-1,25,-1
19,19,19,20,20
3,2,1,0,0
22,21,22,23,22
-1,7,8,8,7
28,28,27,27,28
23,23,-1,23,24
7,7,7,8,9
17,-1,18,19,19
9,9,9,8,9
-1,18,19,-1,20
12,-1,12,13,12
14,-1,15,15,16
1,1,2,2,3
1,-1,0,-1,0
17,17,-1,19,20
29,28,-1,-1,26
23,23,23,-1,23
11,12,13,12,12
0,0,0,0,1
10,9,9,-1,-1
16,17,17,18,19
24,-1,22,-1,22
29,-1,28,27,26
15,16,16,-1,16
22,23,22,23,23
0,0,1,1,-1
2,1,1,1,1
5,5,5,5,-1
14,14,15,15,15
23,23,22,21,22
21,20,-1,19,20
-1,10,10,-1,10
-1,11,12,13,12
14,15,15,-1,15
6,6,6,5,5
21,22,21,21,-1
3,3,3,4,3
5,6,5,-1,5
3,2,3,-1,5
12,12,12,11,11
1,0,1,0,0
19,18,17,-1,19
-1,0,0,1,1
0,0,1,0,-1
18,17,17,17,18
21,-1,23,23,22
17,16,16,15,-1
23,22,-1,21,22
19,18,-1,20,20
10,10,11,12,11
7,6,5,5,6
24,23,24,23,22
18,17,17,-1,17
22,21,22,21,21
-1,9,-1,9,9
-1,0,1,0,0
3,4,4,5,5
17,16,16,-1,14
15,16,17,17,18
10,10,10,9,9
-1,21,22,21,21
19,18,17,17,17
15,15,15,15,15
25,25,-1,25,25
11,-1,13,12,12
28,28,27,-1,-1
15,14,15,15,14
-1,16,17,-1,16
-1,-1,-1,10,11
-1,-1,26,-1,26
20,19,-1,20,20
18,19,18,19,20
11,-1,12,11,11
16,-1,17,16,17
9,10,9,10,10
9,-1,9,9,10
19,18,19,20,19
6,6,5,6,5
25,-1,25,25,25
7,8,9,10,-1
28,28,28,-1,29
23,22,21,21,20
5,6,5,6,5
14,15,16,16,-1
9,9,10,10,11
4,4,5,6,5
8,9,10,-1,10
6,7,7,8,9
12,11,12,11,11
5,5,6,5,5
18,17,-1,16,15
10,-1,10,9,10
16,16,16,15,15
13,14,15,14,14
15,-1,15,15,16
3,4,3,3,3
14,15,15,15,16
14,15,15,15,15
-1,28,28,28,28
1,1,-1,2,3
-1,22,21,22,21
22,23,23,24,24
29,29,28,-1,-1
11,12,-1,12,12
11,12,13,14,-1
13,14,-1,14,14
13,-1,14,15,15
19,20,-1,20,19
22,23,22,21,22
6,5,6,7,7
2,-1,2,3,3
15,15,15,-1,15
16,16,-1,-1,16
22,-1,21,-1,22
-1,21,22,23,22
25,25,-1,24,25
18,19,-1,20,20
21,22,23,22,21
15,14,14,-1,15
7,8,9,10,9
8,8,9,10,10
10,10,10,-1,10
7,8,9,9,-1
24,24,24,-1,23
-1,-1,-1,15,14
20,19,19,20,19
-1,19,20,19,20
23,22,21,22,21
10,10,10,9,-1
14,14,14,14,14
7,-1,9,9,9
22,-1,-1,-1,-1
6,5,5,6,5
-1,5,5,5,5
1,1,-1,1,1
29,28,27,26,26
24,25,25,25,25
26,25,26,25,-1
29,28,29,-1,28
10,10,10,10,10
27,26,26,25,24
1,1,2,1,0
15,15,15,-1,15
3,3,2,2,1
26,25,24,23,23
28,28,27,26,26
28,27,26,25,25
10,10,9,9,9
15,15,-1,15,16
13,14,13,12,12
0,0,-1,-1,0
-1,6,7,7,-1
-1,16,15,16,-1
0,1,2,3,3
-1,9,8,7,6
-1,11,12,13,14
-1,25,25,26,-1
2,3,3,3,4
-1,-1,25,26,26
24,23,23,23,23
-1,1,2,3,2
18,19,18,19,20
-1,4,5,6,7
11,12,11,-1,11
13,14,13,12,12
-1,12,12,12,11
23,22,21,21,22
12,12,12,-1,11
-1,23,23,23,-1
20,19,20,20,-1
2,3,4,3,2
19,20,20,19,20
25,25,24,23,-1
10,9,9,9,10
9,8,-1,9,9
13,14,14,15,-1
-1,14,-1,14,15
23,22,-1,22,21
25,25,25,25,25
10,9,-1,9,10
21,20,19,19,19
-1,26,25,24,23
4,5,6,6,7
3,4,4,5,-1
23,-1,23,22,23
28,27,26,25,-1
27,27,-1,-1,28
8,8,9,9,9
8,9,9,9,9
24,23,22,21,22
3,4,3,4,-1
3,4,3,-1,-1
11,12,12,11,12
14,-1,15,15,14
6,6,5,-1,6
22,21,-1,23,22
17,17,-1,19,20
29,29,29,28,27
15,15,-1,15,15
9,9,9,10,10
26,25,25,25,25
29,29,-1,27,26
26,26,26,26,26
27,26,26,26,25
26,-1,24,23,-1
5,5,5,6,6
-1,26,26,25,-1
9,-1,9,9,10
27,26,25,25,25
-1,-1,19,20,19
-1,10,-1,10,10
5,6,6,6,5
15,14,15,-1,15
10,10,10,-1,10
25,-1,25,25,25
25,-1,25,25,25
0,-1,0,-1,-1
1,1,-1,0,0
12,-1,12,12,-1
13,14,-1,15,14
2,3,3,-1,-1
10,10,10,11,-1
24,24,25,-1,26
21,20,20,19,-1
2,3,2,1,1
-1,25,25,25,24
19,-1,-1,-1,-1
8,9,9,9,9
19,20,20,-1,-1
10,10,9,9,9
6,5,6,5,6
28,28,27,28,-1
12,-1,12,-1,13
-1,10,10,9,10
3,2,-1,4,3
17,17,17,17,18
5,6,6,5,5
12,13,12,12,13
2,3,4,-1,3
11,11,12,13,14
-1,14,15,15,14
24,24,24,25,25
14,15,-1,16,16
17,18,17,18,19
2,-1,2,3,3
19,20,20,20,20
25,24,24,24,24
29,28,28,-1,28
2,1,1,1,1
15,15,16,15,-1
29,28,28,28,28
26,25,-1,25,25
25,25,25,-1,25
5,4,5,6,6
25,24,-1,23,22
0,1,0,0,0
-1,9,-1,9,9
10,10,10,10,10
2,2,3,3,4
-1,28,27,28,28
-1,-1,4,4,5
1,2,1,0,0
23,23,23,23,23
20,19,20,19,19
21,22,-1,-1,22
21,22,-1,24,24
12,12,-1,11,11
29,28,28,-1,-1
4,5,5,6,5
-1,12,12,11,11
-1,17,18,19,-1
27,26,27,28,28
11,12,13,14,14
-1,6,5,5,5
5,5,4,3,2
15,15,15,-1,15
10,10,10,10,10
26,25,25,26,25
19,20,19,20,20
9,10,9,9,9
-1,21,21,21,22
16,16,16,-1,16
20,19,20,-1,19
22,21,21,21,22
23,23,23,23,24
16,16,15,15,15
-1,28,-1,27,26
-1,15,16,17,-1
26,26,26,25,24
-1,23,23,23,-1
10,11,12,12,12
6,-1,6,5,-1
26,-1,26,26,26
2,2,1,2,3
5,5,6,6,6
3,4,-1,3,4
22,-1,21,22,23
21,22,21,-1,19
20,19,20,19,19
3,3,4,3,-1
10,10,10,10,9
6,-1,5,6,-1
3,3,2,3,4
15,15,15,15,15
5,6,-1,5,-1
8,9,9,9,10
9,9,9,-1,9
24,23,22,-1,21
8,-1,10,10,10
28,28,27,-1,25
7,-1,7,7,7
10,11,-1,12,11
24,-1,-1,25,25
8,7,-1,6,5
17,17,17,17,18
-1,24,23,23,23
19,-1,19,20,20
13,14,14,15,15
25,-1,25,25,26
29,29,29,28,28
24,24,23,22,22
28,27,26,25,25
14,-1,14,15,15
18,17,-1,16,16
14,13,14,14,14
20,19,20,19,19
16,15,15,15,15
29,28,28,-1,27
10,10,-1,9,-1
26,25,26,25,26
7,7,6,7,6
14,-1,15,15,14
18,19,-1,20,19
1,0,-1,0,1
23,24,24,24,24
15,15,14,-1,15
11,11,11,-1,12
18,19,18,17,17
3,4,5,6,5
21,-1,-1,-1,22
3,-1,5,6,5
25,25,26,25,25
23,23,22,22,-1
-1,5,6,6,5
26,25,24,24,23
17,17,17,17,17
19,-1,19,20,19
4,-1,4,4,3
26,25,24,23,-1
25,25,26,26,26
-1,6,5,5,6
-1,15,15,15,16
18,19,20,19,20
2,3,2,3,3
26,26,25,26,25
12,13,12,11,12
19,18,17,17,18
27,26,-1,24,24
8,9,9,9,-1
14,15,-1,16,16
23,23,-1,21,20
25,-1,26,25,26
20,20,20,-1,20
14,14,15,15,16
-1,9,10,10,10
15,15,-1,15,15
25,26,26,25,26
6,6,6,6,7
16,16,16,-1,16
19,19,20,19,19
5,-1,5,-1,5
21,-1,22,23,24
2,1,2,3,-1
3,4,3,4,4
24,23,23,24,24
14,14,15,15,-1
19,20,20,19,19
26,25,25,25,26
19,19,20,19,20
14,15,15,15,14
7,6,6,5,5
0,-1,0,1,-1
0,1,-1,3,3
24,23,22,21,22
-1,-1,26,25,25
16,15,15,-1,-1
12,-1,12,-1,12
27,28,27,27,26
6,6,5,6,7
28,29,-1,28,27
27,27,-1,27,28
17,17,17,-1,19
21,22,23,23,22
9,9,10,10,-1
22,-1,-1,20,-1
10,10,10,10,10
-1,3,4,4,3
18,19,20,20,19
27,28,28,28,28
29,29,29,29,28
0,1,-1,0,-1
-1,0,0,-1,1
2,-1,2,3,4
24,23,24,23,23
10,10,9,9,9
10,10,10,9,9
11,11,11,-1,11
20,19,19,20,20
26,26,25,25,26
-1,29,28,-1,27
11,11,11,12,12
22,21,22,22,23
14,-1,14,15,15
-1,27,26,-1,25
3,3,4,3,4
-1,-1,9,9,10
25,25,25,25,-1
28,27,27,26,25
-1,8,9,9,9
25,25,25,25,25
29,-1,28,28,27
11,12,12,12,11
-1,23,22,23,22
1,-1,3,4,5
28,29,-1,28,-1
15,15,14,14,15
24,23,23,22,21
19,20,20,20,19
10,9,9,10,10
11,11,-1,11,11
14,15,15,15,15
7,6,5,6,6
26,-1,26,25,25
11,12,13,14,14
4,-1,6,6,6
-1,20,20,20,-1
19,19,20,20,-1
28,28,28,28,27
-1,6,6,5,5
3,3,3,3,4
11,11,12,11,12
-1,10,10,11,11
22,22,21,21,22
8,-1,9,9,8
10,10,10,-1,10
12,12,12,-1,-1
22,23,-1,22,21
21,22,-1,21,22
6,6,5,6,5
-1,16,-1,16,15
29,28,-1,27,28
4,3,2,2,1
12,-1,12,12,12
26,25,25,26,26
9,9,10,10,10
28,28,28,28,28
14,15,15,15,16
5,-1,5,6,7
-1,9,9,9,9
3,-1,4,5,6
21,22,23,23,23
-1,20,20,19,20
-1,5,5,5,6
21,22,22,22,23
9,10,11,12,12
24,23,-1,21,21
11,12,11,11,11
18,19,-1,19,19
11,12,11,11,12
22,21,22,22,21
2,3,-1,4,3
25,25,25,25,25
8,9,10,11,11
-1,4,3,2,3
3,4,-1,-1,5
8,9,10,9,9
14,14,14,15,15
18,19,-1,19,20
1,0,-1,-1,1
8,9,9,9,9
22,22,23,23,-1
21,22,-1,23,23
11,11,12,-1,11
22,23,22,21,21
6,5,-1,6,5
1,0,0,-1,1
12,12,12,11,12
29,28,-1,28,28
17,17,17,17,16
28,-1,28,27,28
1,1,1,1,1
28,28,28,29,29
9,9,10,10,10
21,21,22,23,23
27,28,27,-1,-1
18,19,20,20,20
-1,12,12,13,14
-1,22,-1,22,21
15,15,16,16,16
27,28,28,29,29
-1,17,17,17,17
-1,9,9,9,10
4,3,4,-1,5
17,17,17,-1,18
-1,27,26,25,25
29,29,28,28,28
2,3,-1,3,4
14,14,14,15,15
-1,12,12,-1,-1
22,21,-1,21,-1
5,6,-1,5,5
12,13,12,11,-1
4,3,4,-1,4
-1,26,26,25,-1
-1,19,18,19,20
2,3,4,5,6
26,26,25,25,25
-1,-1,15,15,15
24,23,23,23,22
19,-1,20,20,20
23,23,23,22,21
5,6,5,6,7
11,12,13,-1,12
18,17,16,16,15
-1,25,24,25,24
3,4,3,4,3
2,1,2,3,4
2,1,0,1,0
18,17,18,19,20
-1,29,28,28,28
8,9,9,10,-1
21,21,21,22,23
27,26,26,25,25
23,23,23,-1,23
19,20,20,20,20
4,5,6,-1,5
-1,24,25,26,25
17,17,18,-1,19
29,28,28,28,28
28,28,27,27,28
4,5,6,7,7
-1,28,28,-1,27
2,3,4,3,2
9,9,8,9,-1
20,19,19,20,20
1,0,-1,0,0
24,24,23,22,21
-1,28,28,27,-1
20,19,19,20,19
29,28,28,-1,-1
13,14,-1,15,15
23,22,23,23,23
19,20,20,19,18
27,-1,25,25,26
0,1,1,0,0
-1,-1,16,16,16
6,6,5,-1,7
22,23,24,23,22
21,22,23,22,21
3,-1,3,4,3
-1,25,25,26,-1
18,19,19,20,-1
12,12,12,13,12
23,23,22,23,22
0,0,1,0,-1
-1,23,-1,21,20
1,1,1,0,1
28,27,26,27,28
-1,1,1,0,0
28,27,26,25,26
28,28,28,27,-1
-1,28,28,27,27
18,19,20,20,19
11,-1,11,10,11
26,25,25,25,25
20,20,20,19,20
8,8,9,9,9
21,21,-1,-1,22
26,25,26,26,25
26,25,25,26,25
2,-1,-1,3,3
8,9,-1,9,9
1,0,0,0,0
22,21,22,23,-1
19,20,19,19,19
14,14,-1,15,15
27,26,-1,-1,-1
-1,10,9,-1,8
23,23,23,23,22
5,6,6,-1,6
17,17,17,17,17
21,22,22,-1,22
25,25,26,-1,-1
23,22,21,22,23
9,10,9,10,-1
7,7,7,8,-1
-1,-1,25,-1,25
14,15,15,15,14
7,7,8,9,9
-1,-1,20,20,19
15,15,16,16,16
22,-1,22,23,23
1,2,-1,-1,1
23,23,23,23,-1
13,12,12,13,12
-1,-1,2,1,-1
2,-1,2,1,-1
21,22,23,22,23
26,26,-1,25,25
17,17,18,19,20
16,16,16,15,15
10,9,9,9,9
-1,25,25,-1,26
20,19,20,19,19
20,20,19,-1,20
13,14,-1,15,16
2,3,4,4,3
3,3,4,-1,5
9,9,9,9,9
14,15,16,16,16
20,19,20,19,19
21,-1,-1,23,22
15,15,15,15,15
10,9,9,9,-1
17,-1,17,17,18
14,14,-1,14,14
23,-1,23,23,24
4,3,4,5,5
-1,3,-1,3,4
3,4,4,3,4
7,8,9,9,10
27,-1,26,-1,26
29,28,-1,28,-1
-1,2,1,0,0
16,15,16,16,16
-1,9,9,-1,10
16,17,17,-1,17
26,25,25,25,25
15,15,-1,16,-1
16,16,16,16,16
17,-1,17,17,18
17,17,17,-1,17
2,3,3,3,3
18,19,-1,-1,-1
3,4,5,6,5
12,11,12,12,11
21,21,22,21,21
19,19,20,20,20
4,3,4,-1,-1
4,3,4,3,4
18,17,17,-1,16
11,11,12,12,12
12,12,12,11,11
6,5,5,6,-1
25,26,27,28,28
8,9,9,9,10
21,21,20,20,19
15,14,14,-1,-1
11,12,12,13,12
28,27,27,28,27
0,0,1,2,2
22,23,23,22,23
17,-1,17,17,17
-1,21,21,20,-1
-1,10,10,10,10
5,6,5,-1,7
2,-1,2,1,1
-1,20,19,19,20
9,9,9,10,10
7,8,9,9,9
19,20,19,20,19
3,4,5,-1,-1
0,1,-1,2,2
26,25,26,26,25
-1,23,24,-1,23
4,5,6,-1,-1
29,28,-1,28,28
18,-1,20,19,-1
19,-1,19,20,20
29,-1,-1,28,28
17,18,19,20,20
2,3,2,3,-1
12,-1,12,-1,11
4,-1,6,-1,6
11,12,11,-1,13
24,23,22,22,21
-1,17,18,17,16
28,28,28,27,28
26,26,25,25,-1
12,12,12,11,11
-1,12,12,-1,11
25,25,25,26,25
-1,-1,15,15,-1
6,6,5,6,7
7,-1,7,6,5
25,26,-1,26,26
16,16,-1,15,15
17,17,17,17,17
15,-1,15,15,14
1,0,1,0,0
9,9,9,9,8
6,5,6,6,7
6,5,5,5,6
-1,20,19,19,20
2,3,4,3,-1
4,5,5,6,5
4,5,6,5,4
18,17,17,16,-1
9,9,9,9,9
26,26,26,25,-1
16,-1,16,16,16
17,18,19,18,19
-1,10,10,10,10
7,7,8,7,8
23,-1,23,23,22
5,5,6,-1,5
19,20,19,20,-1
11,12,13,12,-1
14,14,14,15,14
-1,28,27,28,-1
26,25,26,-1,25
15,15,15,15,14
2,1,1,1,1
21,21,21,22,21
17,17,17,18,-1
0,0,1,0,1
20,19,18,19,20
-1,5,6,6,-1
6,5,6,6,6
4,-1,-1,3,2
9,10,10,10,11
22,22,-1,23,23
27,-1,28,27,-1
23,22,21,22,21
4,5,6,5,6
28,27,-1,27,26
29,29,29,28,28
21,21,22,22,-1
17,16,16,16,17
-1,15,15,15,14
27,26,27,28,28
21,21,22,21,20
1,2,1,1,1
28,-1,28,28,28
9,9,9,9,9
-1,6,-1,-1,7
26,25,25,25,26
25,26,25,25,25
26,25,26,27,28
14,15,15,15,15
-1,4,3,4,3
25,25,-1,25,25
27,27,26,26,25
13,12,11,-1,-1
21,-1,21,21,-1
21,22,22,21,22
9,9,10,-1,-1
16,15,15,15,15
15,14,14,15,14
-1,2,1,2,1
24,23,23,23,24
9,9,9,10,10
28,27,-1,-1,28
20,20,-1,19,20
19,20,20,20,20
15,14,14,15,15
11,-1,12,11,-1
7,7,8,9,-1
25,26,-1,26,26
15,-1,15,-1,14
18,-1,18,-1,20
20,19,20,-1,19
7,-1,6,6,6
28,29,29,29,29
19,20,19,18,19
14,14,15,15,15
-1,17,-1,15,-1
-1,8,9,9,-1
22,21,22,21,-1
9,9,9,9,9
12,13,12,12,12
16,16,15,15,14
-1,9,9,9,9
7,7,7,8,7
15,-1,15,14,14
19,20,20,20,-1
-1,19,19,20,19
0,0,-1,0,1
7,7,7,-1,7
15,15,16,16,16
-1,21,22,21,20
6,6,5,6,6
4,5,6,5,6
23,23,-1,23,-1
5,5,4,-1,4
-1,23,-1,22,21
-1,-1,4,-1,3
-1,19,20,19,19
9,9,9,9,9
13,14,15,15,14
3,4,4,-1,-1
28,28,29,29,28
13,14,14,15,15
10,10,10,11,11
9,10,9,9,10
0,-1,1,1,2
2,2,-1,4,-1
-1,9,10,10,10
18,19,19,18,19
5,6,5,5,5
17,-1,17,17,17
9,9,9,9,9
5,6,5,5,5
24,23,23,23,-1
14,14,13,-1,15
16,15,14,15,-1
28,28,28,28,28
6,7,6,7,7
4,4,5,6,6
23,23,23,22,-1
-1,22,21,22,-1
7,7,7,7,8
7,-1,7,7,8
4,5,-1,5,6
24,24,24,24,24
21,20,20,19,-1
-1,5,6,6,6
16,16,16,16,15
26,25,25,25,26
25,26,26,25,25
9,9,9,9,9
27,26,25,25,26
1,1,1,-1,2
7,7,7,-1,8
15,15,15,-1,14
19,20,19,20,-1
20,20,20,20,20
24,24,25,25,26
28,28,28,28,28
8,-1,-1,9,9
28,28,28,28,-1
17,17,17,17,16
3,2,1,0,0
10,10,10,10,10
28,28,27,26,25
17,-1,19,19,19
20,20,20,19,20
5,6,6,5,5
25,25,25,25,26
6,5,-1,5,6
18,19,20,20,20
14,14,14,15,15
8,7,8,9,9
-1,13,14,15,14
26,-1,25,26,-1
18,17,17,17,16
6,6,7,7,7
9,-1,9,9,-1
12,-1,11,12,12
16,16,16,-1,14
28,28,28,28,28
18,17,18,19,20
29,28,27,28,29
-1,19,18,17,17
17,-1,16,-1,-1
-1,23,22,21,20
18,17,17,17,17
6,6,-1,-1,7
18,19,18,19,20
4,-1,3,3,-1
23,-1,21,21,21
6,6,-1,6,6
0,1,1,1,1
0,0,0,0,-1
6,6,5,5,5
16,16,16,16,15
8,8,9,-1,9
3,3,2,2,1
29,29,28,27,26
0,0,0,1,1
2,3,4,5,6
12,13,12,13,14
11,11,12,12,13
19,20,20,-1,20
10,10,10,11,-1
2,3,4,4,5
20,-1,20,-1,20
0,0,-1,0,0
28,28,28,28,27
20,19,19,20,19
14,13,12,12,-1
-1,-1,11,12,13
17,16,15,15,15
27,-1,28,28,28
11,12,13,-1,11
5,6,5,-1,7
-1,6,5,5,6
17,18,-1,19,-1
23,22,23,22,21
11,-1,12,11,11
12,12,11,12,12
27,27,26,25,26
13,12,13,-1,11
9,9,9,9,9
5,-1,6,5,6
-1,6,5,6,-1
29,28,27,26,26
6,5,-1,5,4
25,26,27,27,26
27,26,25,25,-1
25,24,23,23,22
27,26,25,25,25
9,10,10,10,-1
11,11,12,13,14
16,15,15,14,14
3,4,4,5,6
16,16,16,-1,16
22,21,22,-1,21
16,-1,15,15,16
20,20,19,18,17
23,23,-1,24,-1
6,6,5,6,6
9,10,10,10,9
9,-1,9,10,10
13,12,-1,-1,12
19,20,19,20,-1
29,28,-1,28,28
11,11,12,12,12
26,27,28,27,27
29,-1,28,27,26
20,19,20,20,20
-1,15,15,-1,15
15,16,15,-1,15
11,12,12,12,13
21,22,-1,22,21
12,13,12,11,12
-1,11,12,12,-1
-1,8,9,10,9
-1,-1,3,4,4
27,27,26,-1,26
11,10,9,-1,-1
16,-1,16,-1,15
6,5,6,7,7
14,15,-1,15,14
25,25,-1,26,26
22,21,-1,20,19
0,0,0,-1,2
-1,22,23,23,23
23,-1,23,22,23
28,-1,27,-1,25
11,12,-1,-1,-1
5,6,6,5,5
9,9,9,9,10
7,7,8,9,10
-1,12,11,11,11
-1,12,-1,11,-1
14,14,14,15,-1
20,19,20,19,20
21,22,21,21,-1
-1,-1,6,5,5
-1,16,16,-1,-1
15,15,-1,16,16
16,16,16,16,16
25,25,26,25,25
6,-1,6,-1,5
6,-1,6,-1,6
18,17,17,18,19
9,9,10,9,9
29,28,28,28,27
-1,-1,-1,14,14
-1,6,-1,5,5
16,16,17,17,17
-1,15,15,15,14
9,9,-1,-1,9
2,3,3,-1,2
18,-1,18,19,19
20,20,19,20,20
18,19,20,19,18
29,29,28,27,28
13,14,15,14,15
29,28,28,28,27
11,11,12,12,11
15,15,16,16,16
8,9,9,9,9
13,14,-1,-1,-1
-1,13,12,11,-1
7,6,5,6,7
3,3,-1,1,1
11,11,-1,11,11
20,20,-1,19,20
6,5,5,-1,6
-1,14,-1,14,15
25,24,23,22,-1
0,1,1,1,2
14,15,-1,16,-1
13,14,15,15,15
25,25,25,25,25
15,15,15,-1,14
16,15,-1,16,16
21,20,19,-1,17
6,6,6,6,7
6,7,7,7,8
20,20,19,-1,19
29,28,28,28,27
-1,9,9,10,10
-1,1,2,2,3
15,15,15,-1,15
22,23,23,23,-1
13,-1,15,15,15
6,5,5,5,-1
18,19,20,20,20
25,25,25,25,26
9,9,9,10,9
8,-1,-1,9,10
1,1,1,1,1
25,-1,25,-1,24
-1,29,28,28,27
-1,23,22,22,23
25,25,25,25,26
16,15,-1,16,16
7,7,7,8,9
14,14,14,15,14
4,5,6,5,5
4,3,4,3,3
21,22,23,23,-1
17,16,15,15,16
29,28,27,26,25
12,11,11,10,10
24,24,23,23,23
9,9,9,9,9
5,6,5,6,-1
16,-1,-1,16,16
25,25,-1,-1,25
20,19,20,19,19
-1,15,-1,16,16
29,29,28,28,-1
19,20,-1,20,-1
-1,12,11,-1,12
21,22,22,21,22
3,3,3,4,3
-1,23,23,22,21
-1,19,-1,19,19
1,2,-1,0,0
6,-1,6,-1,4
-1,25,26,26,-1
22,23,23,23,23
29,28,28,27,27
2,1,0,0,1
6,5,4,4,3
17,17,17,18,19
17,-1,16,15,16
2,2,3,-1,5
22,21,22,21,21
22,21,-1,21,-1
16,15,-1,16,15
10,10,-1,10,10
29,-1,28,28,28
1,-1,1,-1,0
29,28,28,28,27
11,11,10,10,10
22,21,22,22,-1
12,12,11,12,12
-1,-1,6,5,5
1,2,3,4,3
11,-1,10,10,9
-1,14,14,14,15
8,8,9,-1,-1
10,-1,-1,10,10
18,19,19,20,-1
15,16,16,16,15
5,-1,-1,5,6
27,26,25,25,26
3,2,2,-1,1
14,15,15,16,16
-1,19,20,20,20
21,22,-1,21,20
25,25,25,24,24
15,14,15,16,16
17,16,16,16,15
13,12,11,12,12
13,12,-1,-1,13
2,1,0,0,1
11,12,11,11,12
-1,4,5,6,5
21,22,22,21,21
8,9,9,9,9
22,21,22,21,21
13,14,15,-1,-1
-1,3,4,-1,4
26,25,25,26,26
-1,14,14,15,15
17,18,19,20,20
3,2,3,3,4
9,-1,10,-1,10
-1,16,16,15,15
18,19,20,20,-1
16,-1,16,16,15
10,10,10,10,11
-1,-1,25,-1,26
-1,22,22,21,22
10,10,10,10,10
27,28,28,29,28
0,0,1,2,-1
23,-1,23,23,23
13,-1,-1,13,14
23,22,21,22,21
8,9,9,9,10
24,25,25,26,25
15,-1,15,15,15
21,22,23,22,21
14,15,15,15,16
28,28,28,28,28
26,26,25,-1,25
22,21,-1,21,-1
22,-1,21,21,21
19,20,20,19,20
14,14,14,15,15
6,5,5,6,5
12,12,-1,12,13
17,18,17,17,16
9,9,-1,-1,9
12,12,-1,12,12
12,-1,-1,11,11
19,20,19,20,20
25,24,23,22,23
25,-1,25,25,25
12,-1,12,12,11
24,23,23,23,23
3,4,-1,-1,5
22,21,21,-1,21
25,26,25,26,25
23,22,23,23,23
5,4,3,4,5
18,17,18,-1,19
26,25,25,26,25
7,-1,7,7,7
-1,5,5,-1,7
25,-1,25,25,25
10,9,9,9,9
28,28,28,28,28
25,26,25,25,26
20,19,20,20,20
3,3,4,-1,6
29,28,-1,28,27
24,24,24,24,24
18,19,20,19,18
5,-1,7,7,7
-1,4,-1,-1,-1
23,24,25,25,25
-1,8,9,9,9
5,5,5,6,5
25,25,25,25,26
25,25,-1,26,25
11,11,10,10,-1
29,29,-1,-1,27
13,14,-1,-1,-1
14,15,15,15,15
14,15,16,16,16
12,12,13,12,-1
0,0,0,1,2
28,28,28,28,-1
11,11,11,11,11
8,9,10,10,10
16,15,14,14,15
-1,8,9,9,10
-1,-1,13,12,12
26,25,-1,25,-1
2,3,4,5,5
5,5,6,7,8
20,-1,20,20,19
2,-1,-1,4,3
19,20,19,20,19
-1,25,26,25,25
8,9,9,-1,11
9,9,10,-1,8
22,23,22,21,21
-1,12,13,-1,13
0,0,1,1,0
7,7,7,7,7
26,25,25,25,25
22,23,23,-1,23
-1,5,-1,7,8
7,7,7,7,7
16,15,15,15,14
-1,0,-1,1,2
1,1,-1,1,1
-1,-1,10,-1,11
17,16,16,16,16
14,15,-1,15,15
12,13,12,12,13
-1,1,0,0,0
21,21,-1,22,22
-1,-1,5,6,5
2,1,1,0,1
24,25,-1,25,25
21,-1,22,22,23
6,6,-1,5,5
12,12,13,14,15
-1,23,23,23,23
24,24,25,25,25
-1,27,28,28,28
9,10,9,9,-1
17,17,17,17,17
8,9,10,10,10
9,9,8,9,8
17,-1,19,20,-1
23,24,24,-1,23
25,25,25,25,25
9,9,9,10,9
12,12,13,13,12
25,25,25,26,-1
25,25,25,26,25
-1,15,15,15,15
11,11,12,13,12
0,1,0,-1,1
24,23,23,-1,21
6,6,7,-1,6
-1,9,9,9,-1
-1,18,-1,20,-1
24,23,-1,23,23
26,26,26,25,25
-1,12,12,13,14
16,16,16,16,17
3,3,4,5,6
0,0,1,1,-1
8,9,10,10,9
28,28,28,28,27
7,6,7,7,8
6,6,-1,8,8
19,20,19,19,20
-1,25,25,26,25
28,28,28,27,28
16,16,15,16,16
20,19,20,19,20
9,10,9,9,10
17,18,19,20,20
8,9,9,-1,-1
16,16,15,15,16
9,9,10,10,9
20,19,20,19,20
27,-1,-1,26,26
5,5,5,5,5
15,15,14,14,14
27,26,26,26,26
18,19,20,20,20
16,16,15,15,15
-1,10,10,10,9
8,9,10,10,10
14,15,15,15,15
22,21,22,21,22
16,15,14,14,14
3,4,5,5,5
12,12,11,12,11
13,12,11,12,12
12,12,12,12,11
22,23,23,22,-1
4,5,6,-1,5
24,-1,23,22,21
2,3,2,-1,3
20,19,20,20,-1
23,-1,22,-1,22
29,28,27,26,-1
26,25,25,25,24
0,0,-1,1,1
15,15,14,15,-1
16,16,16,16,-1
28,28,28,27,28
-1,11,10,11,11
4,5,6,7,7
24,23,23,24,24
-1,15,15,15,14
7,7,8,9,10
8,9,9,9,9
-1,14,14,15,15
20,20,20,19,20
7,8,9,10,10
29,28,29,29,28
2,2,1,2,-1
14,15,-1,16,15
22,22,-1,21,21
4,4,4,5,5
24,24,25,25,25
-1,-1,9,9,9
-1,26,25,25,26
9,9,9,9,9
20,-1,20,20,19
4,4,3,-1,3
19,19,20,20,20
12,-1,14,15,15
-1,15,15,-1,15
-1,15,15,-1,-1
14,15,14,14,15
13,14,14,14,14
10,10,9,9,9
4,5,-1,5,6
25,25,-1,26,25
10,-1,10,10,11
-1,11,12,13,14
-1,-1,11,10,10
2,1,2,3,2
3,-1,5,5,4
-1,-1,19,19,-1
16,16,15,15,14
-1,11,11,12,12
25,25,25,26,26
0,0,0,0,0
11,11,12,12,12
16,16,16,16,16
0,-1,0,1,1
3,-1,3,4,3
11,12,13,14,15
-1,6,-1,6,7
4,-1,5,5,5
21,-1,22,-1,22
11,12,12,11,12
16,-1,16,16,-1
25,-1,25,25,25
16,17,16,17,17
3,3,3,3,4
7,8,9,9,9
26,-1,26,25,25
18,19,-1,20,-1
9,10,11,12,12
11,12,12,12,11
2,1,2,-1,4
-1,15,15,14,14
0,1,1,2,2
1,1,1,1,1
22,23,23,23,22
27,27,28,28,28
22,23,-1,22,-1
2,1,2,-1,4
-1,-1,-1,14,-1
23,23,24,-1,23
24,24,23,22,21
3,2,1,-1,0
7,6,7,7,8
6,5,6,6,6
8,9,10,9,9
4,3,3,3,3
6,7,7,-1,8
22,21,21,22,21
7,8,9,9,10
4,3,4,3,-1
8,9,-1,10,9
3,4,3,2,-1
14,-1,15,15,16
21,-1,22,23,23
-1,9,-1,9,10
23,-1,22,22,22
4,5,6,7,8
28,27,-1,25,25
21,22,21,21,21
1,0,1,1,1
11,12,12,-1,12
22,21,21,20,20
20,19,20,20,19
16,16,15,15,15
12,11,11,11,11
-1,21,21,22,21
27,26,26,25,26
23,22,-1,-1,21
19,20,19,19,19
18,19,20,20,20
25,25,25,25,-1
-1,16,15,15,-1
20,20,-1,19,20
29,29,29,29,28
23,22,-1,23,22
16,16,15,-1,-1
10,-1,11,11,11
9,8,9,9,9
-1,-1,-1,15,16
-1,23,22,21,22
18,-1,-1,18,19
11,-1,10,-1,9
-1,-1,20,19,19
17,17,16,16,16
1,2,2,-1,-1
24,24,24,23,22
-1,17,17,17,17
5,5,5,5,6
11,11,11,11,12
5,6,5,-1,5
13,12,-1,13,12
11,12,12,-1,12
-1,7,7,7,-1
3,4,3,3,-1
10,9,9,-1,9
-1,19,20,20,-1
-1,10,10,9,9
-1,12,11,12,13
28,27,26,25,25
0,0,1,-1,1
-1,22,21,22,21
28,28,28,27,28
26,26,26,25,25
-1,6,5,6,5
3,-1,3,3,3
25,25,25,26,26
28,28,-1,28,28
25,-1,26,26,25
22,23,-1,23,23
0,1,1,2,2
3,3,3,3,4
9,9,10,10,10
-1,6,6,7,8
19,-1,20,19,20
27,27,27,28,27
0,0,0,0,0
21,22,23,22,23
23,23,23,24,23
28,28,-1,-1,27
4,4,5,-1,6
-1,24,25,25,25
9,10,9,8,9
4,-1,4,5,5
19,20,20,-1,20
25,-1,25,25,25
-1,3,2,1,2
7,7,-1,9,10
22,-1,21,21,22
17,17,16,16,16
21,21,20,20,19
-1,5,6,6,6
8,8,9,9,-1
2,1,2,1,2
8,9,-1,9,9
13,12,-1,12,-1
25,26,26,26,26
29,28,27,26,25
-1,22,21,-1,22
15,14,14,15,16
-1,19,19,19,19
26,25,26,26,25
7,8,9,-1,9
19,20,20,20,19
-1,28,28,28,27
-1,1,2,3,4
23,22,21,22,-1
-1,16,-1,16,16
-1,16,17,17,17
24,24,24,23,23
15,16,15,14,14
21,-1,21,-1,19
26,25,25,26,25
29,-1,28,28,27
22,22,21,20,19
29,29,28,28,28
26,25,25,24,23
21,21,22,23,22
18,17,17,17,16
22,21,22,23,23
5,-1,5,6,7
11,11,12,11,-1
4,3,-1,3,4
-1,20,20,-1,19
-1,25,24,23,23
-1,5,5,6,6
20,19,20,-1,20
12,12,11,11,11
-1,27,27,26,25
10,-1,10,10,11
21,20,19,20,19
17,17,18,19,20
22,22,22,21,21
0,1,1,0,0
-1,9,9,-1,9
-1,1,-1,1,2
-1,25,25,25,25
25,25,26,26,25
-1,28,-1,28,28
-1,26,26,25,26
21,21,21,22,23
6,6,6,6,5
21,21,22,23,23
27,-1,25,25,25
5,5,6,6,6
18,19,20,19,20
13,14,15,14,14
1,1,1,1,2
13,-1,12,12,12
15,-1,15,15,-1
-1,-1,9,9,-1
27,27,-1,-1,26
17,18,19,19,20
7,7,7,8,-1
0,1,-1,-1,2
17,17,17,17,16
23,-1,22,21,22
6,7,6,5,5
27,26,25,25,26
20,19,18,-1,20
24,25,25,25,25
9,10,-1,10,9
14,14,-1,15,15
-1,3,3,-1,3
21,22,21,22,21
26,-1,-1,-1,27
-1,10,10,10,10
11,12,13,14,14
9,10,9,9,10
14,15,15,15,15
19,18,19,18,-1
-1,6,7,8,9
3,4,-1,4,-1
-1,1,1,1,2
16,16,16,15,15
18,19,-1,20,19
19,-1,-1,19,20
20,20,19,20,20
22,22,21,22,23
-1,4,4,4,4
-1,12,11,11,12
23,22,-1,21,20
19,18,-1,19,-1
28,28,28,27,27
18,17,18,-1,-1
20,20,19,18,17
10,-1,-1,-1,11
3,3,3,-1,1
-1,8,-1,8,9
-1,9,9,9,9
22,21,22,23,22
20,19,-1,20,19
-1,12,12,13,12
22,23,24,23,23
10,10,11,11,11
9,-1,9,9,10
18,19,20,19,19
-1,9,10,10,9
0,1,1,2,3
21,22,-1,20,20
2,1,0,-1,1
8,9,9,9,9
-1,15,15,14,14
-1,19,-1,20,-1
29,-1,28,-1,27
11,11,12,12,12
11,-1,13,14,15
5,6,5,6,6
12,13,14,-1,14
12,-1,11,11,12
0,0,1,1,1
28,-1,28,28,27
0,1,0,-1,2
14,15,15,14,15
3,-1,4,3,4
13,12,12,12,13
29,28,27,28,28
20,-1,-1,19,-1
27,-1,-1,28,28
21,21,22,22,21
-1,-1,7,7,8
18,19,-1,19,19
16,15,15,15,15
-1,-1,19,19,20
22,21,22,21,22
17,17,17,17,17
6,-1,5,5,-1
11,12,11,12,13
5,5,6,5,-1
19,20,20,20,19
-1,9,9,10,-1
8,9,10,9,10
19,20,19,20,20
23,23,-1,21,-1
28,-1,-1,26,25
25,25,25,-1,25
2,1,2,3,-1
13,12,12,12,13
0,1,2,3,3
27,26,27,28,28
8,9,-1,9,9
12,12,12,12,11
19,20,20,-1,18
-1,15,15,15,15
-1,17,17,17,18
22,23,22,22,22
-1,11,11,11,12
27,27,26,25,25
10,9,10,-1,10
7,7,-1,6,7
13,12,13,14,-1
0,-1,1,1,1
19,20,20,20,20
23,23,-1,-1,22
2,1,0,0,-1
-1,7,8,-1,10
13,-1,13,12,12
24,25,25,25,25
24,23,22,21,21
28,27,28,28,-1
-1,0,0,0,1
-1,5,5,-1,-1
22,23,22,21,21
28,28,28,28,-1
26,25,24,25,25
9,-1,9,9,9
24,24,25,25,25
-1,9,-1,-1,9
8,9,9,-1,9
20,19,20,-1,20
14,14,14,15,14
29,28,28,28,28
18,19,19,20,20
19,20,19,-1,19
-1,11,12,11,11
10,-1,10,10,9
4,3,3,4,3
28,27,27,26,-1
12,11,-1,12,12
15,15,15,15,15
6,5,6,5,6
11,11,-1,-1,12
11,-1,11,-1,11
19,19,-1,19,20
11,11,12,12,12
-1,0,0,0,1
2,1,1,2,3
8,7,8,-1,8
19,20,19,19,-1
-1,14,15,14,14
14,14,14,14,14
18,-1,18,19,19
3,4,3,-1,2
10,10,10,9,9
26,25,25,25,-1
15,14,14,15,15
7,6,6,7,6
-1,-1,23,24,24
8,9,10,11,11
-1,3,3,-1,-1
-1,3,2,2,1
10,10,9,9,9
9,9,-1,10,10
14,15,15,16,16
23,24,24,23,24
29,29,-1,28,28
11,11,11,11,11
16,-1,15,15,16
8,9,-1,10,10
29,29,29,28,29
6,6,5,-1,-1
-1,20,19,-1,20
-1,28,27,28,28
26,25,25,25,25
5,6,5,6,6
1,-1,0,1,1
9,9,9,9,9
24,25,26,25,25
4,3,4,5,6
4,-1,3,4,4
22,21,21,22,23
-1,11,11,10,9
10,9,9,10,10
8,8,9,-1,10
17,17,16,-1,16
-1,18,19,18,19
23,24,24,23,23
-1,9,9,9,9
0,0,1,0,0
4,3,4,-1,4
2,3,2,1,-1
18,17,-1,17,17
22,22,23,23,23
24,25,25,25,26
0,0,0,0,0
15,15,16,16,16
14,15,15,15,16
5,5,6,5,6
14,14,15,14,14
1,-1,1,1,0
-1,11,12,13,12
4,3,-1,-1,-1
0,1,-1,2,-1
16,16,17,16,16
22,21,21,21,21
-1,25,-1,-1,25
15,15,14,15,14
22,22,21,22,23
-1,-1,1,1,-1
8,9,9,9,9
-1,28,-1,27,26
28,27,-1,26,-1
0,0,1,2,2
19,18,19,20,20
9,10,10,10,11
11,10,-1,-1,10
18,19,20,20,20
14,15,14,15,16
24,24,25,25,24
3,4,-1,4,5
13,-1,11,11,-1
1,1,1,1,0
-1,-1,16,17,16
17,17,17,18,19
-1,27,27,27,-1
14,15,-1,-1,14
-1,6,5,6,6
11,12,12,-1,13
25,24,23,-1,-1
-1,3,3,3,4
25,25,25,26,-1
27,26,-1,25,25
-1,21,21,22,22
-1,11,-1,11,12
19,19,-1,-1,20
26,25,25,25,25
24,24,23,23,-1
14,15,14,14,-1
27,-1,25,25,24
4,3,3,-1,3
23,-1,22,23,24
-1,16,16,15,15
23,22,21,22,23
-1,-1,10,10,9
19,19,19,20,20
5,6,6,5,6
11,11,12,12,11
9,9,9,9,-1
23,22,-1,-1,22
1,1,1,-1,1
16,-1,16,16,17
15,15,-1,14,-1
-1,20,19,18,19
10,10,10,9,9
10,9,-1,9,9
14,15,15,15,16
5,6,5,-1,5
24,23,22,23,23
26,25,25,25,-1
5,6,5,6,5
-1,22,21,20,19
13,12,13,12,12
20,20,19,20,-1
12,-1,11,12,12
14,14,-1,14,15
12,-1,-1,12,12
-1,22,22,23,23
0,1,-1,1,0
13,12,13,12,12
7,7,8,7,7
20,19,20,-1,19
-1,23,22,21,22
20,20,20,20,20
29,29,28,28,28
2,1,1,2,3
1,0,0,1,1
4,3,2,3,2
1,0,0,0,1
22,22,22,22,-1
0,1,1,1,1
12,11,11,11,11
4,5,5,6,6
17,-1,16,15,-1
16,15,15,15,15
20,-1,19,-1,19
15,15,14,-1,15
28,-1,28,28,28
5,6,5,6,6
18,-1,18,19,18
0,-1,1,-1,0
17,-1,17,18,19
9,9,9,9,9
3,-1,5,5,5
-1,-1,11,12,12
18,-1,20,19,20
23,24,-1,23,23
-1,19,20,19,20
6,6,5,6,7
8,-1,8,9,10
17,17,17,18,17
5,6,7,6,6
29,29,29,28,-1
11,11,11,12,12
20,19,20,19,19
21,22,-1,22,21
18,19,20,20,20
21,21,21,22,21
22,21,22,21,22
-1,1,1,0,-1
25,26,-1,25,25
16,16,15,-1,15
25,25,25,-1,-1
18,19,18,-1,20
17,18,17,17,18
-1,17,17,17,17
1,1,1,0,0
-1,10,10,10,10
7,8,7,6,5
8,9,10,9,9
-1,12,12,11,11
28,28,28,27,-1
27,28,28,28,27
17,16,16,15,-1
1,2,3,3,3
13,12,13,12,11
21,22,-1,21,-1
0,0,1,-1,0
8,9,9,9,8
11,11,12,12,11
21,22,-1,22,23
6,-1,7,8,9
17,16,16,16,16
20,19,20,19,19
-1,26,25,-1,26
11,12,12,-1,12
28,28,28,28,27
23,22,21,21,22
10,9,8,9,-1
1,2,-1,1,-1
15,-1,-1,16,16
8,9,10,9,9
21,21,21,22,21
3,-1,4,5,6
-1,6,7,7,8
10,10,-1,10,9
23,22,21,21,22
10,10,9,9,10
9,9,10,10,10
15,14,15,15,14
9,9,9,9,-1
-1,12,11,11,11
-1,-1,28,-1,28
5,-1,6,5,6
10,9,9,10,-1
0,1,2,1,2
17,-1,17,16,16
16,15,15,14,13
17,17,18,-1,18
19,20,20,20,19
2,1,0,-1,0
3,2,2,2,3
3,4,5,5,5
-1,7,7,7,-1
11,11,12,12,11
25,24,23,22,21
0,-1,1,0,1
29,28,28,28,28
11,12,-1,14,15
-1,2,3,4,5
10,10,10,9,9
-1,24,24,23,22
16,-1,18,19,20
4,5,5,5,5
15,15,15,14,15
13,14,15,16,16
4,3,-1,4,-1
25,26,26,25,25
22,21,-1,21,22
4,3,4,5,6
1,0,1,-1,1
5,-1,6,5,5
2,2,-1,3,4
3,3,2,1,0
17,17,17,16,15
0,0,1,1,1
11,12,-1,13,12
13,12,13,14,14
-1,19,19,19,19
26,25,25,25,25
29,28,28,27,28
26,25,25,26,25
13,14,14,15,15
2,3,4,4,4
9,9,9,9,9
-1,11,12,-1,12
5,5,5,5,6
14,15,14,15,15
18,-1,-1,19,20
22,21,22,-1,22
11,12,11,11,11
18,19,20,19,-1
19,20,20,20,19
8,-1,9,9,9
1,2,3,4,5
1,1,1,1,0
27,28,27,26,25
2,3,4,3,4
2,2,3,-1,3
8,9,9,9,9
10,10,10,10,9
5,-1,7,7,7
23,22,23,23,23
20,20,19,20,19
26,-1,25,25,25
-1,16,16,16,16
-1,14,14,15,-1
24,23,22,22,-1
2,1,1,2,3
-1,25,26,-1,27
13,-1,15,15,15
23,23,-1,23,-1
10,10,-1,9,-1
28,28,27,28,27
29,28,27,26,-1
4,4,3,4,4
1,2,1,-1,1
23,23,22,21,-1
16,15,15,15,15
3,4,3,4,5
20,20,-1,20,-1
18,-1,-1,19,20
25,-1,26,25,25
19,20,19,20,19
-1,11,11,11,12
21,21,-1,-1,22
-1,-1,9,9,9
23,22,21,22,21
-1,28,28,28,28
0,0,0,0,0
18,-1,18,19,20
13,14,14,14,15
-1,20,20,-1,20
-1,0,-1,-1,1
11,10,10,10,10
7,7,-1,-1,7
25,25,26,27,26
24,24,24,24,23
-1,11,12,11,11
-1,-1,4,4,-1
8,-1,8,9,10
2,2,3,4,5
27,27,-1,28,28
23,23,23,23,22
23,24,23,23,23
10,-1,-1,11,10
-1,27,27,-1,28
29,28,27,28,28
-1,14,15,-1,15
8,9,9,9,-1
12,12,13,12,12
27,28,28,28,-1
3,2,3,2,3
-1,14,14,-1,15
14,15,14,15,15
20,20,20,-1,19
21,-1,22,22,21
10,10,9,9,8
25,26,25,25,25
20,20,-1,20,19
25,25,25,26,-1
14,14,15,16,16
3,3,4,3,4
-1,-1,23,23,23
-1,24,23,23,23
22,-1,22,23,23
3,3,2,1,-1
14,15,15,15,15
7,6,-1,6,6
23,23,24,23,22
13,12,12,11,11
19,20,19,20,19
24,24,23,22,21
8,-1,9,9,9
-1,21,21,-1,-1
3,2,1,1,-1
13,-1,15,15,14
1,0,0,0,0
28,28,28,28,27
12,13,14,15,15
21,20,19,19,20
5,6,5,5,6
7,7,7,-1,8
-1,25,25,25,26
12,12,12,12,12
1,1,2,1,1
8,9,10,9,9
29,28,-1,-1,26
18,17,17,-1,18
3,4,5,5,6
29,29,28,-1,28
17,17,17,17,17
22,-1,22,23,23
20,19,20,19,20
3,4,5,6,7
28,27,26,25,24
-1,1,2,3,-1
-1,14,-1,-1,15
1,0,1,1,1
-1,12,12,12,12
16,16,16,-1,16
13,-1,13,14,15
24,23,23,22,21
2,3,2,3,4
21,22,-1,23,23
25,25,25,-1,25
6,5,5,-1,4
-1,23,23,-1,23
1,-1,-1,0,-1
17,17,17,-1,15
16,16,16,15,14
-1,27,28,28,27
27,27,28,-1,29
14,13,-1,15,15
4,-1,5,5,6
23,23,23,24,24
-1,9,9,8,9
15,16,16,16,16
13,14,14,14,14
3,3,4,3,4
26,-1,26,25,26
14,-1,15,15,15
21,22,21,21,21
14,15,15,14,15
2,3,-1,4,5
0,0,0,1,1
10,9,9,9,10
-1,26,26,25,25
27,28,27,26,25
7,7,-1,9,9
3,4,5,5,6
29,28,27,28,28
23,23,-1,22,21
2,1,0,1,0
21,22,21,21,22
6,5,5,5,6
26,-1,25,25,26
12,13,12,11,11
29,29,-1,28,27
27,28,28,28,28
-1,8,8,8,9
10,10,9,9,-1
-1,-1,7,7,7
26,25,25,25,25
0,0,0,0,0
27,28,28,27,26
-1,16,15,16,17
15,15,15,15,15
13,14,-1,15,-1
12,13,12,12,11
24,25,25,25,26
-1,12,13,12,11
8,8,7,-1,7
15,15,14,14,14
22,21,21,21,-1
25,25,24,-1,-1
14,15,14,-1,15
12,12,13,14,14
1,0,1,1,0
7,8,-1,9,10
5,-1,5,6,6
10,10,10,10,10
17,-1,16,16,16
21,21,22,22,23
7,8,7,7,7
22,21,20,-1,20
-1,4,3,-1,3
3,2,-1,2,-1
8,9,-1,9,9
29,28,28,27,26
11,12,12,13,12
20,19,-1,19,18
14,15,15,15,-1
2,3,2,3,3
13,12,13,12,12
20,19,19,20,19
6,6,-1,6,7
-1,-1,26,25,26
16,15,15,14,15
22,21,21,-1,21
2,1,2,1,0
13,14,14,-1,14
24,23,23,22,23
21,22,21,21,22
3,2,2,3,4
-1,0,0,0,0
4,3,2,2,1
27,-1,27,27,26
7,-1,6,-1,7
17,17,17,17,18
21,22,22,23,22
9,9,8,9,-1
13,12,13,-1,12
24,-1,24,-1,23
19,19,20,19,20
14,14,15,15,15
20,20,19,19,-1
-1,15,15,15,15
-1,0,0,0,-1
14,15,15,15,14
5,5,5,5,6
-1,16,16,15,15
8,9,8,9,8
6,5,6,6,5
0,-1,1,2,3
15,15,16,17,17
20,19,20,19,20
-1,-1,9,9,9
29,-1,27,28,27
29,28,28,-1,28
10,-1,-1,12,13
4,5,6,-1,5
11,11,-1,12,12
14,15,16,15,14
23,23,22,23,22
12,13,14,15,15
-1,3,2,1,1
4,3,3,4,-1
-1,5,6,6,6
18,19,18,19,20
21,22,22,22,-1
8,7,6,5,5
21,-1,23,23,22
7,7,7,7,7
0,0,1,1,0
-1,22,-1,22,23
27,26,26,25,-1
21,-1,-1,21,22
14,15,15,15,15
3,2,3,4,3
27,28,-1,27,26
26,25,-1,25,24
4,-1,6,5,6
15,14,13,12,-1
15,15,16,16,-1
7,7,7,8,8
15,16,15,15,15
29,28,28,27,28
27,26,25,-1,25
25,25,25,25,25
11,11,10,10,10
6,7,6,-1,5
19,20,19,-1,19
20,-1,20,20,19
11,12,11,11,-1
15,-1,15,15,14
-1,23,-1,22,23
26,25,25,25,26
17,-1,-1,17,17
10,10,-1,10,10
26,26,25,25,25
15,15,15,15,14
-1,15,15,15,14
24,25,26,26,-1
16,16,16,16,16
15,16,16,16,16
9,9,9,-1,9
5,5,6,5,5
7,7,7,8,-1
-1,12,11,12,11
4,5,6,5,6
10,10,10,10,9
10,10,10,11,12
8,9,9,10,10
9,-1,9,8,8
1,-1,1,0,0
3,3,4,5,6
6,6,5,6,5
0,0,0,0,-1
-1,-1,25,26,26
12,11,11,12,13
24,23,-1,-1,25
3,4,5,6,-1
22,21,22,22,21
26,25,25,25,25
0,0,1,2,3
24,23,23,-1,23
18,19,20,20,-1
0,1,-1,0,0
18,19,20,19,19
24,25,25,-1,26
20,19,20,19,20
-1,23,23,-1,-1
5,6,-1,-1,-1
22,21,20,20,20
18,19,18,19,-1
18,17,17,17,18
18,19,-1,20,19
5,6,5,6,6
17,-1,16,16,16
27,26,25,25,25
21,22,21,20,20
17,17,17,-1,17
17,17,16,16,15
23,23,23,23,23
13,12,12,12,12
-1,28,27,27,27
6,6,5,6,-1
22,22,21,20,20
8,9,9,-1,9
1,1,1,0,1
20,20,19,19,18
7,7,7,7,8
24,25,26,25,-1
18,-1,-1,-1,20
17,17,17,18,19
2,3,4,3,4
-1,21,22,22,21
-1,9,9,9,9
16,16,16,16,15
13,12,-1,10,10
28,28,28,28,28
25,25,26,25,25
17,-1,18,19,19
-1,14,14,15,15
25,25,25,26,25
29,28,27,26,25
3,-1,5,6,5
-1,-1,1,1,-1
20,-1,19,20,19
26,25,24,24,23
9,9,9,9,9
19,20,20,20,-1
4,4,3,4,4
11,-1,12,13,14
-1,3,3,4,5
6,7,7,8,9
6,7,6,-1,6
24,23,-1,-1,23
2,2,3,4,-1
15,15,-1,15,16
-1,9,9,9,9
26,25,-1,25,25
16,16,16,16,16
27,26,25,25,25
7,7,7,7,7
12,12,13,14,-1
19,-1,-1,18,-1
-1,-1,11,12,13
15,14,14,15,15
19,19,18,19,20
-1,26,26,25,25
27,27,26,-1,27
1,1,2,3,2
19,19,19,20,19
15,15,14,15,16
25,26,25,24,23
6,6,7,7,8
28,28,27,28,28
5,6,6,7,-1
27,28,27,28,27
12,12,-1,12,13
19,20,-1,-1,20
0,0,0,0,0
13,-1,11,11,11
4,3,3,4,3
23,23,23,23,23
6,-1,5,6,7
6,6,5,5,5
3,4,-1,4,-1
2,2,1,1,1
10,10,-1,-1,9
20,19,19,20,20
29,29,28,28,27
18,19,20,19,-1
-1,3,3,3,3
23,23,-1,23,22
11,12,11,-1,12
13,12,-1,-1,-1
15,15,15,15,-1
8,7,7,7,8
10,10,10,11,-1
2,3,-1,3,-1
10,10,10,10,10
5,5,6,6,5
22,22,21,-1,21
22,21,22,23,23
22,-1,23,23,24
8,9,9,10,-1
21,22,21,22,21
-1,11,11,12,-1
-1,28,28,28,-1
19,20,20,20,20
14,-1,15,16,15
12,11,12,11,12
24,23,23,22,21
1,1,0,0,1
-1,9,10,-1,-1
7,7,6,5,6
11,11,12,12,12
8,8,8,9,9
15,15,15,15,-1
9,9,9,9,9
0,1,1,0,1
9,10,10,11,-1
11,12,12,11,11
-1,-1,16,16,17
22,23,24,-1,23
22,-1,21,22,21
19,-1,20,20,20
27,27,26,26,25
24,-1,25,25,26
4,3,3,3,4
18,19,19,-1,19
-1,15,15,15,15
10,9,9,9,10
28,-1,28,27,28
21,22,21,21,22
-1,9,9,9,10
29,29,29,29,28
1,1,2,3,4
9,-1,-1,10,10
17,18,19,20,20
-1,27,28,28,27
26,25,25,25,25
27,26,25,25,25
29,28,-1,28,28
18,19,19,20,19
24,23,22,23,23
29,28,28,28,28
10,-1,-1,12,-1
9,10,9,10,10
3,4,4,5,6
18,19,19,-1,20
1,0,0,0,0
4,4,5,-1,5
14,-1,14,15,14
22,21,22,22,21
6,-1,5,6,5
23,-1,23,24,23
12,11,11,11,12
10,11,12,12,11
27,28,28,29,28
27,27,26,25,26
26,26,25,-1,25
15,14,14,-1,14
9,9,-1,10,10
1,0,1,-1,3
8,9,9,9,9
25,-1,26,25,26
12,12,11,11,12
6,5,6,6,5
17,17,18,-1,20
2,3,3,-1,3
22,21,20,20,20
29,29,29,29,29
14,14,13,-1,13
28,28,28,28,28
15,14,14,-1,12
14,15,14,14,13
19,20,20,19,-1
9,9,9,9,9
2,2,1,1,1
12,11,12,12,-1
-1,-1,-1,20,20
-1,9,9,9,9
10,10,10,10,11
17,18,-1,19,19
-1,5,-1,-1,6
12,12,12,12,13
26,26,26,25,26
26,25,26,25,24
15,16,16,17,18
-1,22,21,22,-1
26,26,25,26,26
12,12,12,11,-1
3,4,-1,-1,-1
-1,-1,15,15,15
9,9,-1,9,9
2,1,2,1,1
14,15,15,16,16
12,13,12,12,11
8,9,9,9,9
9,9,9,9,-1
7,7,8,8,9
16,16,17,17,17
15,-1,15,16,16
16,16,15,15,15
-1,20,19,20,20
23,22,21,22,23
10,9,9,9,10
6,5,6,-1,6
29,-1,29,29,29
28,27,-1,-1,25
-1,25,26,-1,25
6,6,6,5,6
2,3,3,4,5
-1,1,0,1,2
17,-1,19,20,20
-1,12,13,14,14
23,24,23,24,23
2,3,4,3,3
29,29,28,27,28
-1,13,14,15,14
-1,3,3,3,4
12,13,13,14,15
0,1,0,1,1
15,15,14,15,16
-1,6,6,7,7
20,-1,20,19,20
5,5,5,6,6
26,25,25,25,26
23,-1,23,24,23
9,10,9,9,9
28,28,27,28,28
18,19,18,19,19
2,3,3,4,3
-1,19,20,19,20
17,17,-1,-1,17
-1,15,15,16,15
20,20,19,20,-1
3,4,5,6,5
18,19,19,20,20
11,12,11,11,11
23,-1,-1,-1,23
15,16,17,17,17
4,5,-1,7,7
5,6,5,5,6
-1,18,17,17,16
23,-1,23,23,22
17,17,16,15,15
2,1,0,0,0
11,12,12,12,13
8,9,9,9,9
27,26,25,26,27
7,7,6,5,6
28,28,27,26,25
7,7,8,-1,9
9,9,9,-1,10
16,-1,15,16,15
4,-1,-1,6,6
25,25,25,26,25
21,22,-1,23,24
15,15,-1,16,16
20,20,19,20,20
-1,-1,0,0,0
29,29,29,28,28
5,5,6,5,-1
24,24,23,23,22
23,23,23,23,23
18,17,16,16,17
26,26,-1,26,25
20,20,20,19,20
18,19,19,19,20
24,24,23,24,23
-1,21,21,-1,19
10,9,9,9,10
6,7,7,-1,7
19,-1,19,20,20
9,9,9,-1,-1
-1,10,10,11,12
17,17,18,19,20
0,0,1,1,1
14,15,15,15,15
20,19,19,-1,19
26,25,25,25,-1
22,23,-1,-1,21
25,26,25,25,25
-1,20,20,-1,19
7,7,7,7,7
3,-1,1,1,1
16,16,-1,15,14
26,25,25,-1,25
9,9,9,9,9
23,-1,23,23,22
21,21,22,21,20
18,17,17,18,19
24,23,22,21,-1
15,16,17,-1,17
1,1,2,1,0
20,20,20,20,-1
19,18,19,20,19
2,1,0,0,-1
25,25,25,24,23
6,5,6,6,5
17,-1,-1,15,15
0,-1,1,1,1
2,3,4,5,5
21,21,21,-1,-1
2,-1,4,3,4
-1,8,-1,8,9
29,28,28,28,28
13,12,11,11,-1
7,8,7,7,-1
16,15,15,14,15
3,4,-1,4,4
27,26,25,25,25
5,5,6,5,5
29,-1,28,28,27
17,17,17,17,18
14,13,12,12,13
28,28,28,27,28
16,-1,-1,16,-1
19,18,17,-1,-1
5,6,-1,5,6
20,20,20,19,20
1,1,2,3,3
6,7,7,7,7
0,0,0,0,1
-1,17,17,18,19
24,-1,22,23,23
20,19,18,18,19
10,10,11,12,-1
26,25,25,25,25
11,11,12,12,11
4,3,3,4,5
0,0,1,2,1
22,23,23,22,-1
6,-1,7,7,7
-1,22,21,-1,21
23,23,-1,23,23
3,2,-1,4,4
-1,20,-1,20,19
5,-1,4,5,6
1,-1,1,2,3
22,-1,22,21,21
17,17,16,16,17
0,0,1,1,-1
12,12,12,12,12
-1,-1,7,8,8
15,15,14,15,15
24,23,23,22,21
17,17,17,16,17
16,16,17,17,-1
0,0,0,1,-1
19,19,20,20,19
27,26,25,25,26
27,-1,27,26,25
16,16,15,15,16
11,11,11,11,-1
10,10,10,10,10
19,19,20,20,20
17,16,15,16,17
25,-1,25,25,25
13,13,14,13,12
-1,14,14,15,14
20,20,19,19,19
-1,25,-1,25,25
29,28,28,27,28
19,18,19,19,20
4,-1,2,1,0
23,23,23,24,-1
20,19,20,19,18
-1,24,23,23,23
24,23,-1,-1,23
16,17,17,17,18
19,-1,19,20,20
7,8,9,9,10
28,28,27,-1,26
7,7,8,8,9
17,17,16,-1,15
17,18,19,19,20
24,23,23,-1,23
-1,20,20,20,20
25,25,-1,25,26
-1,11,11,-1,-1
28,28,28,28,27
2,-1,3,4,5
24,23,23,23,-1
25,26,25,25,25
-1,4,3,4,3
27,28,28,27,26
8,9,9,10,10
21,21,-1,-1,21
-1,-1,5,5,5
17,16,16,16,15
-1,15,16,16,15
-1,4,3,4,5
-1,17,-1,19,20
2,3,3,3,4
5,5,5,6,6
-1,25,25,-1,25
14,-1,15,16,-1
-1,22,23,23,22
15,15,15,15,15
18,17,17,-1,19
26,-1,26,26,25
15,15,15,15,14
5,6,5,6,5
8,9,10,10,10
26,26,25,25,25
23,22,22,21,22
-1,1,2,1,1
13,14,-1,14,15
20,19,20,20,19
19,20,19,20,19
21,22,-1,21,21
-1,16,16,16,-1
12,12,11,12,12
10,10,9,10,9
0,0,0,1,-1
25,26,25,25,25
23,23,23,23,23
12,12,12,-1,-1
-1,14,13,12,-1
13,13,-1,14,15
18,19,20,20,20
26,26,-1,25,25
28,-1,28,28,28
10,10,9,9,10
3,4,-1,4,3
29,28,28,28,27
-1,7,7,7,-1
9,9,-1,10,10
7,7,8,9,9
14,15,15,15,15
17,17,16,15,-1
3,2,1,1,0
-1,-1,22,21,22
29,28,28,-1,28
25,25,-1,-1,25
9,10,10,10,10
11,12,11,11,-1
-1,-1,25,26,25
23,23,23,24,23
27,28,27,28,28
-1,20,19,19,19
0,-1,-1,1,2
28,28,28,28,27
11,10,9,9,9
27,28,27,26,26
24,-1,-1,-1,23
18,19,20,19,20
11,12,12,11,11
26,27,-1,26,26
6,6,5,5,6
19,-1,-1,-1,20
10,10,10,10,9
-1,23,-1,23,-1
6,-1,6,7,7
19,20,19,20,19
16,17,17,16,-1
18,19,18,19,18
25,26,25,25,25
22,23,24,23,-1
6,-1,6,5,6
-1,28,28,27,28
-1,27,26,25,25
25,26,26,25,24
9,9,9,10,9
23,22,21,22,-1
22,-1,20,-1,20
5,6,5,6,5
-1,19,20,19,20
14,15,14,15,-1
5,6,5,5,6
26,25,25,25,-1
-1,15,15,15,14
12,13,-1,12,12
1,0,-1,1,1
17,17,18,-1,19
20,19,-1,-1,20
11,11,11,12,13
11,11,11,11,11
-1,-1,21,-1,23
17,18,19,20,20
24,24,24,23,23
18,17,17,18,19
26,-1,26,25,25
2,2,3,-1,3
-1,9,9,8,9
1,-1,1,1,2
27,26,26,25,25
1,1,0,0,1
12,-1,11,11,11
18,17,18,19,19
6,5,6,-1,5
18,19,-1,17,17
11,12,12,13,14
28,28,28,-1,-1
17,16,16,16,15
26,25,25,25,25
1,0,0,0,0
18,17,18,19,18
25,26,25,26,26
-1,18,19,19,-1
11,11,11,-1,11
22,-1,-1,23,23
0,0,0,-1,1
29,28,28,28,28
28,28,-1,28,27
23,22,22,21,20
-1,18,17,18,-1
20,20,19,20,19
-1,13,12,-1,11
0,0,-1,1,1
12,12,11,11,11
22,23,23,23,23
-1,-1,5,-1,-1
29,28,28,27,-1
10,9,9,10,10
9,9,9,9,-1
6,5,4,3,4
20,19,-1,-1,20
11,12,13,12,12
19,19,-1,20,20
23,23,23,23,23
23,22,21,22,23
5,-1,3,4,-1
27,26,-1,24,24
13,14,13,14,15
16,15,15,15,-1
9,9,9,9,8
13,12,12,12,12
24,23,23,23,23
4,5,5,5,6
29,28,28,27,28
16,16,15,-1,15
26,25,25,26,27
12,12,13,13,12
14,14,-1,15,15
-1,19,18,19,20
5,5,4,3,2
3,4,5,6,-1
-1,28,27,28,28
17,-1,16,15,15
-1,11,12,12,13
29,29,28,28,27
15,-1,16,15,16
11,12,12,13,14
15,15,15,15,-1
20,19,-1,20,19
2,3,2,3,4
4,4,5,5,6
17,17,16,15,15
-1,9,9,9,9
17,16,16,16,-1
16,16,16,16,15
-1,13,-1,14,14
21,-1,21,21,22
16,-1,15,15,15
27,28,27,28,29
25,25,25,25,-1
14,-1,14,-1,15
18,17,18,19,20
20,19,20,20,20
10,9,-1,10,10
16,16,16,17,18
-1,28,28,28,28
9,9,9,9,9
11,12,12,-1,11
17,-1,15,15,-1
24,23,24,25,25
23,22,21,22,21
17,18,19,20,19
20,-1,20,-1,20
11,11,11,12,12
13,-1,13,-1,15
12,13,14,-1,15
5,5,5,6,6
20,20,20,-1,19
19,19,20,20,19
13,12,12,13,14
18,19,-1,19,19
19,19,20,-1,19
7,7,6,5,4
-1,14,14,-1,13
12,13,12,12,12
20,19,20,-1,20
25,-1,25,25,25
-1,27,26,25,-1
24,24,23,22,21
2,3,3,4,4
19,19,20,19,-1
11,11,12,11,-1
19,18,19,20,-1
3,3,2,3,3
1,0,0,-1,1
21,20,19,18,17
11,11,11,-1,-1
14,15,14,13,12
25,26,25,25,-1
25,25,25,25,25
-1,2,1,1,2
8,9,9,9,9
8,-1,7,-1,7
1,1,2,3,-1
11,11,10,-1,10
13,14,15,14,-1
-1,16,16,16,16
-1,15,15,14,14
10,-1,12,13,12
18,17,16,15,15
0,1,-1,2,-1
23,-1,21,21,-1
19,20,20,20,-1
1,0,1,1,1
23,-1,-1,21,22
-1,3,3,4,5
12,12,12,13,12
-1,26,26,25,-1
9,9,9,9,10
24,23,23,-1,22
6,6,7,7,8
1,2,-1,1,0
11,12,12,13,12
-1,18,19,19,20
-1,12,11,11,12
-1,24,24,23,23
13,14,14,14,14
29,28,27,-1,26
4,5,5,6,6
6,6,5,5,4
23,23,23,-1,23
8,8,-1,9,9
-1,14,14,-1,15
6,6,6,7,6
28,28,28,28,-1
28,28,27,28,28
4,4,5,6,6
2,3,4,3,4
4,3,3,3,4
-1,5,5,6,6
6,6,5,6,6
27,28,27,26,-1
25,25,25,24,24
13,-1,12,13,12
17,-1,17,-1,19
1,-1,-1,0,0
5,5,-1,-1,6
0,1,0,1,2
20,20,19,20,20
19,20,20,19,20
0,0,1,1,-1
-1,15,15,16,16
15,15,14,15,15
-1,21,22,21,22
26,26,25,25,25
6,6,-1,5,6
22,21,22,-1,22
23,23,23,-1,22
-1,-1,23,-1,-1
-1,28,-1,28,28
20,19,20,20,20
8,-1,10,-1,-1
19,20,19,20,19
29,28,28,28,28
6,-1,7,-1,5
11,12,12,11,11
23,22,21,22,21
9,9,9,9,9
0,0,0,0,1
4,4,3,4,3
3,4,4,4,3
7,8,9,9,10
8,-1,-1,10,9
-1,5,5,6,6
13,13,12,11,11
28,28,28,28,-1
2,1,1,2,3
-1,29,-1,28,28
25,-1,25,-1,-1
28,27,27,28,27
22,-1,23,23,22
-1,12,12,-1,12
28,28,-1,-1,26
11,11,12,11,11
5,6,5,6,5
17,17,18,19,20
27,-1,28,28,27
23,23,-1,22,21
7,-1,7,-1,5
11,12,12,12,12
27,26,-1,25,24
-1,7,8,7,6
20,20,20,20,20
13,12,12,12,13
28,-1,28,29,28
25,-1,23,23,22
4,4,5,5,4
26,26,25,24,24
1,1,0,1,0
27,28,28,-1,28
8,9,9,10,-1
-1,-1,19,-1,20
0,1,-1,1,2
10,9,10,10,10
7,8,9,9,9
-1,11,11,11,12
28,29,29,29,28
0,0,-1,1,1
15,15,16,16,16
29,28,27,26,26
26,25,25,26,-1
-1,22,21,21,21
0,-1,0,1,1
6,-1,6,6,5
-1,9,9,9,9
17,18,17,16,15
1,-1,0,0,1
13,14,15,15,15
5,5,6,6,-1
16,16,16,16,-1
23,23,23,23,23
21,22,21,21,22
12,11,11,12,-1
22,-1,20,19,18
4,5,5,-1,6
28,28,27,27,28
16,15,14,14,15
26,25,25,25,24
19,20,20,19,20
-1,25,25,26,25
4,4,5,5,-1
26,25,25,25,25
24,24,25,25,-1
9,-1,9,9,-1
20,20,19,19,20
-1,1,1,1,0
25,25,25,24,23
13,13,14,14,14
10,10,11,12,11
5,5,6,5,6
2,3,4,3,2
19,20,19,20,19
8,7,8,8,9
-1,14,14,15,15
25,26,-1,25,25
12,13,12,-1,-1
22,-1,-1,23,23
-1,-1,-1,12,11
-1,6,5,5,5
0,1,-1,1,1
-1,14,13,-1,15
12,12,12,12,11
13,12,13,12,-1
19,20,20,20,19
-1,11,12,12,12
22,-1,21,-1,23
29,28,-1,28,27
18,19,18,19,20
18,17,-1,18,17
29,28,28,27,26
-1,-1,8,8,9
7,-1,-1,7,7
0,-1,-1,1,-1
18,19,20,20,20
11,-1,12,-1,-1
25,25,24,23,22
1,-1,1,1,1
1,2,1,1,-1
10,10,10,11,12
-1,6,5,6,5
19,20,20,20,19
18,19,18,19,19
25,-1,25,26,25
17,17,18,19,20
-1,14,14,15,15
22,23,23,22,22
26,25,-1,25,25
8,9,-1,-1,9
27,26,25,25,25
7,8,9,9,9
26,26,-1,25,25
4,4,3,4,3
27,27,28,28,28
20,19,18,19,20
1,1,1,-1,1
-1,24,23,22,21
21,22,21,-1,23
1,1,1,2,2
-1,21,-1,-1,22
10,10,10,10,10
-1,-1,9,8,9
5,6,-1,-1,5
22,21,21,-1,23
15,15,15,15,16
29,28,28,28,28
27,28,27,-1,26
-1,25,25,25,26
16,16,16,15,16
8,9,9,8,8
5,-1,4,3,-1
23,23,24,23,22
13,14,-1,-1,12
27,-1,27,28,28
-1,25,25,26,25
24,24,23,23,22
-1,3,4,5,6
11,11,11,12,11
19,20,20,20,20
2,2,-1,1,0
28,-1,29,28,28
-1,-1,25,25,26
16,16,16,15,15
4,5,5,5,5
-1,15,15,14,14
15,15,15,15,-1
18,19,20,19,20
20,-1,19,20,19
29,28,28,27,28
14,14,15,14,15
-1,19,18,-1,20
25,25,24,23,22
8,9,10,-1,12
29,29,28,29,29
4,3,3,3,3
21,21,-1,22,22
9,9,10,10,-1
17,17,-1,18,-1
-1,19,-1,20,20
3,4,3,4,5
18,19,20,20,19
2,3,3,4,5
3,4,4,5,6
0,0,-1,-1,-1
28,28,28,28,27
-1,26,25,25,24
28,28,27,26,25
10,10,10,10,9
22,-1,23,23,24
25,25,25,26,25
0,1,1,1,1
18,-1,20,-1,20
22,23,23,22,21
12,-1,-1,11,11
20,19,20,20,19
16,-1,-1,15,15
12,13,12,12,11
26,26,-1,27,26
21,21,22,22,22
14,14,15,15,15
16,16,17,17,17
5,5,6,7,8
29,28,28,27,26
27,26,-1,25,25
17,17,18,19,20
14,14,14,15,15
12,11,11,11,11
6,5,-1,5,5
29,28,28,27,28
6,5,5,5,6
7,6,5,4,4
4,4,3,4,5
-1,-1,5,6,-1
0,1,1,2,3
2,3,3,2,2
27,-1,26,25,25
-1,15,15,15,15
0,0,1,2,1
23,23,23,22,22
12,12,11,-1,12
26,25,25,25,25
18,19,20,19,20
12,-1,13,-1,15
10,-1,9,9,-1
8,9,9,9,9
7,7,6,7,6
26,25,25,25,-1
23,22,23,22,23
24,25,25,-1,25
22,21,21,20,20
12,12,11,11,-1
6,5,6,-1,6
-1,11,12,11,12
18,17,-1,16,17
-1,26,26,26,25
15,-1,15,16,15
29,28,28,27,27
17,17,16,15,15
-1,5,-1,6,-1
1,1,1,2,-1
12,12,12,11,12
13,12,13,12,12
22,21,21,21,22
6,5,5,-1,3
28,28,-1,27,26
-1,25,25,26,26
27,26,27,28,28
15,14,14,15,15
22,21,21,22,21
5,6,5,5,5
8,9,9,9,9
4,5,6,5,4
25,25,-1,25,-1
-1,0,-1,1,1
25,25,25,-1,25
10,10,11,11,11
20,20,19,19,20
15,14,15,16,16
1,1,1,1,1
4,3,4,3,3
6,5,5,5,4
10,10,10,10,11
4,5,6,5,6
10,11,11,12,12
28,27,26,25,25
23,23,22,22,21
15,15,15,15,15
17,17,16,16,16
21,22,21,22,22
1,1,-1,1,1
14,14,15,15,-1
20,20,20,19,20
0,0,1,1,1
4,-1,5,6,5
25,25,-1,26,25
20,19,20,19,-1
7,-1,9,9,9
17,-1,17,18,19
17,17,17,17,17
-1,3,4,5,5
4,5,5,5,5
15,15,15,-1,15
11,12,12,12,11
14,-1,14,15,15
29,29,28,28,28
1,1,1,1,-1
7,7,8,9,9
8,-1,9,9,9
13,14,15,15,-1
10,10,-1,10,10
16,16,16,15,16
8,8,9,10,-1
27,27,-1,25,-1
16,16,15,15,15
10,11,11,11,12
22,-1,22,21,-1
21,22,22,21,22
22,21,-1,22,-1
3,3,4,-1,-1
13,-1,11,10,9
18,17,-1,16,-1
12,13,14,15,14
17,18,19,18,-1
12,12,-1,11,12
9,-1,10,10,9
14,15,16,15,15
18,17,-1,19,-1
-1,12,12,13,12
26,26,26,25,-1
11,12,11,11,12
2,1,0,0,1
15,15,15,16,16
29,29,28,28,28
3,2,3,3,3
11,11,11,-1,11
17,17,16,-1,16
-1,15,-1,-1,12
10,10,10,-1,10
13,12,11,11,11
-1,-1,16,17,17
7,7,8,9,9
-1,5,-1,-1,5
19,-1,19,18,17
9,10,10,9,-1
21,21,20,19,19
19,19,20,19,18
3,4,4,4,-1
1,1,2,-1,-1
6,6,6,6,5
1,0,0,1,0
15,16,15,15,-1
16,16,16,16,15
26,26,25,25,25
28,28,28,27,27
2,3,-1,5,6
-1,-1,15,15,15
20,20,19,18,19
16,16,16,16,-1
20,20,20,20,19
2,-1,2,1,-1
17,16,15,15,15
25,-1,26,26,-1
28,-1,28,28,28
14,14,15,15,16
26,-1,-1,25,25
3,3,4,3,4
-1,23,23,22,21
19,20,20,20,19
28,27,26,25,24
5,5,5,5,5
-1,8,8,-1,10
-1,24,23,23,22
0,0,1,1,2
23,23,23,-1,-1
1,2,2,3,2
-1,19,20,19,20
23,22,23,23,-1
29,28,28,28,27
6,-1,6,7,7
8,9,10,10,10
18,19,20,19,20
3,2,3,4,3
14,15,-1,16,15
22,23,22,21,20
11,11,-1,-1,-1
-1,3,3,4,5
-1,21,21,21,-1
-1,15,-1,14,14
23,-1,-1,22,21
6,7,7,8,9
2,3,3,4,5
15,14,15,16,16
0,0,1,1,1
11,11,12,13,12
-1,23,22,21,22
3,4,3,4,4
14,14,15,15,15
19,20,20,19,19
1,2,3,4,3
9,10,10,10,10
-1,25,25,25,25
26,25,25,25,26
14,15,-1,14,14
7,8,9,9,10
9,9,-1,-1,-1
5,6,6,7,7
1,1,-1,3,2
24,25,26,25,25
21,22,21,-1,21
14,14,14,14,14
28,28,28,27,27
-1,15,16,15,15
17,17,17,16,15
16,-1,16,-1,15
21,21,21,-1,21
2,1,1,2,3
-1,19,20,19,19
7,7,7,8,9
-1,18,19,18,18
2,1,2,3,4
1,0,0,0,1
17,18,-1,20,19
5,6,6,6,5
10,11,11,12,12
9,8,7,8,7
1,-1,1,1,1
15,-1,14,14,14
6,6,-1,-1,7
24,24,24,23,23
27,-1,27,26,26
-1,19,20,19,20
23,23,23,23,23
16,16,-1,16,15
-1,1,2,-1,4
-1,25,-1,-1,26
-1,12,12,13,14
-1,15,15,15,15
1,1,1,0,0
26,26,26,25,26
25,25,-1,25,26
11,12,12,12,-1
-1,5,6,5,5
5,6,-1,5,4
17,18,19,-1,20
11,11,-1,-1,11
22,21,22,-1,23
16,-1,16,16,16
22,23,22,-1,22
13,12,11,11,11
-1,12,11,12,11
18,19,20,19,18
22,21,-1,22,21
12,11,-1,11,11
23,-1,-1,22,21
-1,-1,-1,24,24
2,-1,4,4,3
9,9,9,9,9
18,19,20,19,18
2,3,4,5,4
29,29,28,27,26
19,20,19,19,19
2,1,0,-1,0
-1,9,9,9,9
1,1,1,1,1
18,17,18,-1,20
17,17,-1,16,16
27,26,26,25,25
4,3,-1,5,6
28,28,-1,26,25
9,10,10,10,10
4,5,6,6,7
1,1,1,1,0
26,26,26,26,-1
0,0,0,0,1
3,-1,5,6,7
25,25,25,25,26
10,11,12,13,12
7,7,7,7,7
7,8,8,9,-1
22,21,22,23,23
0,0,0,0,0
21,22,21,22,22
15,15,16,-1,-1
5,6,5,-1,5
11,-1,12,-1,11
18,19,20,20,20
4,4,3,-1,3
9,9,10,9,-1
22,21,-1,21,20
7,8,-1,9,9
7,-1,8,7,7
29,-1,28,28,27
17,17,17,18,19
27,28,28,28,29
0,0,0,0,0
19,20,20,19,20
23,23,22,-1,22
28,28,27,28,29
21,21,21,20,20
14,14,15,16,16
2,1,2,2,2
15,15,16,16,16
23,22,21,21,21
14,14,14,-1,14
20,19,19,-1,20
0,0,0,1,-1
25,25,25,26,25
28,28,27,28,28
0,0,-1,1,1
3,4,3,4,3
21,21,-1,21,22
26,25,26,26,26
9,9,9,9,-1
-1,28,27,28,-1
-1,1,1,-1,1
5,6,6,-1,5
19,20,19,-1,-1
19,20,20,20,19
13,14,15,16,15
11,12,12,12,12
13,14,13,14,-1
-1,28,29,-1,28
-1,5,6,7,6
14,14,14,14,15
-1,12,-1,14,-1
10,10,10,10,11
-1,10,-1,10,-1
-1,-1,27,27,28
-1,25,-1,25,24
14,15,14,15,15
3,3,3,4,5
13,12,-1,11,12
17,17,17,17,-1
-1,26,25,25,25
14,15,14,14,-1
28,28,28,27,28
19,18,19,19,-1
5,6,5,5,6
5,-1,5,5,5
29,28,28,28,27
3,-1,-1,3,3
11,12,12,12,12
12,11,11,12,11
-1,0,1,0,0
-1,15,14,14,15
11,11,12,-1,12
15,15,15,-1,-1
24,24,24,24,24
18,-1,16,17,-1
5,6,5,6,5
14,14,-1,-1,16
11,11,10,9,-1
19,18,19,19,18
20,-1,19,20,-1
12,12,13,12,12
26,25,25,25,25
22,22,-1,24,24
17,18,-1,-1,17
29,28,27,26,25
9,10,9,-1,9
-1,-1,14,15,15
20,19,20,20,20
13,13,12,12,13
14,-1,15,15,15
26,25,25,25,25
19,-1,19,-1,20
18,19,18,17,18
27,28,28,27,-1
24,23,23,22,23
0,0,0,0,0
-1,15,16,17,17
24,24,23,23,23
18,-1,20,20,19
7,6,5,-1,6
15,16,16,-1,15
18,19,20,19,20
6,-1,5,5,-1
14,15,-1,15,15
22,21,21,22,23
-1,20,20,-1,20
20,19,19,19,20
3,3,2,2,-1
25,-1,24,23,23
25,-1,25,25,25
1,1,1,1,0
-1,3,-1,5,5
25,25,26,27,-1
22,21,22,21,22
13,14,14,15,15
-1,3,4,-1,5
29,29,29,28,-1
9,10,-1,10,9
11,12,12,11,-1
10,-1,11,11,12
5,-1,-1,-1,3
19,18,19,20,-1
-1,9,-1,9,9
22,22,21,22,21
21,22,22,21,-1
9,-1,10,9,-1
-1,11,11,11,11
23,22,23,23,22
19,20,19,20,20
8,9,9,9,9
-1,4,5,5,5
23,22,22,21,20
14,14,15,-1,15
-1,8,9,10,10
-1,9,9,9,8
14,15,16,17,17
-1,11,11,11,12
5,6,-1,5,5
1,2,-1,4,3
24,23,23,-1,23
29,-1,28,27,28
26,26,25,24,23
23,22,23,22,22
0,0,0,1,-1
2,1,0,0,0
22,21,-1,21,22
16,16,16,15,15
-1,3,3,3,4
29,-1,28,28,27
20,19,18,19,20
9,9,9,9,-1
25,-1,25,25,25
12,13,14,-1,15
17,17,-1,17,17
29,29,-1,28,-1
29,29,28,28,28
18,-1,17,17,17
19,20,-1,20,20
27,27,26,26,26
8,8,9,-1,9
7,7,7,7,8
24,24,-1,-1,-1
-1,15,14,15,16
27,-1,28,28,27
2,3,3,4,3
17,18,19,20,19
9,9,9,9,9
28,28,27,28,-1
11,11,11,11,12
15,15,14,-1,14
16,15,-1,15,15
8,9,9,9,-1
-1,25,25,-1,25
18,19,20,-1,19
14,-1,15,16,16
7,7,7,-1,9
-1,27,28,28,28
-1,17,17,17,18
19,-1,20,19,20
28,28,28,28,-1
16,16,17,-1,16
17,18,17,17,17
17,16,16,16,16
13,-1,12,11,12
-1,26,26,25,25
28,27,27,28,28
5,-1,6,6,5
8,8,8,9,-1
17,18,19,20,19
13,-1,12,-1,-1
29,28,28,28,-1
1,0,-1,1,-1
20,19,18,19,20
20,-1,19,20,19
27,28,27,28,28
4,5,5,5,6
-1,2,3,3,3
16,16,16,15,15
0,0,-1,1,-1
-1,28,-1,28,28
-1,3,-1,4,5
4,4,3,-1,5
11,11,11,-1,11
28,27,27,28,29
19,-1,19,20,20
21,22,22,22,-1
15,16,15,15,15
-1,25,25,25,25
10,9,10,9,9
0,0,0,1,1
2,3,4,5,6
2,3,4,4,5
3,4,5,6,6
7,8,-1,9,9
-1,5,6,5,-1
3,4,5,4,3
13,12,12,13,12
26,-1,-1,25,25
23,23,-1,23,22
7,7,7,6,6
23,23,23,-1,21
28,-1,28,28,28
1,-1,0,0,0
25,24,25,25,25
21,-1,19,19,19
7,8,9,9,9
18,19,20,20,20
5,-1,6,5,-1
-1,19,18,19,18
29,28,28,27,26
24,24,23,23,-1
-1,14,14,14,-1
4,4,5,5,6
22,21,20,20,19
12,11,-1,11,12
28,28,28,28,-1
18,-1,-1,19,20
1,-1,-1,1,1
8,9,9,9,-1
23,23,22,23,23
23,24,24,23,-1
10,10,10,10,10
-1,17,-1,17,-1
23,-1,23,-1,23
29,28,29,28,28
10,9,9,10,10
3,4,3,4,4
24,25,26,25,-1
9,10,10,11,11
-1,4,4,5,6
15,15,16,15,15
1,1,0,1,0
6,5,5,6,5
-1,5,6,6,6
3,2,-1,-1,-1
7,-1,8,8,9
22,21,22,22,23
19,20,19,18,19
20,19,19,20,20
11,11,11,11,11
0,1,0,0,0
17,17,17,17,18
18,19,19,-1,19
24,25,25,-1,-1
11,12,13,12,13
25,24,25,25,-1
20,19,-1,19,18
20,20,20,19,20
-1,-1,11,-1,-1
4,4,5,6,5
22,23,-1,23,23
5,5,5,5,5
26,25,26,25,25
2,3,4,-1,5
0,0,1,1,1
27,28,28,27,26
3,4,4,-1,-1
12,12,13,13,14
26,25,25,-1,-1
5,5,6,5,6
6,5,6,-1,-1
13,14,15,15,15
18,19,-1,19,20
15,15,15,15,-1
16,16,15,14,14
28,-1,-1,27,28
20,20,20,19,20
9,9,9,9,10
-1,-1,24,24,24
12,13,-1,14,15
9,-1,8,-1,10
11,10,10,10,-1
16,15,15,15,15
9,9,10,10,-1
27,27,27,26,-1
10,10,10,10,10
25,25,25,26,-1
9,10,10,-1,10
4,5,6,5,5
15,15,-1,15,15
27,26,25,26,27
22,-1,22,21,-1
27,28,28,29,29
10,10,9,9,10
-1,3,4,5,6
25,25,26,25,25
23,23,23,23,23
23,24,23,24,23
16,15,15,14,15
11,-1,13,12,12
10,11,12,-1,12
2,3,4,5,5
-1,-1,6,7,8
27,28,29,28,28
11,11,-1,12,12
9,9,9,9,9
25,25,25,25,25
25,24,24,23,-1
11,12,13,12,-1
18,19,19,20,-1
1,2,1,1,2
14,14,14,14,14
21,22,21,-1,19
23,-1,22,22,23
14,14,14,15,15
25,26,-1,26,26
8,-1,9,-1,-1
10,10,11,11,12
16,16,16,16,-1
1,1,1,2,2
2,1,0,1,1
-1,8,8,9,9
24,23,23,24,25
-1,5,-1,6,5
9,9,9,-1,9
6,7,8,9,9
26,25,25,25,25
17,17,18,19,20
21,21,21,22,21
18,19,19,19,18
21,22,22,23,23
19,18,19,20,-1
8,7,7,6,5
10,10,10,9,10
-1,28,28,27,28
22,21,22,21,-1
19,19,-1,19,20
20,19,20,19,19
29,29,28,28,28
10,10,10,11,12
26,-1,25,25,25
9,10,10,10,10
0,0,1,0,-1
14,15,15,-1,16
3,-1,3,4,5
24,24,24,24,24
23,23,23,22,21
22,23,-1,23,-1
15,15,-1,16,-1
-1,10,10,9,9
23,22,21,20,20
-1,17,18,17,-1
3,-1,3,3,-1
19,20,19,-1,-1
-1,-1,3,3,-1
-1,2,1,2,3
28,28,-1,27,28
22,23,-1,24,23
16,15,15,15,15
-1,3,3,4,4
17,18,-1,-1,17
20,20,19,19,-1
5,5,6,-1,7
0,1,1,1,2
25,-1,-1,25,25
6,6,-1,6,6
4,3,-1,4,5
19,20,19,20,20
-1,5,6,6,5
-1,21,20,19,19
14,13,13,12,13
2,1,0,-1,0
8,9,8,9,9
2,2,3,4,3
1,2,3,4,5
19,19,-1,20,19
-1,5,6,6,5
17,17,-1,16,-1
1,0,0,0,1
-1,4,3,4,3
0,0,0,1,0
12,12,13,12,12
29,29,28,28,28
-1,13,13,12,12
5,5,6,7,6
-1,11,10,10,-1
13,14,14,-1,15
-1,11,11,11,11
20,20,19,19,19
22,21,21,21,22
16,15,16,16,16
25,25,25,-1,-1
23,23,22,22,23
9,9,8,9,9
6,5,5,6,5
22,21,22,21,22
6,6,5,5,5
-1,28,28,27,27
3,3,-1,3,4
5,6,5,6,5
19,19,20,-1,-1
28,-1,28,27,27
22,-1,-1,20,-1
2,-1,4,5,6
9,9,9,-1,-1
17,17,18,17,17
13,14,14,14,15
22,23,23,23,-1
17,17,16,17,17
10,10,10,-1,10
-1,19,20,-1,20
22,21,21,22,21
12,12,12,13,14
29,29,28,28,-1
26,25,26,26,26
1,0,0,1,1
9,-1,9,9,-1
8,9,10,11,10
26,26,25,25,25
18,19,19,19,20
9,9,9,10,11
19,-1,20,20,19
23,22,23,23,22
3,4,5,5,5
-1,-1,5,6,5
3,4,4,5,6
25,25,-1,24,23
4,4,3,4,5
10,10,10,10,10
16,-1,-1,16,15
20,20,-1,20,19
23,22,23,23,23
-1,0,1,0,0
10,9,8,9,9
1,0,-1,0,1
1,-1,0,1,1
14,15,14,15,-1
18,-1,16,16,16
1,1,0,0,0
-1,3,4,4,3
8,9,9,-1,9
9,9,9,8,7
10,10,10,10,-1
2,1,1,1,1
-1,9,9,9,9
19,20,19,19,-1
16,17,18,19,19
17,18,19,-1,-1
17,17,-1,-1,16
6,6,7,6,7
8,8,8,-1,9
26,26,26,25,25
9,9,10,10,10
-1,-1,17,-1,18
6,5,6,5,6
8,9,9,9,9
25,25,26,-1,26
21,22,-1,-1,-1
-1,1,-1,3,-1
-1,21,21,21,22
-1,20,19,20,19
6,6,6,5,5
27,27,27,-1,25
6,7,7,-1,6
-1,1,1,1,0
14,-1,-1,15,14
26,26,26,25,26
27,28,28,28,27
13,-1,14,15,15
-1,1,2,-1,-1
7,7,7,7,8
7,-1,8,9,9
3,-1,4,5,6
-1,19,18,17,-1
6,7,7,7,6
19,-1,19,19,19
1,1,0,1,1
9,-1,9,9,10
2,1,1,1,1
16,16,15,15,15
27,28,28,28,28
18,19,-1,17,-1
24,24,25,25,26
9,10,10,-1,10
18,19,-1,20,20
11,12,12,11,12
-1,3,3,4,5
0,0,-1,0,1
21,21,-1,20,19
7,7,-1,9,8
29,28,28,27,27
11,-1,12,12,12
28,28,-1,28,29
27,28,27,26,26
0,1,1,2,3
20,20,19,20,19
-1,5,6,5,5
6,6,6,5,5
15,-1,14,-1,15
28,-1,27,26,25
3,3,4,3,3
-1,21,21,21,22
-1,26,25,26,25
25,25,26,25,24
-1,9,9,9,9
-1,27,28,28,-1
23,23,22,23,22
-1,26,26,25,25
4,3,2,3,4
25,25,25,25,25
15,-1,16,15,15
17,-1,16,-1,-1
29,28,28,28,27
2,2,2,1,0
26,26,27,26,-1
23,23,22,23,23
4,5,6,5,6
16,16,16,-1,-1
24,23,-1,23,23
6,7,7,8,9
8,7,7,7,-1
20,19,20,-1,-1
16,16,16,16,16
8,9,9,9,10
8,9,9,-1,9
16,16,16,-1,14
11,12,-1,12,13
10,10,10,10,-1
25,25,25,25,25
15,16,16,15,-1
15,15,15,15,-1
15,15,15,-1,14
-1,14,14,15,15
-1,17,17,-1,19
-1,0,1,1,1
13,12,-1,11,11
13,14,14,14,14
22,21,22,21,22
1,2,1,0,0
-1,11,12,12,-1
10,10,9,-1,10
24,23,23,23,22
7,-1,7,6,-1
18,-1,17,17,18
26,25,24,24,23
28,27,27,26,25
5,-1,5,6,6
21,-1,23,-1,23
14,15,16,16,15
-1,5,6,5,6
-1,22,-1,21,-1
14,15,16,16,16
6,6,5,6,6
-1,6,6,5,4
11,11,12,12,11
15,15,15,15,14
24,24,-1,23,23
9,9,9,9,-1
2,3,4,3,4
21,22,23,23,23
24,24,23,-1,-1
15,15,15,15,14
-1,5,6,6,5
12,12,13,14,15
4,3,3,3,4
16,-1,-1,17,17
17,16,16,16,15
-1,20,19,20,-1
29,28,28,29,29
29,-1,29,28,28
16,16,-1,16,16
-1,25,25,26,27
6,5,6,-1,-1
8,8,9,10,11
7,-1,7,7,7
12,12,-1,12,12
22,-1,22,21,22
7,7,6,5,6
25,-1,24,24,-1
4,3,4,4,-1
9,10,10,-1,9
12,12,12,-1,13
14,15,-1,14,15
11,11,11,11,11
24,24,24,25,25
3,4,5,6,7
11,12,12,-1,14
24,25,25,25,26
5,5,-1,5,4
-1,22,21,22,22
1,2,1,0,1
26,25,25,25,26
-1,26,-1,25,25
13,-1,11,11,11
-1,1,1,1,1
20,19,18,19,19
20,20,20,19,20
0,0,1,0,0
28,27,26,25,26
21,22,-1,22,-1
9,10,10,10,10
9,-1,10,10,10
0,1,1,1,0
-1,-1,15,15,15
14,15,14,15,14
12,13,12,11,11
2,1,1,1,0
4,3,4,-1,-1
5,6,6,5,5
1,-1,1,0,0
28,27,28,28,28
-1,10,11,-1,12
9,9,9,10,10
6,5,5,6,5
22,23,22,23,23
2,1,0,-1,-1
-1,3,4,3,3
-1,12,12,11,11
-1,26,26,26,25
4,5,6,6,6
26,25,26,26,-1
14,-1,14,15,14
19,20,19,20,19
13,12,12,13,12
22,23,23,23,22
12,-1,-1,-1,-1
20,20,19,-1,-1
-1,24,24,25,24
22,21,22,22,21
21,21,-1,22,21
17,17,17,-1,18
23,23,23,23,-1
-1,9,9,9,-1
18,-1,17,16,16
25,-1,-1,25,25
-1,28,28,-1,26
27,28,28,27,26
28,27,28,-1,28
0,1,1,-1,1
15,15,15,14,14
29,28,27,26,25
22,22,21,21,21
21,20,19,-1,-1
7,8,9,10,9
6,6,5,6,-1
16,16,17,16,-1
25,25,25,24,-1
28,28,28,28,28
0,1,0,1,1
22,21,21,22,23
14,15,16,16,15
20,20,19,18,-1
7,8,8,9,9
21,22,21,22,-1
21,22,23,22,21
-1,21,22,22,21
19,20,20,-1,19
26,26,25,25,25
1,0,1,1,1
22,21,22,22,21
20,19,20,19,18
-1,-1,-1,0,1
4,3,3,2,1
7,7,-1,6,5
7,8,-1,9,10
20,20,19,19,20
25,25,25,25,26
-1,19,20,-1,20
-1,10,9,9,10
9,10,9,9,9
-1,11,11,11,11
6,5,5,4,-1
5,5,6,6,6
15,14,14,15,15
23,23,22,21,21
24,24,23,23,22
26,26,26,25,-1
27,28,-1,28,28
15,15,15,-1,16
19,19,18,19,20
7,7,8,9,10
28,28,27,27,26
2,1,0,-1,-1
15,-1,15,15,15
4,3,3,-1,-1
19,18,-1,20,20
29,-1,28,-1,27
28,28,-1,28,-1
11,11,11,12,12
5,5,6,-1,5
7,7,7,8,7
5,6,6,7,7
13,14,14,14,15
4,4,4,3,4
17,16,16,-1,15
17,16,16,16,17
16,16,16,16,16
28,28,28,27,26
-1,28,28,28,28
0,0,0,0,1
5,6,-1,6,6
28,27,28,27,26
8,9,9,10,10
26,-1,-1,-1,-1
24,24,-1,-1,-1
-1,19,20,20,-1
6,-1,5,5,5
-1,-1,26,25,25
-1,18,17,18,17
6,5,5,-1,5
17,16,16,15,-1
23,23,23,23,23
27,26,25,25,25
11,12,12,12,11
12,12,12,12,11
7,-1,6,5,6
0,-1,-1,0,0
24,23,23,23,23
27,-1,28,-1,28
1,0,0,0,-1
-1,10,9,9,9
8,9,10,10,10
5,5,5,5,5
8,9,10,9,9
14,14,15,15,15
13,-1,14,15,15
-1,15,-1,15,15
25,25,26,25,25
4,4,3,2,2
7,7,-1,7,8
4,5,6,7,7
1,1,1,1,0
9,9,10,10,11
-1,3,4,3,4
-1,17,17,17,17
-1,1,2,-1,4
3,4,3,4,4
-1,13,14,-1,15
12,12,13,-1,12
27,26,25,25,26
22,23,-1,21,22
9,9,-1,-1,-1
13,12,12,13,14
8,9,10,10,10
29,28,29,29,29
-1,28,28,28,28
27,28,28,28,28
28,27,28,28,27
1,1,-1,1,1
25,25,26,25,24
2,3,2,3,4
6,6,-1,5,5
-1,19,20,20,20
17,17,-1,15,-1
27,28,28,28,28
-1,25,25,25,25
-1,16,16,16,-1
3,3,3,4,5
-1,27,28,27,28
-1,11,11,10,10
-1,-1,23,23,23
6,5,6,6,5
13,14,-1,15,16
23,-1,-1,21,22
21,22,21,21,20
5,5,-1,7,6
10,10,11,11,11
6,5,6,5,6
23,23,24,23,22
2,3,4,-1,2
8,8,9,9,9
14,15,16,16,16
22,-1,22,23,23
24,23,23,23,22
2,1,1,0,0
20,-1,20,19,20
24,23,23,22,22
12,12,12,13,14
23,23,22,21,22
23,23,24,23,23
19,20,-1,-1,-1
18,19,18,17,16
22,23,23,23,23
8,9,9,9,9
13,12,12,12,12
-1,12,13,12,13
26,25,-1,25,25
-1,12,11,-1,11
16,16,17,17,18
18,19,20,19,19
14,15,15,14,14
3,-1,5,6,-1
15,14,14,14,14
17,17,17,17,16
0,-1,1,0,0
-1,15,15,15,15
-1,22,21,21,21
24,24,23,-1,23
11,10,10,10,10
12,13,14,15,16
18,19,20,19,20
28,27,28,28,28
25,25,25,25,25
26,25,25,-1,26
18,19,20,19,-1
-1,-1,12,11,12
5,6,5,6,5
3,4,-1,5,5
25,-1,-1,25,-1
20,19,-1,20,-1
20,20,20,19,-1
13,14,15,16,15
0,-1,-1,0,0
21,22,21,20,20
26,25,-1,26,25
27,28,-1,28,28
-1,-1,5,6,7
1,1,1,2,3
27,27,26,26,-1
12,12,12,13,14
29,29,28,28,28
7,7,7,7,7
3,4,5,6,6
-1,25,26,26,25
13,12,-1,12,12
21,21,22,21,22
5,6,7,6,6
29,29,28,28,27
1,1,2,3,4
28,28,28,28,28
24,23,22,21,20
0,0,-1,0,0
5,6,5,-1,5
5,6,6,6,6
21,22,21,21,22
25,-1,26,26,25
20,20,19,19,20
17,17,-1,17,17
24,24,23,22,-1
18,19,19,20,19
10,10,10,10,11
-1,23,23,23,23
25,-1,25,25,26
29,28,27,28,28
-1,28,28,28,28
4,4,5,6,5
5,6,5,-1,6
28,27,28,28,28
11,11,12,11,12
4,3,3,4,3
19,19,20,-1,20
16,16,15,15,14
-1,7,-1,9,10
29,28,27,-1,26
26,26,-1,26,25
14,14,14,15,15
14,14,14,14,14
27,27,26,25,24
14,14,-1,14,15
3,2,1,1,0
3,-1,4,5,5
6,5,-1,6,5
14,15,14,15,-1
25,26,25,24,23
15,-1,-1,16,17
17,17,17,-1,18
18,19,20,20,20
20,19,20,-1,20
6,6,6,5,6
26,26,25,25,25
11,11,12,12,12
2,2,3,4,-1
21,21,22,22,21
0,1,0,1,0
-1,3,4,-1,6
21,21,22,-1,-1
18,19,18,19,20
8,9,9,8,9
28,28,28,27,-1
29,28,28,28,-1
14,-1,15,15,16
5,4,-1,3,4
25,25,25,25,-1
22,-1,23,22,22
3,2,-1,4,4
2,1,0,0,1
4,4,5,5,-1
8,9,9,-1,10
19,20,19,-1,-1
7,8,9,10,-1
5,5,-1,5,6
8,9,10,9,10
16,17,17,18,19
16,16,16,16,15
21,21,-1,21,21
8,9,9,10,10
1,0,1,0,0
24,24,24,24,24
21,21,20,19,20
-1,16,16,16,-1
3,3,3,-1,3
3,3,4,5,4
29,28,-1,28,28
24,-1,24,-1,23
27,28,-1,27,26
20,19,19,20,20
6,5,6,-1,7
10,10,9,9,10
9,9,9,9,-1
7,8,-1,9,9
20,19,19,-1,20
27,27,28,28,28
17,17,17,18,-1
16,-1,16,16,16
-1,3,3,4,3
0,1,1,1,1
15,14,15,15,15
-1,4,3,2,1
-1,6,7,-1,6
11,11,11,12,12
19,20,19,20,19
12,11,11,11,12
14,14,15,14,15
-1,-1,22,-1,-1
24,24,-1,23,23
2,2,1,2,1
14,15,15,15,-1
14,15,14,14,15
28,28,28,27,28
3,4,4,-1,-1
28,-1,28,27,28
-1,9,10,10,9
6,6,5,5,6
21,22,23,23,23
27,27,28,27,28
9,10,10,9,8
4,-1,3,4,3
9,9,9,9,9
1,0,-1,2,3
28,28,28,28,28
5,6,6,5,6
21,22,-1,21,22
13,14,15,15,16
5,6,5,6,7
27,28,28,28,28
8,9,8,8,9
7,8,9,10,10
-1,10,10,10,-1
15,15,14,14,14
19,20,-1,20,20
26,25,25,25,25
10,11,12,12,11
22,22,23,24,24
1,2,1,1,0
12,-1,11,-1,12
14,14,-1,16,16
28,28,28,28,27
-1,8,-1,10,10
-1,26,26,25,-1
6,5,5,6,5
2,3,4,3,2
7,6,6,5,-1
12,12,12,12,12
11,11,12,12,-1
1,0,1,-1,1
0,1,1,1,1
-1,26,25,-1,24
19,19,20,20,19
1,-1,0,-1,0
2,1,1,1,-1
10,9,8,9,9
-1,1,0,1,-1
11,12,11,12,11
5,6,6,6,-1
15,14,-1,15,16
15,15,15,15,15
7,8,9,-1,-1
14,-1,14,15,14
28,27,28,28,28
6,5,5,-1,5
12,12,13,-1,14
23,22,21,22,21
15,14,14,14,15
17,18,17,-1,17
27,28,28,28,28
21,-1,19,-1,19
21,20,19,20,20
6,5,6,-1,6
12,12,12,-1,12
2,1,0,1,1
-1,3,4,5,6
28,28,28,-1,-1
9,9,-1,9,9
-1,4,4,5,4
20,20,19,20,20
20,19,20,19,20
6,5,6,7,8
27,28,28,27,28
6,5,6,5,6
20,20,20,20,19
25,25,26,25,24
24,-1,23,23,23
10,9,9,10,-1
1,2,3,3,3
25,26,25,26,26
24,-1,24,24,24
17,17,17,16,15
23,23,22,23,23
16,-1,16,16,15
6,7,7,7,7
27,28,27,-1,26
-1,9,9,9,9
-1,26,-1,25,26
22,21,21,-1,21
3,3,3,2,1
23,22,23,22,-1
24,23,22,23,23
18,19,20,20,20
22,21,20,19,20
10,10,-1,10,10
24,23,23,23,23
17,17,17,18,19
19,20,-1,19,20
10,9,9,10,11
16,16,16,16,15
4,3,4,5,4
26,25,24,24,23
9,10,10,10,9
3,4,5,6,6
27,28,27,27,28
20,19,20,20,-1
19,18,17,17,17
16,16,16,-1,16
26,27,28,28,27
-1,7,7,7,6
12,12,13,12,11
7,-1,8,9,10
4,4,-1,4,5
2,-1,1,2,3
26,26,25,25,25
17,18,17,17,17
1,1,-1,2,1
-1,9,-1,-1,9
-1,25,25,26,25
16,15,16,16,-1
24,24,23,23,24
2,1,1,2,3
22,21,-1,21,22
5,6,6,5,6
-1,25,25,-1,26
6,5,6,6,5
12,11,11,12,12
29,28,27,27,28
-1,2,3,4,4
7,7,7,7,7
-1,-1,26,25,-1
23,23,22,21,-1
7,7,7,7,-1
26,25,26,25,-1
6,7,-1,-1,9
25,25,25,26,25
-1,4,-1,5,4
22,21,21,22,22
9,9,10,10,11
11,11,12,11,-1
0,1,0,1,0
26,-1,25,26,25
9,10,11,12,12
3,4,5,5,6
-1,-1,21,-1,21
-1,22,23,22,21
2,2,3,3,4
10,11,-1,11,11
23,23,23,23,23
-1,-1,26,25,26
21,22,-1,22,21
20,19,20,19,20
19,-1,20,19,18
25,25,-1,25,25
20,20,20,19,20
10,10,11,-1,12
9,9,10,10,9
28,27,28,28,28
-1,7,7,7,-1
19,20,19,20,20
14,14,-1,15,-1
22,21,22,23,22
0,-1,1,2,2
10,9,-1,-1,9
24,24,25,25,26
14,15,15,14,15
15,14,-1,-1,14
23,23,22,21,21
28,28,28,28,28
24,-1,23,-1,23
-1,13,14,14,13
22,22,21,22,22
10,10,-1,10,10
18,17,17,16,15
-1,25,26,25,-1
23,22,23,22,-1
23,23,22,-1,23
25,26,25,-1,26
8,9,9,9,9
25,26,26,25,25
17,17,18,19,19
-1,24,23,23,-1
3,4,5,6,5
-1,20,20,-1,-1
9,9,9,-1,10
17,17,16,16,15
4,3,3,2,3
4,5,5,5,6
1,-1,0,1,1
16,15,16,15,15
18,19,-1,-1,19
25,25,25,24,23
-1,8,9,9,10
-1,9,9,9,10
7,-1,6,7,7
7,7,7,7,7
11,-1,11,11,12
18,19,19,20,20
6,5,6,5,5
29,28,-1,-1,28
16,-1,17,16,17
21,-1,22,21,21
28,27,28,27,-1
21,22,21,22,23
-1,9,10,-1,9
13,12,13,12,12
8,9,10,10,9
25,25,-1,26,26
24,24,23,22,23
26,25,26,25,-1
7,8,9,-1,10
7,7,8,9,9
15,15,15,14,14
20,20,20,19,-1
24,24,-1,23,-1
18,19,20,-1,20
12,12,12,11,11
18,17,17,17,17
0,0,0,0,0
18,19,20,20,-1
3,4,4,-1,6
18,-1,19,19,-1
7,-1,8,9,9
26,25,26,25,25
13,14,14,14,15
-1,13,12,12,11
22,-1,23,22,-1
22,23,23,22,21
9,-1,9,9,9
20,20,19,19,19
5,4,3,4,3
18,-1,18,19,-1
2,-1,-1,1,-1
-1,-1,16,-1,16
12,-1,14,14,15
22,21,22,21,22
9,10,11,11,-1
13,14,13,14,14
24,23,23,23,22
13,14,15,15,16
24,23,23,23,-1
-1,16,15,14,-1
27,28,28,27,-1
5,5,5,5,6
22,21,21,22,21
28,28,28,28,28
27,26,-1,25,25
-1,4,3,-1,4
4,-1,5,4,3
20,20,19,20,19
5,6,5,5,5
23,22,22,22,21
28,27,26,25,26
1,2,1,1,-1
1,1,1,1,-1
8,8,9,10,10
19,19,18,19,20
-1,1,2,1,0
7,7,6,6,6
0,1,0,0,0
18,-1,20,20,19
9,-1,9,9,9
-1,13,14,14,15
10,10,9,9,8
11,12,11,11,12
21,22,23,-1,21
20,-1,20,19,18
12,13,12,12,13
25,25,25,26,26
19,19,-1,-1,19
4,4,-1,3,-1
17,17,17,16,16
7,-1,9,8,-1
-1,-1,13,12,13
18,19,19,20,19
10,10,11,11,10
-1,-1,9,9,9
-1,1,-1,1,2
21,22,-1,22,21
9,9,9,-1,9
12,11,11,-1,11
26,26,25,26,27
19,20,20,-1,20
28,28,28,28,27
23,23,-1,-1,24
17,17,17,18,17
1,0,1,1,0
-1,1,1,2,2
4,5,6,6,5
-1,28,-1,-1,-1
20,20,19,19,20
16,17,-1,19,18
-1,0,-1,1,1
14,14,14,15,15
11,11,-1,13,13
15,15,15,16,16
-1,1,0,1,-1
23,22,-1,22,23
21,22,21,22,23
18,-1,20,20,19
5,-1,-1,7,8
2,1,1,1,2
18,19,20,20,20
14,14,15,-1,15
-1,22,21,22,23
26,25,25,25,25
7,7,6,5,6
0,0,0,1,1
-1,14,13,14,15
3,2,1,2,2
19,20,20,20,19
19,20,-1,19,20
16,16,17,17,16
20,-1,18,-1,20
7,7,8,-1,7
13,12,12,13,12
11,12,12,12,12
13,14,15,15,16
20,20,19,19,20
-1,-1,19,20,20
16,16,16,15,15
19,20,-1,19,20
6,5,5,6,6
7,-1,7,8,-1
19,18,19,18,19
26,-1,25,25,25
3,4,5,6,6
26,25,26,25,-1
17,-1,17,-1,-1
29,29,28,27,28
18,17,17,18,19
6,6,-1,6,5
-1,22,21,22,22
16,-1,16,16,16
-1,25,25,25,25
21,21,-1,21,20
5,6,7,8,9
5,5,6,6,5
11,12,13,-1,12
-1,-1,7,8,9
1,2,1,1,2
14,14,14,14,15
20,20,19,20,19
29,-1,28,28,27
5,6,5,-1,-1
16,-1,17,-1,19
5,5,6,-1,5
16,16,17,18,-1
20,20,20,20,20
3,2,3,4,5
-1,28,28,28,28
28,28,-1,26,26
21,22,22,23,23
5,5,6,7,6
10,10,9,10,-1
7,7,7,6,5
-1,5,5,6,6
-1,1,1,1,0
18,19,-1,19,20
-1,12,11,11,12
14,15,15,15,16
17,16,16,15,15
15,-1,15,15,15
13,14,15,15,16
22,21,-1,21,21
22,21,22,21,22
-1,2,3,3,2
9,9,9,9,9
16,15,15,15,-1
-1,17,18,19,19
17,18,18,17,16
11,11,11,12,12
10,10,10,10,9
28,-1,28,28,28
1,1,1,1,2
27,27,-1,25,26
3,4,3,4,5
29,28,28,28,28
15,15,14,14,14
0,1,0,1,0
4,3,4,5,-1
13,12,-1,13,12
12,11,11,11,12
10,-1,9,9,9
4,4,5,6,-1
6,7,7,7,7
19,20,19,19,19
0,0,0,0,0
27,28,27,27,28
24,23,22,-1,22
18,19,20,20,19
17,16,16,15,16
6,5,4,3,2
4,-1,-1,4,5
7,-1,9,-1,9
5,-1,6,5,6
15,-1,14,14,15
14,14,14,15,15
26,25,25,25,25
17,17,17,17,-1
9,9,9,10,10
14,15,15,14,15
6,5,6,5,6
17,16,16,15,16
21,22,22,23,23
25,25,-1,-1,22
23,-1,21,22,22
22,21,-1,21,22
21,22,21,21,22
18,19,20,19,20
17,17,18,19,19
8,-1,8,-1,9
22,22,-1,21,21
11,11,11,-1,10
-1,9,10,10,9
18,17,16,16,16
21,22,23,23,23
19,20,20,20,20
21,22,21,21,21
-1,-1,7,7,6
15,16,16,16,15
15,15,16,15,-1
-1,18,-1,20,19
24,-1,-1,-1,23
18,17,17,17,17
-1,13,14,15,15
9,9,9,10,-1
2,3,4,5,5
25,25,-1,25,25
19,20,20,19,20
11,11,11,12,12
1,1,1,0,1
4,5,5,6,5
0,1,1,-1,0
17,17,-1,17,17
4,3,4,5,5
18,19,-1,20,-1
18,-1,20,19,20
26,25,26,26,26
29,28,28,-1,28
22,23,24,23,22
-1,10,10,10,10
15,-1,15,14,15
22,-1,-1,21,22
13,12,12,12,12
28,-1,28,28,-1
3,2,3,-1,1
-1,-1,25,25,26
29,29,28,28,28
3,4,5,6,5
1,2,-1,1,1
1,-1,1,2,-1
16,16,16,16,16
