0,1,2,3,4,5,6,7,8,9,10,11,12,13,14,15,16,17,18,19,20,21,22,23,24,25,26,27,28,29,30,31,32,33,34,35,36,37,38,39
0.09115190149577437,0.4777716237531168,0.11186154361782505,0.06654503698537642,0.03186669675091032,0.0038583266702843324,4.109966024458076e-05,0.0007728577847491426,0.004225923705460032,0.004549822081166571,0.003774801816539895,0.0018779091292991756,0.012356177192030526,0.0071769084646435945,0.0007248011806252136,0.007409458381684721,0.015303592748713572,0.002340575546521596,0.0037550124575495966,0.0024338562844139727,0.005243933996561208,0.003186346123112083,0.0008798998545761284,0.00021920671002985184,0.0036075088078484792,0.009069624292343943,0.0018531790447490306,0.00501414190576865,0.015102647121081536,0.00944399419567116,0.016111963409850362,0.0007158915303467836,0.007455378693096335,0.025970906461105146,0.012356673879055969,0.007325574909504406,0.0069563358034851605,0.0038677856165134916,0.009693762517650445,0.006127319420720096
0.08443876120583774,0.547507175147093,0.14167963779441897,0.1091231988390655,0.0221545123603311,0.0068336813883159335,0.0009344780012584885,0.001990530235128968,0.0037464008206612278,0.002903286457517099,0.013874256470712084,0.003930382439201322,0.001793843364203552,0.00030742095399771707,8.245625901643127e-05,0.0036563255022812823,0.0013217106344493705,0.0038402458793071904,0.003051615756619762,0.0011266395654759463,0.0007064547142788157,0.002852823157691597,0.002697785073851916,0.0006935100779701007,0.004292415478299812,0.000575835991320096,0.0021967824873956017,0.0009127171869664364,0.0051051129830775865,0.0018718815090233998,0.00029846099053623866,0.002096170065246019,0.00040614847014552966,0.004122620845756632,0.002992345047297523,0.0021771594241552185,0.0005029650589689777,0.005920883655278974,0.00426449298187217,0.0010168757259742302
0.04167234080642998,0.36393377921749853,0.15703846444397035,0.16533437593856665,0.03187871432110902,0.050567982841106106,0.028753351088928753,0.016658907420898053,0.00953862060094572,0.004944067828304307,0.00040078730834683634,0.003172882518640824,0.0026520674653012547,0.010548650953076768,0.0012479330460405218,0.006036332231120141,0.001918521427189489,0.0015481156229159466,0.008723053159289075,0.0067876283424161705,0.012313131327976958,0.004004068964969155,0.001418649620058674,0.0007386779048343315,0.004075377445384814,0.0035468211330842033,0.003566952875253796,0.0002621674851955059,0.014549392651820819,0.0020681739359860465,0.004353242821459208,0.004938298646081724,0.0017283263977148733,0.0034773412182854636,0.0032932935629863963,0.0010413877685772665,0.0053698387781286605,0.0013997760682010003,0.00489745843858514,0.009601046373321421
0.009575911288280758,0.14811713982692534,0.05454046550776381,0.244061716581585,0.1886480458751597,0.15245443200800984,0.07398065090240158,0.05471344349610233,0.003240202521458422,0.0030529315681848915,0.001072504011748737,0.0032080254705580736,0.0010021868335698598,0.0015895302960481981,0.0001695072833023907,0.0023158644789231147,0.0012275960248414068,0.003439237986838104,0.001933872069948529,0.0014596752761422123,0.00037827618203450594,0.00033044883832089,0.0025803668326062536,0.0004935135802709302,0.0029633201123673313,0.00011066820068843179,0.0016941236196813415,0.0015126228454392034,0.007562451691837439,0.0060039593507958565,8.149278773210052e-05,0.009828138111253463,0.0013911328993416784,0.00031184101042294916,0.003320209936870774,0.001128014045885735,0.0022410365819458744,0.005192491458024002,0.0010271337105863013,0.002045818896102472
0.0031801954257374356,0.016311417710140524,0.03046719351350183,0.1941278218603782,0.12931363576582644,0.24251889519953795,0.1353826615828137,0.14985460186886365,0.010698508383182634,0.0064649204721555715,0.0013548648744307324,0.0017536208262834824,0.006214505085072994,2.038659328425275e-06,0.00018271046902447384,0.0005550355152747845,0.0030885861007620714,0.004201713059083725,0.0015676054969652707,0.00368797474640452,0.0032843723354592904,0.008488735806799439,0.0019296535381400966,0.0017898838070651755,0.00697039792682157,0.005608789869653267,0.001259300195273398,0.0014378487465343181,0.0023947605511505975,0.0007358835077416347,9.502817312973542e-06,0.00027400405705767364,0.006832393799363938,0.0003887026182873444,1.374928526356528e-05,0.0016077599150854881,0.0001224607896538079,0.013884530853644226,0.0017043826185248283,0.000334380346399049
0.003915553232170898,0.029386800548696457,0.015159736856447104,0.1288608296736916,0.11522842845318743,0.20473296865374868,0.1653260560596647,0.21609931000535648,0.009145544491302435,0.012346183100692007,0.010647860476038442,0.0015793330123216487,0.0016082792464822142,0.006057156154556612,0.0039053397432135617,0.005167649995962155,0.0011927928374804257,0.0015188747746419954,0.004917348658213235,0.005411972873076113,0.006569056039385927,0.00029713504863214114,0.0074015377667723,0.0009566645792213873,0.000519436774871222,0.0026534185622498646,0.0014313335651341638,0.003956067805755378,0.0019112369658089378,0.003926697745577259,0.0005688137597587865,0.014088696632828846,0.0003872400621367681,0.0004979991053520072,0.00036439979565749714,0.001005652961010249,0.00039447687954707693,0.0014485479407515696,0.004615951971947951,0.004797617190656631
4.9986657267144226e-05,0.01359057406160123,0.005407275440631039,0.09188081773103988,0.08044804457569933,0.10683864130818022,0.22662712494114864,0.2787232353788928,0.05142060561517049,0.02508454849274045,0.004521691654547721,0.019785781250176052,0.004618999213565328,0.0020789620211635043,0.00830854110353436,0.002712908730925402,0.00027310990789353537,0.005422237752410453,0.00040628521224623257,0.00034962800685255286,0.00020137379922350338,0.003922370987548729,0.00835412783255656,0.00130655803825597,0.0015928312920287509,0.00229932384021998,0.004585927654637988,0.002741395408512612,0.0026698114721445967,0.0005359732966936048,0.008347078866897058,0.003753807564363714,0.007183954110972026,0.009955215080088581,0.002147681524334985,0.0009761927414938339,0.0043186935235892026,0.0004847719681680352,0.0054796338377709275,0.0005942781048130258
0.002921106214039427,0.0015730838418047022,0.0008544126360258501,0.03095271332410921,0.07258615366249778,0.12802748388093133,0.16385215682608614,0.31182695447567715,0.0713120965705,0.0941752369980061,0.05063209671113919,0.012573243719496726,0.0020537688616969934,0.0013904612901289083,0.00026287527353584803,0.003304209175470177,0.0009132628941223455,0.002532668654960603,0.0012767182983544948,0.0012531963088867745,0.0017012414468395318,0.002337260551790112,0.001999188721081788,0.00026415523725099475,0.002003709923544949,0.0031034896629089496,0.000582520356154025,0.0006328403415745812,0.007954889276173245,0.0012184390005907312,0.0016141250261177947,0.0014905060030451552,0.0029202626410574743,0.0030920108937738814,0.0005009511467986796,0.006294478433925713,0.00292395185899105,0.002827281770155012,0.0007212763696680156,0.0015435217210883346
0.0034023341693893146,0.0005288214700667241,1.81065837373455e-05,0.008458487609149854,0.005582610210470623,0.004427801777090316,0.05570100921587301,0.13611557472115343,0.1535681381691952,0.24154188056325757,0.16752272065176965,0.08992090478479293,0.018857476340661608,0.0026916318691032116,0.0029083191736779014,0.001451373454861762,0.0009617643121507347,0.00444553852219906,0.0014329204680788052,0.008263685901062938,0.0015456881431477078,0.0016412879816558247,0.0016151533529886492,0.003435297334766028,0.020320714786507137,0.0012050880152586077,0.00017817475077280365,0.0016768501780854313,0.0103711171824287,0.006454469127085761,0.008731580309396124,0.0005355492395174561,0.0054256249717849715,0.003042881938786883,0.0035045652735779527,0.006316405192305522,0.0004577755365023676,0.007891243764956113,0.004826537787624241,0.003022895165109934
1.5201904020256461e-05,0.010279666344057333,0.012403498204094806,0.0005225626635245958,0.006924247020752685,0.0038958921171453912,0.013718267535743574,0.08779344244862643,0.18132210128289472,0.21152876854311592,0.19182764238396852,0.10210123980242998,0.06729326817035172,0.01720381962474127,0.02194485809840961,0.0029909325102831456,0.0029333429807232767,0.003145141648399365,0.0004473903920688974,0.005152660772841283,0.0029281151378516093,2.0435061404274037e-05,0.006677784584544458,0.004668028767081567,0.0003015326704525879,0.003070812501290733,0.001687749107665474,0.005640513305829876,0.0013097060492751912,0.0009557269142036962,0.0005574223024443945,0.0006306206226235906,0.005047197360410359,0.0018812586502993539,0.01579585448844568,0.0029311931969565755,0.0005859748177773999,0.0013027418488348263,0.0004489353197293076,0.0001144528446865385
0.001167804799010117,0.005761156195123663,0.00859751430479834,0.0004955763368508214,0.0017270221683694349,0.0007417282130671159,0.024862098055568407,0.03748510342085279,0.1022189533499881,0.18940894529882824,0.19506243945308582,0.1501211858925564,0.1590259281484839,0.04239462598226378,0.010853279585741121,0.005108800133890137,0.004167332509263948,0.0036287472683794214,0.0023617229151367313,0.000761789025678852,0.0007610885930183546,0.0012687995183103937,0.004549333807512226,0.0013919229347893953,0.001950116218061058,0.0016864583640018886,0.0002476968405275246,0.0015631452527630019,0.00897373516929268,0.004744291220536764,0.0004611824450420011,0.003923228629088198,7.895373795513087e-06,0.0009229609912441607,0.0011148770224731997,0.0046769893416161515,0.00197192314203357,0.010614730534479247,0.0029204663290981546,0.0002974052153796838
0.0010364118041084642,0.0003728487802680114,0.0022050921664342285,0.004551212833177842,0.002260666416361038,0.0043181369712308355,0.007113234367989875,0.017947176296704996,0.06659276587133012,0.10201935645683374,0.13165395770297275,0.26223344768657075,0.2384157954515773,0.05024467175906604,0.025904096847228796,0.006156511755688536,0.008842386987584962,0.0008773418138238352,0.0012238761819137048,4.4837060443593616e-05,0.010657245111415185,0.0012881515858050542,0.0016386338158012102,0.001928487976017143,0.0020175988549999543,0.005930194474235778,0.0005786002662827007,0.002285777672275624,0.0013038423718217556,0.0023285184031274623,0.0006283696485325347,0.0004659690803518113,0.0009858467304866936,0.0011951573955502552,0.007222369833838093,0.018132331572194026,0.0014211764323713565,0.0015868041593558007,0.0022096930932324534,0.0021814063109958297
0.0038528451191553524,0.0015940925850375862,0.002211398241239263,0.0038721275152779422,0.0008422055844940273,0.001373960962385507,0.002152999864142041,0.005645292911672432,0.03001477303690349,0.07670201157704198,0.12003244445000366,0.1726763454543987,0.3398746542316817,0.061814532310948106,0.08744794624322383,0.031954364297300177,0.011716334594879679,0.0028126812658664634,0.004911046273653994,0.006537948504373096,0.0012105555452917203,0.000627167883344259,0.00036571446097212576,8.63529376651798e-06,0.002429599414656377,0.0001599231173480577,0.0009820333630677254,0.004441037845863571,0.001067979286095761,0.0005694095342620618,0.0023984341531922827,0.0022928849546996325,0.0030798676863900932,0.0011461898199045736,0.003408609538180427,0.0015742342782942324,0.00014919526861424063,0.002737625902987775,0.00017477446565564733,0.003136123163733939
0.002545476679076582,0.013109422777832731,0.004060810684465624,0.007301720381319744,0.0012361949156794244,0.004188920551001958,0.0009496495499292945,0.0015860453010089614,0.013814871307268613,0.03316185465169066,0.04132610247044273,0.08441054008200465,0.20246842264710244,0.09079112378276412,0.10902500652450554,0.07133101635583888,0.12643738255490267,0.022916657994903625,0.009218328963890984,0.025244666581863237,0.003891745019368918,0.0005523756032712753,0.0038890490136137285,0.007838989446271951,0.00020528830871866893,0.00616633407068254,0.0020057218793820587,0.015377204961164792,0.0016818134906493379,0.012315832967257646,0.005559508888667254,0.007818743354056185,0.0037809469032260993,0.011934831294717627,0.004571325167794277,0.010558306222309431,0.007966649245170985,0.021828711237558057,0.0024429012369644454,0.0044895069316623175
0.0030697065352498325,0.002743487515913451,0.014454201393250033,0.0025478863706887233,0.003214385404604124,0.0005587466078664572,0.005497404126291241,0.011034738950746558,0.0014944604466193999,0.0018452507828714136,0.011516400588048467,0.01961046049393332,0.10381998794277075,0.02636776087748588,0.10160988219603881,0.1850696105550936,0.3444472850425795,0.08395672767725285,0.0026287402662657808,0.011730737900008484,0.0002832956615581456,0.004452205853410958,0.008764200572073985,0.0011308175934594859,0.010696322134394847,0.0002831639817324201,0.0007956211858080078,0.00037646118291462146,0.004743193163365847,0.006889408574730563,0.0018330688498750041,0.00032633559205885347,0.0009456793878497725,8.400759467368872e-05,0.001957032423893057,0.0006049049168324677,0.002117638378139771,0.009191597368013303,0.0066173391004446195,0.0006898448111920971
0.0006079475292713481,0.0007564040274168735,0.0006581042936420948,0.001426076381808507,0.0029452188330550194,0.007138629880293133,7.31809347880912e-05,0.003619715378362023,0.013531780379521088,0.0014835119564632281,0.0005282528755740325,0.0110735262379048,0.04138287229155891,0.050420082375436215,0.09867033514742056,0.24668027399189202,0.36922212774738294,0.019132692540450354,0.02101395183804014,0.024816770672225236,0.015413688102231711,0.002751104454775159,0.0018045934218067486,0.000729967655090471,0.00957798942306097,0.0033308211081815617,0.004638602465894257,0.007348946438724954,0.0003990568606441161,0.00116523151486044,0.002981596386272152,0.009343131631552235,0.0018510844573032099,0.00022735930968784625,0.005937061029739284,0.004417684085305349,0.0025221144619526834,0.004362672765803686,0.001103176359678787,0.0049126627549284495
0.0034772809351110248,0.003576717428461077,0.0022259103424335023,0.004464173187256139,0.000567488945080069,0.0009566435435515178,0.003790479393857589,0.001154162440525221,0.001322853872601256,0.001787503380287395,0.000697608827279739,0.013473687083928822,0.0026217966250501636,0.010035623268466016,0.13876773849508262,0.20335115873922865,0.37267268994189656,0.07141461478810107,0.0664230552347808,0.0385952686994401,0.02190092955908181,0.0003212285733719787,0.000770687274774688,0.0011692328191324577,0.007221068872059222,0.0001618175830224532,0.003841112709851954,0.0036738687908333695,0.0015168530719060426,0.00027009523084858816,0.003118539118794265,0.00021659853128642236,0.002995542331422443,0.00041080155761322553,0.0011998027914312725,0.0027436979041400482,0.004475966540510539,0.00034951857687866576,0.0015974738077233794,0.00066870918289746
0.0006152478289349537,0.0062035576863336385,0.008621615243661758,0.008782748707673494,0.002339513568837708,0.007197738701610676,0.0035674095281918415,0.005761820266771473,0.005320890708733326,0.01037752328258565,0.006460972459825953,0.006140665096006803,0.0027813699147140204,0.005481140673165257,0.03189063850768196,0.0855920110174622,0.2682126327927176,0.10792661365810123,0.055583869663647964,0.1677962496626422,0.10118695234905893,0.012242412437358999,0.008002739446181354,0.0008913901165959097,0.01341898621139862,0.0016590127480145388,0.0012001223905881036,0.016327715827862986,0.005489504391065925,0.0033428991315279173,0.00503170035567607,0.0035523075622132983,0.005360984322196617,0.00065817737992162,0.006497470017663496,0.0060478275873879495,0.00018715410850668953,0.0038682738449067845,0.007370572620551916,0.0010095681820225639
0.0070633862096468,0.0046156483907047905,0.0017657916249588512,0.004961589278094574,1.970846805094054e-05,0.0019508381123973116,0.0005713017291959508,0.013901076212502212,0.00207522708981904,0.0036989648017119923,0.0078331726972533,0.01514277186792292,0.004480736712775235,0.00848509403002336,0.005152325651144407,0.03821199532320812,0.11712856855570604,0.0854458549375381,0.15880570402749386,0.2835034079183688,0.10494382212708368,0.008624066574476449,0.029336992268352905,0.0006481660296329516,0.005687740767772258,0.00406415171165581,0.0037884122779921784,0.0032194149457141974,0.02079729878104903,0.002196022362171742,0.008615874159293156,0.004578526704299253,0.006233803800248393,0.002767991639196993,0.00423753240098519,0.0030120697943412473,0.00024942675300252125,0.015078797448928651,0.006315042783586812,0.0007916830316998819
0.003695754582425745,0.003618758776510545,0.001748939730608422,0.0018848227232961302,0.00014426553377163432,0.002049484529532961,0.0007902277942293154,0.0013105223865266442,0.0011928853201921884,0.0015575993730469026,0.0003843628288151012,0.0019512105178089568,6.099440149223767e-05,0.002578864488293995,0.005864713313594771,0.00629749333506845,0.05829372106189419,0.031290655803392395,0.08136036556771702,0.38629375397675936,0.27588321348992806,0.05203636091073985,0.026306754117478317,0.00902930059499283,0.015577615183330524,0.0017461221833426585,0.004060440839800889,0.000326253070727008,0.0006453887254581916,0.0009292730199030725,0.00042193083129298935,0.0007921592115779092,0.005790450926190055,0.0002372920008938019,5.608875097697783e-05,0.006769479615145537,0.001020086719362383,0.002181231794087391,0.0036149774122102843,0.0002061845575842028
0.0018094666333578048,0.0005266684939188055,0.004007967225442214,0.0023361486791992556,0.0005970224998933119,0.0009506613280424591,0.0015715137365391767,0.0005167071660644685,9.694587672952272e-06,5.706179210212861e-06,0.0011973377470023028,0.0007251052554845263,0.004586778608777417,0.002177538782557218,0.0002762955402762059,0.009290130233069013,0.011538171732608371,0.02379248017706518,0.06295289564132966,0.3406490860788153,0.34021516232743676,0.10663946587967216,0.02540330081720887,0.014493630145781701,0.014154923022386145,0.009143416334908954,0.0005830362965336685,0.002418453443445973,0.000640441110245387,0.0024954663287949145,0.0016962872618237737,0.0024883962772884764,0.002018126932071488,0.0036258796649319474,0.00011071802843745822,0.00013076468429258585,0.0012124538041622592,0.0006880263920309599,0.0004533765109493838,0.0018712984112713648
0.001829187681952934,0.0005196879839367302,0.001142936708710814,0.006027520556635233,0.003947382150504082,0.005462399830581282,0.003531769924803909,0.0017425385776367497,0.0014905386670101615,0.00022521003477918818,0.003968467137435415,0.00028691804271403526,0.006283359912705681,0.004877287006248313,0.0034135073456659664,0.0012211286785419803,0.003964057847599522,0.004912050364229027,0.0017129952482814504,0.10280515052148995,0.16244224328351992,0.2281440406490335,0.1776868088975654,0.10124369554888546,0.1032557580752114,0.03127392007385747,0.003027642164142852,0.0027709292867256208,0.005350198002174598,0.0029103693919289024,0.0005196196409581119,0.0029960292748455967,0.0031039689222193104,0.0009490641138895401,0.0007666190344581012,0.0005684632464431356,0.004014158360966684,0.0019641706092861934,0.0020929426175678176,0.005555264584857952
0.0035021477269699675,0.0025834755450417552,0.007853349490038483,0.00038878168220367977,0.0017186623120060516,0.0025907176111504325,0.005088260390342849,0.0012996416834435598,0.0018698374893284984,0.0018838207775739779,0.0012920137635217743,0.0043813151387199715,0.001040226223365028,0.0018501706572109976,0.0012835758660824292,0.0003252388284757621,0.002340481729995901,0.0043329631613616484,0.003186646796947497,0.08209732006850808,0.03710025301661852,0.2614019920895861,0.1997317310836257,0.16144358740623832,0.09112078844073426,0.06484945553032738,0.0057189486019049735,0.015361203080893483,0.0029003746683527493,0.0010463728912567234,0.004053545399844236,0.0037294847684131243,0.002102512110234723,0.003273066490928112,0.0009769876100293219,0.0009226499208225186,0.0007075661117122098,0.0025940619769191167,0.00692761938730519,0.00312915247196498
0.00027927330747653855,0.0011342528356355888,0.010739036757823523,0.005532522821632178,0.009046277302245507,0.0037263305294125766,0.0002543079616849901,0.005138702652623465,0.00016638028686927168,0.003181935273071928,0.01988882212962065,0.0001671056571456624,0.000768946204387684,0.01227595408243652,0.0028369229776295237,0.01695845360571307,0.0004286636059049603,0.0040754460604481785,0.0016930074405883966,0.04309893488903762,0.047125931588451304,0.18914942309867072,0.1663313516992459,0.13966228837246622,0.15908410505845838,0.07718702265983741,0.00788332626718117,0.006588796411552558,0.01168431535558049,0.012870717561443007,0.006617947397331904,0.004560239871626057,0.00018271482792385125,0.0007492464154256496,0.00718067804868611,0.0073787372190414775,0.011801737338129968,0.0017809104964039402,0.00022813520668786834,0.0005610987244681005
0.005840654925550136,2.2669067093561714e-05,0.003195643009537149,0.0005560743806893425,0.00023957355713617523,0.007336329129263147,0.0019483322880732323,0.0013645370747256403,0.0026953352401242053,0.00017442933816347965,0.0008813425137417265,0.0018549232325371185,0.002844888914281757,0.0013079689012040587,0.00019798176299451166,0.0026721335731101584,0.005192061632183396,0.0071283626094523905,0.00745267104805574,0.0063911962104210495,0.03999956186870095,0.1573970310047349,0.21021637190186185,0.09970165921073994,0.1623217372643756,0.16521011010213588,0.029838007682711058,0.04098303490448922,0.005682720363358153,0.007673781723454789,0.002240057253948918,0.00047759808180797324,0.002954973326327912,0.002804819562221238,0.002365307247321183,0.0010405816794872192,0.002888993705626386,0.0022836329074718514,0.00045841110909679685,0.004164500691790215
0.0004927621387901612,0.0017723536278828748,0.004035153028405207,0.0024104760874657113,0.00427407224391842,0.001665853323467002,0.0005626973494511891,0.0006696508025848269,0.0005248179612012257,0.0015094016605539124,2.354899383890778e-05,0.002378326841702062,0.0015460042724456287,0.0006846905551699142,0.0002416170364259617,0.0007564711437582981,0.0006434024415244935,0.00224151690967278,0.0008987770670062232,0.0018103948039846446,0.010593337208811273,0.013978508368180244,0.056281244052578346,0.03421321266275728,0.13629811933172584,0.3793737273674644,0.16516570776913245,0.14743577761561677,0.005849538454264036,0.0012487620051390065,0.00036996711481583763,0.0024693438662183203,0.0024709331055045463,0.0074954371482934025,0.0014681675553830857,0.00022441974893179267,0.0005285899962715171,0.0024598193226929156,0.001751916388881788,0.001181482628087749
0.001941142134895153,0.006965750434243993,0.00817176172745586,0.005124216992060715,0.0001781180173470583,0.001381806506968263,7.918729823470583e-06,0.005001141382904037,0.0022881031063425833,0.004596735137685195,0.0064818653196895065,0.00639905106542397,0.0053680684755249685,6.223004018783969e-05,0.0003230074334558752,0.0022291122807616822,0.0025839199589496606,0.0052297758173762785,0.0052639019514220745,0.0011912054172004817,4.553205013001273e-05,0.004667878583606174,0.00945184874134124,0.02658624629662101,0.08481619259312448,0.24579916958386988,0.16666862313945685,0.2183852793437229,0.09155985088716727,0.03137539257937812,0.0058057062855597814,0.009366299275151854,0.005051273639079598,0.005706820355307166,0.006867432230589097,0.005672713964636549,0.0001341970908817618,0.0001531490394791685,0.0007665396388152654,0.010331022752363151
0.0003245095566354515,0.0027057344082622977,0.001464339721187035,0.001599982332084272,0.0067321595881129,0.0025835011091745663,0.003679543115122364,0.000323127407421582,0.004471264279783403,0.001922598773469866,0.000883016286088036,0.0018999419632160668,0.0005341079300026648,0.00211095447956075,0.0036890223161185134,0.0019270469690506966,0.0019414952621871666,0.0003893753389904566,0.0011197815829493655,0.0041584606225909355,0.006243388813763206,0.0041307887254406015,0.008639067513644981,0.00038341665756455736,0.02713032699712122,0.20011867458344296,0.1326521405355802,0.2872914233375947,0.12090969831654401,0.0958861217529844,0.027760782263735823,0.025485648318393315,0.00481395049806519,0.0043058828967425175,2.5124518996290563e-05,0.0019546884217236916,8.970908596468804e-05,0.003095271818041614,0.00441827857145053,0.000205653331196712
0.00303311524014068,0.00655831754004409,0.006399397069113183,0.0007730510236684854,0.0006228867432790762,0.0024535142629726497,0.0036279519807161766,0.0006908826100005741,0.0013009912985358653,0.0010891701238197448,0.0004627247441758564,0.004356492331874125,0.0036586644380443463,0.008789130281638278,0.002701433379584731,0.0013007546211032178,0.0027457735977629814,1.0458340466892105e-05,9.284410306556487e-06,0.0069675438215204295,0.00014294800065996004,0.002384888269739458,0.00034945694996811805,0.004928701368487571,0.004394924719979031,0.01075416813281738,0.0799418109520385,0.27524981773588675,0.23206253085817546,0.149800927623423,0.06270557392271651,0.07919650285410551,0.014256328570598399,0.00919565673553263,0.0003400977419793803,0.004490240834033736,0.0024866787392980156,0.0019397234192371207,0.0017310893923391099,0.006096395320216262
0.0024337435464317067,0.0050454028508484195,0.0017605623423964528,0.0013564384642056734,0.002520355292526735,0.005977109794867017,0.0009652831149341916,0.004714791441615411,0.001041740122381169,0.00046239557802641384,0.0040305131299191305,0.0025641746038785555,0.0007514745177728708,0.007848321482898813,0.0003487201739235328,0.0027273643633389574,0.0003035733467814857,0.0023484255452070456,0.0048978668524063025,0.01263159386556803,0.0006355475501745962,0.005708048145533978,0.0033779610950202426,0.0033856476142244078,0.0015231359918706966,6.5424273896242e-05,0.049685246135192894,0.10121629195188246,0.18038770991850814,0.29541680937827597,0.027636047885028905,0.2062609264529987,0.013219353709259194,0.02830408607106811,0.003832928945944948,0.0017797596291117886,0.0023156839929197874,0.0005915108571576657,0.0014501722533439628,0.00847785771865939
0.017837006451156153,0.0019822551423963326,0.02100038660707029,0.010509115827425653,0.008712140607087382,0.0015258001012111273,0.0013987082425760185,0.007566155944737998,0.019639775926237602,0.008216790039446458,0.006795329491956545,0.0028125044127166854,0.008477547912324966,0.00039394268745668445,0.0004496457119915154,0.004997587624695467,0.002228950621159353,0.01487349840215364,0.006174190701371961,0.011907042352786383,0.007851970249419712,0.0054836196601646585,0.013336781884712665,0.011159923769990502,0.038297147143818495,0.0022664744080208746,0.022453261152405785,0.03647137665265279,0.1229342209060611,0.059825044357356354,0.021113692393253145,0.3080728211861246,0.07006939915075967,0.06423199420428011,0.0340432078258772,0.006748202367643816,0.0004781527951648999,0.009222755348415348,0.004410779111158647,0.004030800624761588
0.0005471144761774897,0.0017325510996967456,0.0004737075940560655,0.0030372673049256964,0.0027844948040753833,0.0019051036653672253,0.002914344685562076,9.13333965831012e-05,0.0002451321173299019,0.00020793397250811187,0.00043307980958121354,0.0005161765544381947,0.0015853955291991193,0.0067666217233428964,0.0001104040761366388,0.000747716470815682,0.0026328804679510284,0.0010384968171715692,0.0003243155863027703,0.0008215102340201196,0.005451705314814313,0.002569119019670565,0.0006167454464305762,0.0010170663678526002,0.002533730377982633,0.0025405163456970656,6.0329777163706156e-05,0.006819333293611532,0.01673531971477095,0.05148436284641541,0.04109062553464715,0.4795839523332601,0.1456459886764247,0.10942666607431421,0.038481036083155944,0.05569068283392491,0.004958546855757063,0.0004571113683951764,0.004979449160525651,0.0009421321899449956
0.0025932184625932562,0.0009654014879632998,0.0021894424570854643,0.0014878659391355912,0.0022797374585691275,0.010808096033167262,0.008028420811278724,0.0005260402863924156,0.0034074654632313037,0.004019541200313935,0.0015285878468329285,0.0030457268013781226,5.999989581041121e-06,0.0015804386229640822,0.018138836631198446,0.004460180681238932,0.00046767813997688064,0.00032917285587216147,0.0008111582849758254,0.00042352926058626444,0.0014525784641245877,0.015341463893592169,0.0036287580017529348,0.01149797992744703,0.00046570164593412027,0.007038831016946608,0.005824959369198596,0.005138941482637398,0.0016721263773026125,0.00957967256428249,0.009905402193429615,0.3412922320197375,0.10889750929398626,0.21700117184543521,0.07972964202424694,0.09002824812043712,0.011563612818056443,0.003456567453808758,0.0033187829394070783,0.00606927983390158
0.004159541290401046,0.00258691155355316,0.00037832670604763416,0.0020531572728289486,0.0022553870124096976,0.004259345199330224,0.0012640622312622802,0.0030873860094178095,0.010118697877487441,0.00027665588435306365,0.005101543074552513,0.004077755720565556,0.0038003808090471864,0.005088662773867702,0.0010951913432146996,0.004031408699448633,0.0035665182951046454,0.0010533788655093664,1.1309395284167387e-05,0.0015597460294357137,0.0016166691767851204,0.00042131645217675223,0.0032128620507512386,0.0010718761622418521,0.0022121975330227756,0.0005339845718442055,0.0036747641326800528,0.0012516402897668455,0.0008138906620340689,0.0077353205536231226,0.016596885906499975,0.1879674985488758,0.15744161691196032,0.18953247396401127,0.15231767615748787,0.19369240793695058,0.013195087746701096,0.0029084208651093558,0.0013050818673929882,0.0026729624669631523
0.003697333736754778,0.0028178822298868473,0.0005189487596908854,0.0025200142719311626,0.0037645314479695293,0.011733968008173404,0.0030113471832561257,0.004293386172245242,0.005622225898463043,0.006590739621181846,0.001121517573007687,0.0011867018128777376,0.0048349592370523255,0.0011925729853302957,0.00015102364009198863,0.001986682064376737,0.0030026261982540156,0.0029189339752365324,0.0015260371693138495,0.01062798115365342,0.013266604188736994,0.004142110837514695,0.000254818514245502,0.009249261610671591,0.002198380783094154,0.0024050480607783267,0.000927310817464194,0.0022070739972455174,0.007714499260516886,0.00874249242057051,0.001406887762966035,0.11927013087317045,0.13204745931037518,0.22965737350044163,0.11268757700111806,0.21034386004807584,0.025773153238013897,0.017240915028303726,0.0029826093971188684,0.02436302021083049
0.0031555523913598203,0.006275242354678454,8.638137147597154e-05,0.005572522267298977,0.0010378083751913063,0.005722315158424866,0.0056626950897452465,0.012457656293129452,0.0013601605193730014,0.0012823775634110957,0.0071377024554634665,7.330403454995795e-05,0.0003758974442381959,0.003016628298089719,0.0030895517629550583,0.0008756016565991899,0.003877860310214746,0.000992223911940815,0.00047376525061726437,0.002386385717170811,0.0010456272642485514,0.00039297180202980465,0.0008154427641753551,0.0008066894833701183,3.9435400644918016e-05,0.00017295548619658606,0.007703954849157705,0.004704022300838915,0.0006317545431338171,0.0011632584426790346,0.0024956170629584335,0.05848203466862663,0.0642310662343576,0.14130445958570953,0.13122441783508848,0.2731474425750625,0.1034120354234755,0.061509491899580805,0.05612095493915626,0.02568473521358206
0.004872991124336069,0.0035042841479404744,0.0007730298213498987,0.02828785640566754,0.005615489449398516,0.010544220916307382,0.00025582980601604016,0.005316013231930241,0.0056371038613627815,0.01252575733274422,0.004870636495135073,0.00636246694982218,0.0037669997549805026,0.0016009973872461727,0.013058887405963015,0.0032676411819333334,0.0014118715103896384,0.00341039973574177,0.005326335794092275,0.007528924819159098,0.003080279239259955,0.006684409887937265,0.01850369900817306,0.006543167620657633,0.0005360896882802539,0.006871612582583408,0.010631087349967564,0.0018018447276305508,0.005405234417038626,0.013415629990124226,0.0005659126180507295,0.00874670661731681,0.012689407006533805,0.034601438152817125,0.01833485382918242,0.1434247816419643,0.05732909000432628,0.1470019992686593,0.26553130857140894,0.1103637106465715
0.0019202356500359443,0.0010941247482023574,0.001942705198239904,0.0035910470172967578,0.010979607268133235,0.0010931953684171804,0.00574052940690576,0.0006458348242212266,0.0019113093059772344,0.0014020871098265777,0.0013094406288172587,0.011286070530718222,0.0071421707970766996,0.007167371901786063,0.002766495924135402,0.008940063293937841,0.0014679834431138585,0.0025239531510140114,0.004857768667801846,0.011417991431123703,0.002888557098339864,0.004686212871136784,0.00787631157249334,0.0012367306711192781,0.011349957730333362,0.000388534592473975,0.010919815277332332,0.00040061246853002907,0.0018407914615564097,0.0033280197981196895,0.008448647203109385,0.023860462672732348,0.00042772895726845265,0.009634596342662616,0.009882323435729154,0.15867028726874105,0.09461564235311747,0.15998520548136214,0.23361145166390426,0.1667481254131569
0.00033736478915478356,0.003270878298263239,0.013636711661973675,5.220061904120061e-05,0.0006181188567438361,0.0013271326556362033,0.0002883283105786211,0.0036722054828430438,0.004041786539111123,0.006272437149832327,0.007430241429125488,0.0005084833645585618,0.0017504925604309718,0.0021355426693209466,0.0016471477935480529,0.0048025363539770305,0.0003697256341951369,0.0008888133960523152,7.165294345850333e-06,0.0021177853635689393,0.0006273705962663274,0.0006219251109505391,0.0004903360192614826,0.0006776329397105602,0.0006871439923315044,0.002254851877355604,1.6285771022549453e-05,0.0015536448143282462,0.006384644492227475,0.00038478975377413086,0.0025775527755204806,0.004301680214493235,0.0005100032398269571,0.0032489479104643826,0.001433282413984097,0.08132463757968647,0.0519840468177752,0.1323662902369951,0.32466216200158543,0.32871767322013895
0.0035282434375306206,0.004701761614691106,0.00026540321316500837,0.0015221847822713484,0.0007545333140727158,0.0002554445157401885,0.002181744946267667,0.003245329754539811,0.0024657174083671284,0.012717229008908475,0.0001319746768926596,0.0003060065157188512,0.005959923957714796,0.0017669249602223472,1.5650317318646834e-05,0.0011892700038597557,0.00021980414569454444,0.002593730169907946,0.003252501209465833,0.0036942432466406045,0.000883079451550565,0.0025119896549594565,0.0010291657174417682,0.0034585579117320034,0.001829491819804711,0.0014806549330309473,0.002622581604423088,0.0017642030024495377,0.0002855121077837601,0.0061781049277162825,0.0011191996055605568,0.00023964624866140079,0.0007014141499475581,0.00016967937078867236,0.013201407956270833,0.030756804313579383,0.06627748726747984,0.11932065468611233,0.3620926886977369,0.3333100553739804
